item_id,location_id,name,qty,revenue,margin,rating,repeat,wastage,promo_dep,trend,klass
M114,L10,Banoffee Pie,1173,10547.27,0.45394117,4.63,11.0,10.183767228177642,100.0,-8.0,Low Performer
M036,L20,Tandoori Chicken,808,20189.2,0.6434094,4.64,8.0,11.306256860592754,100.0,-4.0,Hidden Opportunity
M139,L08,Coleslaw,631,3025.01,0.4201077,4.73,9.0,13.204951856946353,100.0,-9.0,Low Performer
M103,L15,Tuna Steak,1617,22180.54,0.64423954,3.49,17.0,9.765625,100.0,-6.0,Profit Driver
M150,L10,Pickle Plate,861,6177.53,0.2808194,4.73,8.0,10.961737331954497,100.0,-6.0,Low Performer
M111,L07,Creme Brulee,825,5416.82,0.5232904,4.31,8.0,28.135888501742162,100.0,-7.0,Low Performer
M026,L09,Duck Confit,1333,23623.8,0.33755702,4.39,12.0,10.536912751677853,100.0,-5.0,Low Performer
M059,L01,Mac and Cheese,2673,40170.45,0.6267024,3.85,12.0,9.019741320626276,100.0,-5.0,Profit Driver
M078,L06,Veg Biryani,263,2774.94,0.23515107,3.3,3.0,16.19047619047619,100.0,-7.0,Low Performer
M069,L07,Fish Burger,129,1411.83,0.5696437,3.67,2.0,22.289156626506024,100.0,-7.0,Hidden Opportunity
M041,L08,Chicken Tikka Skewers,255,6277.84,0.49754217,4.29,4.0,17.475728155339805,100.0,-1.0,Low Performer
M131,L14,Coca-Cola,156,802.75,0.52971655,4.74,2.0,22.0,100.0,-6.0,Low Performer
M080,L18,Chicken Fried Rice,923,18166.11,0.61385244,4.3,8.0,11.843361986628462,100.0,-6.0,Hidden Opportunity
M017,L16,Butter Chicken,378,8390.21,0.6521947,4.24,5.0,14.479638009049776,100.0,-5.0,Hidden Opportunity
M135,L01,Salted Caramel Frappe,1589,5050.95,0.6854057,3.22,13.0,9.920634920634921,100.0,-8.0,Hidden Opportunity
M072,L03,Philly Cheesesteak,1371,17550.65,0.2782011,4.45,9.0,10.333551340745585,100.0,-7.0,Volume Driver
M072,L10,Philly Cheesesteak,842,10770.12,0.27762368,4.45,9.0,10.425531914893616,100.0,-7.0,Low Performer
M075,L07,Halloumi Burger,590,8472.85,0.3106216,3.75,7.0,12.332838038632987,100.0,-9.0,Low Performer
M041,L11,Chicken Tikka Skewers,371,8932.81,0.4862457,4.29,4.0,14.120370370370368,100.0,-1.0,Low Performer
M051,L12,Veggie Supreme Pizza,961,18132.84,0.596687,3.58,7.0,11.428571428571429,100.0,-5.0,Hidden Opportunity
M134,L06,Berry Smoothie,579,3176.11,0.61899614,4.22,6.0,12.537764350453173,100.0,-8.0,Hidden Opportunity
M046,L12,Margherita Pizza,680,9146.12,0.62900114,3.55,6.0,11.688311688311687,100.0,-11.0,Hidden Opportunity
M009,L14,Hummus Platter,1140,11841.51,0.38097417,4.68,15.0,9.73871733966746,100.0,-8.0,Low Performer
M018,L07,Grilled Salmon,1401,18655.36,0.6410265,3.36,14.0,10.13470173187941,100.0,-9.0,Hidden Opportunity
M007,L09,Garlic Bread,810,4564.79,0.29731703,3.84,6.0,28.508384819064432,100.0,-7.0,Low Performer
M093,L11,Butter Garlic Shrimp,586,11490.63,0.63791364,4.07,6.0,12.667660208643817,100.0,-6.0,Hidden Opportunity
M132,L14,Virgin Mojito,900,2629.91,0.6132948,4.41,12.0,10.891089108910892,100.0,-8.0,Hidden Opportunity
M119,L10,Carrot Cake,306,2051.71,0.5525683,3.67,3.0,16.39344262295082,100.0,-4.0,Hidden Opportunity
M082,L14,Jeera Rice,66,1149.83,0.5413757,3.73,1.0,33.33333333333333,100.0,-18.0,Low Performer
M090,L07,Steamed Basmati,586,8980.9,0.603935,4.45,6.0,12.667660208643817,100.0,-5.0,Hidden Opportunity
M131,L07,Coca-Cola,193,983.17,0.52494484,4.74,2.0,19.91701244813278,100.0,-6.0,Low Performer
M002,L08,Loaded Nachos,596,2759.82,0.6177577,3.36,7.0,11.834319526627219,100.0,-2.0,Hidden Opportunity
M029,L14,Pan-Seared Steak,1159,23806.35,0.5194841,4.45,16.0,10.570987654320987,100.0,-8.0,Hidden Opportunity
M138,L18,Steamed Vegetables,528,3745.73,0.53201115,4.18,3.0,12.871287128712872,100.0,-6.0,Hidden Opportunity
M118,L14,Baklava,1204,10149.65,0.33570126,3.97,17.0,9.798055347793568,100.0,-5.0,Low Performer
M079,L01,Egg Fried Rice,830,13689.49,0.6786586,4.64,7.0,11.8895966029724,100.0,-4.0,Hidden Opportunity
M146,L18,Pita Bread,1006,6687.4897,0.655515,4.7,8.0,10.973451327433628,100.0,-7.0,Hidden Opportunity
M090,L02,Steamed Basmati,684,10521.74,0.6053999,4.45,6.0,11.053315994798439,100.0,-5.0,Hidden Opportunity
M143,L03,Cheese Dip,523,1525.72,0.5509464,3.24,6.0,12.248322147651008,100.0,-6.0,Low Performer
M039,L20,Char-Grilled Steak,1402,35106.7,0.47884306,3.89,14.0,10.287539936102236,100.0,-7.0,Low Performer
M037,L08,BBQ Pulled Pork,494,11623.28,0.5690408,4.73,4.0,12.7208480565371,100.0,0.0,Hidden Opportunity
M038,L08,Grilled Lamb Skewers,614,18151.19,0.4066747,4.27,7.0,11.908177905308465,100.0,-9.0,Low Performer
M004,L09,Calamari Rings,261,1792.4501,0.36222485,3.47,2.0,16.61341853035144,100.0,-3.0,Low Performer
M132,L01,Virgin Mojito,1315,3845.54,0.6135914,4.41,12.0,9.869773817683344,100.0,-8.0,Hidden Opportunity
M125,L20,Masala Chai,415,2297.13,0.6784249,3.4,3.0,13.900414937759336,100.0,-0.0,Hidden Opportunity
M140,L07,Side Salad,1782,9839.649,0.47117633,4.02,18.0,9.908998988877654,100.0,-9.0,Volume Driver
M050,L19,BBQ Chicken Pizza,386,4738.06,0.6635374,3.78,5.0,14.412416851441243,100.0,-3.0,Hidden Opportunity
M040,L14,Smoked Sausage Plate,840,15109.92,0.49577498,3.4,11.0,11.485774499473129,100.0,-8.0,Low Performer
M146,L12,Pita Bread,995,6595.86,0.65454847,4.7,8.0,11.712511091393079,100.0,-7.0,Hidden Opportunity
M044,L01,Spicy Buffalo Wings,1603,46426.7,0.52524626,3.29,14.0,9.023836549375709,100.0,-6.0,Low Performer
M102,L10,Mussels Marinara,1246,31545.639,0.69388795,4.38,12.0,11.0,100.0,-8.0,Hidden Opportunity
M109,L20,Tiramisu,420,2593.97,0.52235377,4.07,4.0,13.402061855670103,100.0,-3.0,Hidden Opportunity
M098,L07,Seafood Platter,980,29882.53,0.6635225,4.29,11.0,10.909090909090908,100.0,-6.0,Hidden Opportunity
M005,L01,Chicken Wings,536,3418.31,0.49823153,4.2,5.0,12.845528455284553,100.0,-9.0,Low Performer
M011,L09,Cheese Sticks,845,4348.74,0.5083978,3.57,7.0,11.610878661087867,100.0,-4.0,Low Performer
M082,L11,Jeera Rice,120,2069.64,0.53673106,3.73,1.0,33.33333333333333,100.0,-18.0,Low Performer
M007,L14,Garlic Bread,440,2521.9,0.30909234,3.84,6.0,29.260450160771708,100.0,-7.0,Low Performer
M113,L03,Sticky Toffee Pudding,1286,12231.98,0.51217705,4.7,11.0,9.627547434996487,100.0,-9.0,Profit Driver
M140,L11,Side Salad,1778,9815.78,0.47108018,4.02,18.0,9.746192893401014,100.0,-9.0,Volume Driver
M107,L19,New York Cheesecake,310,2331.68,0.27408567,4.02,4.0,16.666666666666664,100.0,-10.0,Low Performer
M010,L07,Stuffed Mushrooms,636,6075.7603,0.6734038,4.25,6.0,12.258953168044078,100.0,-10.0,Hidden Opportunity
M112,L02,Apple Pie,1125,10167.57,0.48770943,4.53,9.0,10.785091197462332,100.0,-12.0,Low Performer
M133,L11,Espresso,127,566.88,0.5317704,4.56,2.0,34.87179487179487,100.0,-10.0,Low Performer
M006,L07,Spring Rolls,293,3031.6501,0.5950489,3.33,3.0,16.524216524216524,100.0,-6.0,Hidden Opportunity
M094,L05,Crab Cakes,1736,46451.59,0.59637976,3.22,14.0,27.756970453599667,100.0,-5.0,Low Performer
M124,L17,Iced Latte,1544,8535.51,0.45189923,4.6,15.0,10.232558139534884,100.0,-4.0,Volume Driver
M119,L20,Carrot Cake,260,1692.4,0.5391161,3.67,3.0,16.93290734824281,100.0,-4.0,Hidden Opportunity
M051,L10,Veggie Supreme Pizza,726,13536.6,0.5918576,3.58,7.0,11.7861482381531,100.0,-5.0,Hidden Opportunity
M130,L06,Green Tea,326,1608.4199,0.60071373,3.3,4.0,14.210526315789473,100.0,-3.0,Hidden Opportunity
M147,L20,Grilled Corn,810,4768.63,0.68745744,4.68,8.0,10.596026490066226,100.0,-7.0,Hidden Opportunity
M063,L17,Crispy Chicken Burger,423,5696.31,0.38810915,3.72,5.0,13.849287169042771,100.0,-6.0,Low Performer
M122,L15,Craft Cold Brew,986,2752.98,0.6704953,4.55,11.0,11.410601976639713,100.0,-10.0,Hidden Opportunity
M013,L06,Prawn Tempura,622,4396.89,0.5543896,3.52,7.0,11.396011396011396,100.0,-11.0,Low Performer
M076,L19,Chicken Biryani,1045,11319.9795,0.47565278,3.36,11.0,10.53082191780822,100.0,-8.0,Low Performer
M017,L06,Butter Chicken,450,9906.9,0.6493353,4.24,5.0,14.285714285714285,100.0,-5.0,Hidden Opportunity
M060,L19,Pesto Pasta,918,17509.59,0.7216051,3.25,11.0,9.911678115799804,100.0,-8.0,Hidden Opportunity
M027,L12,Vegetable Korma,1159,18817.76,0.38286066,3.68,11.0,10.846153846153845,100.0,-6.0,Low Performer
M090,L19,Steamed Basmati,574,8820.55,0.6049929,4.45,6.0,12.633181126331811,100.0,-5.0,Hidden Opportunity
M026,L08,Duck Confit,824,14513.08,0.3334454,4.39,12.0,11.777301927194861,100.0,-5.0,Low Performer
M108,L01,Gelato Trio,1047,8668.28,0.47579217,4.62,9.0,9.741379310344827,100.0,-3.0,Low Performer
M012,L11,Onion Rings,918,6116.74,0.4116866,3.34,9.0,28.000000000000004,100.0,-9.0,Low Performer
M020,L19,Beef Stroganoff,613,10284.79,0.31099418,3.65,8.0,11.908177905308465,100.0,-9.0,Low Performer
M110,L10,Chocolate Brownie,449,3108.45,0.495887,3.46,5.0,13.48747591522158,100.0,-6.0,Low Performer
M041,L02,Chicken Tikka Skewers,406,9947.13,0.49510866,4.29,4.0,13.432835820895523,100.0,-1.0,Low Performer
M065,L12,Veggie Burger,1460,21977.959,0.55425346,3.95,11.0,10.153846153846153,100.0,-10.0,Hidden Opportunity
M030,L06,Paneer Tikka Masala,1090,32985.02,0.65864205,4.59,12.0,11.065907241659886,100.0,-6.0,Hidden Opportunity
M106,L10,Molten Lava Cake,1152,10782.74,0.36004394,4.32,11.0,11.042471042471043,100.0,-3.0,Low Performer
M100,L09,Prawn Curry,513,8576.21,0.46344483,3.43,4.0,13.344594594594595,100.0,-7.0,Low Performer
M060,L07,Pesto Pasta,942,17709.39,0.7175498,3.25,11.0,10.700757575757576,100.0,-8.0,Hidden Opportunity
M063,L19,Crispy Chicken Burger,455,6140.17,0.389398,3.72,5.0,12.835249042145595,100.0,-6.0,Low Performer
M069,L06,Fish Burger,293,3171.82,0.56490904,3.67,2.0,16.524216524216524,100.0,-7.0,Hidden Opportunity
M147,L10,Grilled Corn,812,4767.93,0.68663967,4.68,8.0,11.062431544359255,100.0,-7.0,Hidden Opportunity
M050,L20,BBQ Chicken Pizza,507,6257.03,0.66535085,3.78,5.0,13.036020583190394,100.0,-3.0,Hidden Opportunity
M044,L20,Spicy Buffalo Wings,3222,93343.336,0.52538127,3.29,14.0,9.7226113757355,100.0,-6.0,Volume Driver
M056,L11,Hawaiian Pizza,816,12000.82,0.6389446,4.16,8.0,11.11111111111111,100.0,-6.0,Hidden Opportunity
M083,L20,Mushroom Rice,759,12641.38,0.6589676,3.28,7.0,11.744186046511627,100.0,-6.0,Hidden Opportunity
M012,L06,Onion Rings,787,5246.71,0.41200486,3.34,9.0,28.454545454545453,100.0,-9.0,Low Performer
M141,L02,Garlic Naan,1903,13292.17,0.69075936,3.97,16.0,9.938476100331282,100.0,-6.0,Hidden Opportunity
M138,L05,Steamed Vegetables,404,2858.22,0.53072894,4.18,3.0,13.118279569892474,100.0,-6.0,Hidden Opportunity
M039,L15,Char-Grilled Steak,1230,30529.82,0.47423533,3.89,14.0,10.415149308084487,100.0,-7.0,Volume Driver
M002,L15,Loaded Nachos,647,2955.51,0.61252373,3.36,7.0,10.881542699724518,100.0,-2.0,Hidden Opportunity
M106,L19,Molten Lava Cake,1063,9890.47,0.35621163,4.32,11.0,9.915254237288137,100.0,-3.0,Low Performer
M102,L02,Mussels Marinara,1313,33079.97,0.69238937,4.38,12.0,10.740992522093814,100.0,-8.0,Hidden Opportunity
M005,L02,Chicken Wings,1274,8078.59,0.49535745,4.2,5.0,10.659186535764375,100.0,-9.0,Low Performer
M064,L17,Double Bacon Burger,343,3317.94,0.49138322,3.27,4.0,16.13691931540342,100.0,-5.0,Low Performer
M093,L15,Butter Garlic Shrimp,565,11042.649,0.63672674,4.07,6.0,13.34355828220859,100.0,-6.0,Hidden Opportunity
M027,L11,Vegetable Korma,931,14965.38,0.37665334,3.68,11.0,10.652591170825335,100.0,-6.0,Low Performer
M100,L04,Prawn Curry,476,7971.11,0.46435067,3.43,4.0,12.82051282051282,100.0,-7.0,Low Performer
M043,L10,Beef Short Ribs,161,4762.26,0.5692927,3.64,2.0,20.2970297029703,100.0,0.0,Hidden Opportunity
M054,L09,Lasagne al Forno,968,16666.5,0.59633994,4.65,8.0,10.61865189289012,100.0,-5.0,Hidden Opportunity
M028,L01,Chicken Parmesan,699,19238.59,0.63921106,4.65,5.0,11.742424242424242,100.0,-12.0,Hidden Opportunity
M061,L02,Classic Beef Burger,215,2310.91,0.5999412,4.73,2.0,19.475655430711612,100.0,-4.0,Hidden Opportunity
M009,L05,Hummus Platter,1906,19916.93,0.3846652,4.68,15.0,10.263653483992467,100.0,-8.0,Low Performer
M058,L10,Seafood Linguine,1684,30563.64,0.553154,4.7,15.0,9.850107066381156,100.0,-6.0,Profit Driver
M103,L11,Tuna Steak,1689,23178.72,0.64440143,3.49,17.0,9.679144385026737,100.0,-6.0,Profit Driver
M078,L09,Veg Biryani,321,3404.3801,0.23907733,3.3,3.0,14.854111405835543,100.0,-7.0,Low Performer
M015,L08,Greek Salad,450,4341.8,0.50458336,3.72,6.0,28.343949044585987,100.0,-7.0,Low Performer
M070,L20,Steak Sandwich,1465,22199.129,0.5255062,4.56,15.0,9.400123685837972,100.0,-5.0,Hidden Opportunity
M038,L05,Grilled Lamb Skewers,966,28716.51,0.4099687,4.27,7.0,10.555555555555555,100.0,-9.0,Low Performer
M124,L06,Iced Latte,1301,7138.4,0.44777122,4.6,15.0,10.829335161069226,100.0,-4.0,Volume Driver
M029,L08,Pan-Seared Steak,1189,24135.43,0.51376754,4.45,16.0,10.128495842781557,100.0,-8.0,Profit Driver
M131,L17,Coca-Cola,192,964.39,0.5182032,4.74,2.0,20.66115702479339,100.0,-6.0,Low Performer
M128,L10,Cappuccino,74,299.37,0.46113506,4.23,1.0,24.489795918367346,100.0,-0.0,Low Performer
M092,L16,Fish and Chips,353,9434.92,0.66851014,4.15,5.0,14.320388349514563,100.0,-5.0,Hidden Opportunity
M112,L13,Apple Pie,1082,9739.4,0.48562947,4.53,9.0,10.781893004115227,100.0,-12.0,Low Performer
M150,L17,Pickle Plate,797,5734.14,0.2828009,4.73,8.0,11.542730299667037,100.0,-6.0,Low Performer
M085,L02,Vegetable Pulao,1979,25443.22,0.37852952,4.61,15.0,27.50915750915751,100.0,-6.0,Low Performer
M140,L15,Side Salad,1571,8709.66,0.47330663,4.02,18.0,9.954233409610984,100.0,-9.0,Volume Driver
M015,L01,Greek Salad,712,6838.23,0.50230396,3.72,6.0,28.65731462925852,100.0,-7.0,Low Performer
M051,L16,Veggie Supreme Pizza,552,10335.68,0.593571,3.58,7.0,11.538461538461538,100.0,-5.0,Hidden Opportunity
M096,L06,Fried Calamari,866,19891.81,0.28775913,4.28,10.0,10.721649484536082,100.0,-4.0,Low Performer
M121,L13,Fresh Lemonade,618,3300.02,0.53743917,3.69,6.0,12.215909090909092,100.0,-3.0,Hidden Opportunity
M051,L07,Veggie Supreme Pizza,653,12173.74,0.59179926,3.58,7.0,11.231393775372124,100.0,-5.0,Hidden Opportunity
M135,L08,Salted Caramel Frappe,1077,3434.27,0.68639624,3.22,13.0,10.25,100.0,-8.0,Profit Driver
M084,L05,Beef Pulao,629,7167.0503,0.4707906,3.71,5.0,12.880886426592797,100.0,-9.0,Low Performer
M134,L16,Berry Smoothie,492,2725.03,0.62265366,4.22,6.0,13.380281690140844,100.0,-8.0,Hidden Opportunity
M062,L06,Cheeseburger Deluxe,635,10282.35,0.48433483,4.71,7.0,11.68289290681502,100.0,-6.0,Low Performer
M082,L05,Jeera Rice,115,2025.0,0.54624695,3.73,1.0,33.13953488372093,100.0,-18.0,Low Performer
M124,L05,Iced Latte,1966,10815.86,0.4492366,4.6,15.0,9.692237023426733,100.0,-4.0,Low Performer
M066,L13,Pulled Pork Sandwich,174,1962.08,0.4874215,4.34,2.0,21.973094170403588,100.0,-6.0,Low Performer
M136,L09,French Fries,761,6360.09,0.49745995,3.33,7.0,11.7169373549884,100.0,-4.0,Low Performer
M033,L16,Peri Peri Chicken,401,11460.38,0.39782017,4.21,5.0,29.895104895104897,100.0,-7.0,Low Performer
M078,L01,Veg Biryani,309,3240.4,0.23045614,3.3,3.0,14.87603305785124,100.0,-7.0,Low Performer
M034,L02,Lamb Chops,557,16645.2,0.615509,3.44,5.0,12.695924764890282,100.0,-4.0,Hidden Opportunity
M007,L12,Garlic Bread,735,4207.25,0.30819416,3.84,6.0,28.432327166504383,100.0,-7.0,Low Performer
M106,L17,Molten Lava Cake,1150,10775.77,0.36074176,4.32,11.0,10.644910644910645,100.0,-3.0,Low Performer
M116,L18,Fruit Tart,215,1286.83,0.53218377,3.55,1.0,17.938931297709924,100.0,-12.0,Low Performer
M107,L03,New York Cheesecake,397,2965.28,0.26899993,4.02,4.0,14.5610278372591,100.0,-10.0,Low Performer
M012,L04,Onion Rings,1097,7340.21,0.414153,3.34,9.0,27.590759075907588,100.0,-9.0,Low Performer
M145,L20,Rice Bowl,667,2386.78,0.5137465,4.38,7.0,12.696335078534032,100.0,-9.0,Low Performer
M005,L10,Chicken Wings,459,2926.0898,0.4980332,4.2,5.0,13.883677298311445,100.0,-9.0,Low Performer
M004,L19,Calamari Rings,192,1285.85,0.34598902,3.47,2.0,18.64406779661017,100.0,-3.0,Low Performer
M059,L04,Mac and Cheese,1447,21870.9,0.6288369,3.85,12.0,10.124223602484472,100.0,-5.0,Hidden Opportunity
M115,L20,Panna Cotta,463,2275.51,0.5747459,4.72,4.0,13.619402985074627,100.0,-3.0,Hidden Opportunity
M100,L06,Prawn Curry,335,5550.84,0.45864955,3.43,4.0,15.538847117794486,100.0,-7.0,Low Performer
M074,L20,Spicy Zinger Burger,449,4724.95,0.6987629,4.36,4.0,29.843750000000004,100.0,-9.0,Hidden Opportunity
M093,L16,Butter Garlic Shrimp,438,8578.49,0.6374886,4.07,6.0,13.267326732673268,100.0,-6.0,Hidden Opportunity
M138,L06,Steamed Vegetables,457,3246.11,0.5325975,4.18,3.0,13.610586011342155,100.0,-6.0,Hidden Opportunity
M135,L11,Salted Caramel Frappe,1426,4524.81,0.68484867,3.22,13.0,9.689677010766308,100.0,-8.0,Profit Driver
M051,L13,Veggie Supreme Pizza,880,16470.39,0.59340364,3.58,7.0,11.78821178821179,100.0,-5.0,Hidden Opportunity
M068,L08,Grilled Chicken Wrap,430,5928.62,0.5118763,4.29,5.0,13.306451612903224,100.0,-7.0,Hidden Opportunity
M021,L14,Chicken Alfredo,544,14832.2295,0.5298023,4.08,8.0,12.82051282051282,100.0,-7.0,Hidden Opportunity
M023,L11,Thai Green Curry,113,2471.82,0.38604346,3.31,1.0,25.165562913907287,100.0,8.0,Low Performer
M095,L20,Lobster Thermidor,399,6795.34,0.6048365,3.59,4.0,14.193548387096774,100.0,-5.0,Hidden Opportunity
M111,L11,Creme Brulee,796,5252.79,0.5256844,4.31,8.0,27.636363636363637,100.0,-7.0,Low Performer
M049,L11,Four Cheese Pasta,1239,19617.08,0.41767174,3.38,13.0,10.927390366642703,100.0,-6.0,Low Performer
M008,L19,Bruschetta,281,1759.45,0.53364974,4.02,3.0,17.352941176470587,100.0,-8.0,Low Performer
M125,L07,Masala Chai,355,1940.73,0.67440087,3.4,3.0,14.251207729468598,100.0,-0.0,Hidden Opportunity
M146,L08,Pita Bread,541,3633.94,0.65907806,4.7,8.0,12.175324675324676,100.0,-7.0,Hidden Opportunity
M089,L06,Hyderabadi Biryani,654,8742.63,0.6087653,3.31,7.0,12.683578104138851,100.0,-4.0,Hidden Opportunity
M014,L14,Caesar Salad,481,2491.01,0.45740482,4.36,7.0,12.862318840579709,100.0,-3.0,Low Performer
M106,L16,Molten Lava Cake,871,8131.55,0.3583893,4.32,11.0,11.483739837398375,100.0,-3.0,Low Performer
M136,L06,French Fries,569,4772.04,0.49920788,3.33,7.0,12.055641421947449,100.0,-4.0,Low Performer
M110,L16,Chocolate Brownie,353,2487.42,0.50471973,3.46,5.0,15.347721822541965,100.0,-6.0,Low Performer
M079,L17,Egg Fried Rice,1635,27147.71,0.68080175,4.64,7.0,9.7682119205298,100.0,-4.0,Profit Driver
M003,L14,Soup of the Day,127,859.68,0.52726597,3.43,3.0,22.085889570552148,100.0,-12.0,Low Performer
M001,L04,Truffle Fries,453,2958.3499,0.5850288,4.26,5.0,12.884615384615383,100.0,-10.0,Hidden Opportunity
M059,L03,Mac and Cheese,1322,19892.889,0.6271824,3.85,12.0,10.006807351940095,100.0,-5.0,Profit Driver
M111,L01,Creme Brulee,1173,7707.3,0.52363473,4.31,8.0,27.681874229346487,100.0,-7.0,Low Performer
M066,L19,Pulled Pork Sandwich,185,2058.09,0.48044056,4.34,2.0,18.859649122807017,100.0,-6.0,Low Performer
M052,L04,Spaghetti Bolognese,300,3715.4,0.47596493,3.68,2.0,15.966386554621847,100.0,-5.0,Low Performer
M069,L19,Fish Burger,135,1457.52,0.56374526,3.67,2.0,23.295454545454543,100.0,-7.0,Hidden Opportunity
M079,L12,Egg Fried Rice,894,14642.32,0.67640376,4.64,7.0,11.30952380952381,100.0,-4.0,Hidden Opportunity
M050,L01,BBQ Chicken Pizza,585,7104.3896,0.6599215,3.78,5.0,12.162162162162163,100.0,-3.0,Hidden Opportunity
M075,L11,Halloumi Burger,617,8939.9,0.3167373,3.75,7.0,11.982881597717546,100.0,-9.0,Low Performer
M101,L11,Baked Cod,672,17487.93,0.527354,3.55,7.0,28.510638297872344,100.0,-7.0,Low Performer
M045,L10,Mixed Grill,1256,19819.07,0.5411773,3.7,13.0,27.73302646720368,100.0,-4.0,Low Performer
M038,L11,Grilled Lamb Skewers,749,22240.26,0.40929377,4.27,7.0,10.833333333333334,100.0,-9.0,Low Performer
M120,L03,Red Velvet Slice,744,5987.86,0.6160632,3.82,7.0,11.217183770883054,100.0,-7.0,Hidden Opportunity
M141,L06,Garlic Naan,1445,10140.439,0.69220275,3.97,16.0,10.91245376078915,100.0,-6.0,Profit Driver
M083,L14,Mushroom Rice,530,8891.21,0.66141844,3.28,7.0,13.680781758957655,100.0,-6.0,Hidden Opportunity
M051,L19,Veggie Supreme Pizza,656,12279.13,0.5934435,3.58,7.0,10.136986301369863,100.0,-5.0,Hidden Opportunity
M135,L06,Salted Caramel Frappe,1102,3523.28,0.68722326,3.22,13.0,10.55194805194805,100.0,-8.0,Hidden Opportunity
M150,L04,Pickle Plate,1050,7628.06,0.2897277,4.73,8.0,9.948542024013722,100.0,-6.0,Low Performer
M043,L14,Beef Short Ribs,113,3283.67,0.561582,3.64,2.0,24.161073825503358,100.0,0.0,Hidden Opportunity
M110,L02,Chocolate Brownie,521,3638.85,0.50031185,3.46,5.0,13.311148086522461,100.0,-6.0,Low Performer
M056,L03,Hawaiian Pizza,866,12818.99,0.6412775,4.16,8.0,10.444674250258531,100.0,-6.0,Hidden Opportunity
M104,L19,Fish Tacos,1066,24458.98,0.71409434,4.11,11.0,10.794979079497908,100.0,-7.0,Hidden Opportunity
M024,L02,Roast Chicken,338,6559.63,0.59293437,4.34,3.0,14.86146095717884,100.0,-8.0,Hidden Opportunity
M098,L18,Seafood Platter,1442,44110.31,0.6645927,4.29,11.0,10.15576323987539,100.0,-6.0,Hidden Opportunity
M106,L14,Molten Lava Cake,764,7148.16,0.35978493,4.32,11.0,11.8800461361015,100.0,-3.0,Low Performer
M002,L02,Loaded Nachos,856,3883.56,0.6098631,3.36,7.0,10.553814002089865,100.0,-2.0,Hidden Opportunity
M060,L15,Pesto Pasta,919,17491.79,0.7210183,3.25,11.0,11.035818005808325,100.0,-8.0,Hidden Opportunity
M144,L12,Sweet Potato Fries,125,687.95996,0.58754873,4.37,0.0,23.78048780487805,100.0,-7.0,Hidden Opportunity
M130,L13,Green Tea,450,2217.95,0.6003066,3.3,4.0,14.285714285714285,100.0,-3.0,Hidden Opportunity
M019,L09,Mushroom Risotto,727,10430.56,0.5852908,4.67,6.0,11.341463414634147,100.0,-9.0,Hidden Opportunity
M092,L11,Fish and Chips,424,11314.11,0.6679686,4.15,5.0,13.995943204868155,100.0,-5.0,Hidden Opportunity
M024,L18,Roast Chicken,317,6150.08,0.59280205,4.34,3.0,15.240641711229946,100.0,-8.0,Hidden Opportunity
M058,L19,Seafood Linguine,1454,25925.13,0.54515404,4.7,15.0,10.852237890864501,100.0,-6.0,Profit Driver
M097,L10,Grilled Octopus,968,25490.47,0.58265495,3.65,10.0,11.009174311926607,100.0,-6.0,Hidden Opportunity
M048,L11,Truffle Carbonara,1024,14641.54,0.3306934,3.6,10.0,10.72362685265911,100.0,-4.0,Low Performer
M086,L10,Schezwan Fried Rice,881,9697.29,0.58754045,3.34,10.0,11.723446893787576,100.0,-8.0,Hidden Opportunity
M018,L05,Grilled Salmon,1960,26211.871,0.64257413,3.36,14.0,10.091743119266056,100.0,-9.0,Hidden Opportunity
M063,L15,Crispy Chicken Burger,380,5130.52,0.3896915,3.72,5.0,14.798206278026907,100.0,-6.0,Low Performer
M077,L12,Mutton Biryani,929,9848.07,0.519844,4.2,7.0,10.241545893719808,100.0,-7.0,Hidden Opportunity
M144,L04,Sweet Potato Fries,76,424.62,0.5937073,4.37,0.0,28.30188679245283,100.0,-7.0,Hidden Opportunity
M116,L03,Fruit Tart,147,906.88,0.5461362,3.55,1.0,22.63157894736842,100.0,-12.0,Low Performer
M117,L18,Ice Cream Sundae,1315,14786.2,0.5402098,4.69,10.0,9.931506849315069,100.0,-9.0,Hidden Opportunity
M130,L12,Green Tea,491,2435.06,0.60277367,3.3,4.0,13.250883392226148,100.0,-3.0,Hidden Opportunity
M040,L03,Smoked Sausage Plate,1134,20459.34,0.49727705,3.4,11.0,9.352517985611511,100.0,-8.0,Low Performer
M081,L18,Prawn Biryani,310,5711.34,0.6656477,4.68,3.0,16.216216216216218,100.0,-6.0,Hidden Opportunity
M032,L12,BBQ Ribs Full Rack,763,15389.72,0.6965793,4.28,6.0,11.689814814814815,100.0,-2.0,Hidden Opportunity
M030,L11,Paneer Tikka Masala,1171,35341.58,0.65772814,4.59,12.0,10.474006116207951,100.0,-6.0,Hidden Opportunity
M018,L01,Grilled Salmon,1721,23140.61,0.64450467,3.36,14.0,9.56384655806621,100.0,-9.0,Hidden Opportunity
M110,L12,Chocolate Brownie,579,4050.66,0.50114053,3.46,5.0,13.452914798206278,100.0,-6.0,Low Performer
M085,L03,Vegetable Pulao,1626,21111.42,0.3846108,4.61,15.0,26.318161333934203,100.0,-6.0,Volume Driver
M080,L11,Chicken Fried Rice,657,12867.311,0.6119468,4.3,8.0,13.210039630118892,100.0,-6.0,Hidden Opportunity
M100,L07,Prawn Curry,429,7235.72,0.46817595,3.43,4.0,14.02805611222445,100.0,-7.0,Low Performer
M022,L08,Lamb Rogan Josh,278,5514.5103,0.526627,4.26,5.0,16.265060240963855,100.0,-4.0,Hidden Opportunity
M005,L16,Chicken Wings,412,2576.01,0.48820072,4.2,5.0,12.896405919661733,100.0,-9.0,Low Performer
M052,L18,Spaghetti Bolognese,306,3808.06,0.47849035,3.68,2.0,16.164383561643834,100.0,-5.0,Low Performer
M030,L13,Paneer Tikka Masala,1547,46847.03,0.65887886,4.59,12.0,9.585037989479837,100.0,-6.0,Hidden Opportunity
M049,L19,Four Cheese Pasta,1243,19556.77,0.41399017,3.38,13.0,10.768126346015794,100.0,-6.0,Low Performer
M126,L09,Fresh Orange Juice,2589,9366.75,0.51629436,4.11,9.0,9.790940766550522,100.0,-8.0,Profit Driver
M041,L20,Chicken Tikka Skewers,845,20384.9,0.48723564,4.29,4.0,11.425576519916142,100.0,-1.0,Low Performer
M064,L06,Double Bacon Burger,243,2366.93,0.49489,3.27,4.0,18.456375838926174,100.0,-5.0,Low Performer
M070,L02,Steak Sandwich,1557,23633.5,0.5263152,4.56,15.0,10.671256454388985,100.0,-5.0,Hidden Opportunity
M034,L17,Lamb Chops,494,14654.53,0.61267537,3.44,5.0,12.56637168141593,100.0,-4.0,Hidden Opportunity
M076,L20,Chicken Biryani,1307,14169.63,0.47607946,3.36,11.0,10.601915184678523,100.0,-8.0,Low Performer
M089,L08,Hyderabadi Biryani,518,6949.4897,0.6101671,3.31,7.0,12.794612794612794,100.0,-4.0,Hidden Opportunity
M063,L10,Crispy Chicken Burger,475,6331.98,0.38186792,3.72,5.0,13.003663003663005,100.0,-6.0,Low Performer
M039,L18,Char-Grilled Steak,1881,47338.43,0.48145616,3.89,14.0,10.17191977077364,100.0,-7.0,Low Performer
M054,L19,Lasagne al Forno,777,13496.69,0.59989077,4.65,8.0,10.79219288174512,100.0,-5.0,Hidden Opportunity
M146,L20,Pita Bread,865,5739.54,0.65487653,4.7,8.0,11.554192229038856,100.0,-7.0,Hidden Opportunity
M109,L07,Tiramisu,387,2405.82,0.5254632,4.07,4.0,14.000000000000002,100.0,-3.0,Hidden Opportunity
M012,L16,Onion Rings,630,4159.16,0.40622622,3.34,9.0,29.608938547486037,100.0,-9.0,Low Performer
M047,L08,Pepperoni Pizza,87,1207.82,0.6355252,3.7,2.0,24.347826086956523,100.0,-13.0,Hidden Opportunity
M049,L07,Four Cheese Pasta,2578,40933.79,0.41932666,3.38,13.0,9.001058948111544,100.0,-6.0,Volume Driver
M088,L08,Lemon Rice,863,12822.47,0.53896946,4.36,12.0,10.754912099276112,100.0,-2.0,Hidden Opportunity
M003,L16,Soup of the Day,172,1141.37,0.5177725,3.43,3.0,20.37037037037037,100.0,-12.0,Low Performer
M062,L04,Cheeseburger Deluxe,766,12432.92,0.48555124,4.71,7.0,10.826542491268917,100.0,-6.0,Low Performer
M007,L01,Garlic Bread,704,4054.3599,0.31238467,3.84,6.0,28.527918781725887,100.0,-7.0,Low Performer
M017,L02,Butter Chicken,571,12578.57,0.6495532,4.24,5.0,11.882716049382717,100.0,-5.0,Hidden Opportunity
M081,L05,Prawn Biryani,286,5383.78,0.67276525,4.68,3.0,15.88235294117647,100.0,-6.0,Hidden Opportunity
M126,L05,Fresh Orange Juice,1170,4199.65,0.51245934,4.11,9.0,10.069177555726364,100.0,-8.0,Hidden Opportunity
M012,L12,Onion Rings,1034,6920.15,0.41427857,3.34,9.0,27.591036414565828,100.0,-9.0,Low Performer
M037,L15,BBQ Pulled Pork,299,7012.33,0.5676387,4.73,4.0,15.774647887323944,100.0,0.0,Hidden Opportunity
M022,L14,Lamb Rogan Josh,330,6544.77,0.526538,4.26,5.0,14.0625,100.0,-4.0,Hidden Opportunity
M075,L10,Halloumi Burger,694,9895.04,0.3056521,3.75,7.0,11.928934010152284,100.0,-9.0,Low Performer
M059,L09,Mac and Cheese,1439,21617.77,0.62656695,3.85,12.0,9.5088161209068,100.0,-5.0,Hidden Opportunity
M121,L14,Fresh Lemonade,364,1932.35,0.534722,3.69,6.0,14.352941176470587,100.0,-3.0,Hidden Opportunity
M019,L17,Mushroom Risotto,641,9329.97,0.5912152,4.67,6.0,11.586206896551724,100.0,-9.0,Hidden Opportunity
M068,L04,Grilled Chicken Wrap,612,8475.9795,0.5140668,4.29,5.0,12.320916905444127,100.0,-7.0,Hidden Opportunity
M070,L07,Steak Sandwich,1366,20614.18,0.52355415,4.56,15.0,10.835509138381202,100.0,-5.0,Hidden Opportunity
M120,L01,Red Velvet Slice,1645,13319.62,0.6183787,3.82,7.0,9.45054945054945,100.0,-7.0,Hidden Opportunity
M120,L04,Red Velvet Slice,719,5758.01,0.61415315,3.82,7.0,11.234567901234568,100.0,-7.0,Hidden Opportunity
M140,L08,Side Salad,1322,7388.9697,0.47756723,4.02,18.0,10.372881355932204,100.0,-9.0,Volume Driver
M141,L10,Garlic Naan,1713,11928.5,0.68981177,3.97,16.0,9.55649419218585,100.0,-6.0,Profit Driver
M014,L13,Caesar Salad,1625,8440.7,0.45901996,4.36,7.0,10.32008830022075,100.0,-3.0,Low Performer
M046,L05,Margherita Pizza,691,9179.24,0.62435997,3.55,6.0,11.41025641025641,100.0,-11.0,Hidden Opportunity
M016,L05,Signature Ribeye,546,12362.55,0.3101326,4.04,4.0,28.8135593220339,100.0,-6.0,Low Performer
M125,L15,Masala Chai,383,2119.7,0.678379,3.4,3.0,14.125560538116591,100.0,-0.0,Hidden Opportunity
M088,L05,Lemon Rice,1373,20078.08,0.5315762,4.36,12.0,10.553745928338762,100.0,-2.0,Hidden Opportunity
M138,L19,Steamed Vegetables,307,2197.08,0.53609335,4.18,3.0,15.426997245179063,100.0,-6.0,Hidden Opportunity
M063,L14,Crispy Chicken Burger,322,4330.7397,0.38733798,3.72,5.0,16.580310880829018,100.0,-6.0,Low Performer
M033,L02,Peri Peri Chicken,690,19764.66,0.3991852,4.21,5.0,28.645294725956568,100.0,-7.0,Low Performer
M059,L07,Mac and Cheese,1177,17726.67,0.62751204,3.85,12.0,11.570247933884298,100.0,-5.0,Hidden Opportunity
M031,L01,Smoked Brisket,224,6019.55,0.6479737,3.88,2.0,16.728624535315987,100.0,-2.0,Hidden Opportunity
M007,L08,Garlic Bread,485,2763.8398,0.30509725,3.84,6.0,29.81186685962373,100.0,-7.0,Low Performer
M045,L03,Mixed Grill,1330,21035.88,0.5422488,3.7,13.0,27.480916030534353,100.0,-4.0,Volume Driver
M019,L03,Mushroom Risotto,642,9224.88,0.5859133,4.67,6.0,12.175102599179207,100.0,-9.0,Hidden Opportunity
M084,L19,Beef Pulao,511,5856.91,0.47389835,3.71,5.0,12.5,100.0,-9.0,Low Performer
M103,L06,Tuna Steak,1514,20882.7,0.64619905,3.49,17.0,10.731132075471699,100.0,-6.0,Profit Driver
M016,L11,Signature Ribeye,411,9195.56,0.30185655,4.04,4.0,29.259896729776248,100.0,-6.0,Low Performer
M014,L12,Caesar Salad,708,3674.92,0.4586331,4.36,7.0,11.166875784190715,100.0,-3.0,Low Performer
M068,L19,Grilled Chicken Wrap,516,7090.4,0.5102279,4.29,5.0,12.837837837837837,100.0,-7.0,Low Performer
M122,L10,Craft Cold Brew,1261,3507.89,0.6692827,4.55,11.0,10.121168923734853,100.0,-10.0,Hidden Opportunity
M118,L19,Baklava,1531,12793.3,0.32983673,3.97,17.0,9.888169511477338,100.0,-5.0,Volume Driver
M068,L01,Grilled Chicken Wrap,679,9408.06,0.5142814,4.29,5.0,11.357702349869452,100.0,-7.0,Hidden Opportunity
M097,L13,Grilled Octopus,1125,29564.28,0.58180106,3.65,10.0,9.054163298302344,100.0,-6.0,Hidden Opportunity
M041,L13,Chicken Tikka Skewers,451,10997.44,0.4927119,4.29,4.0,12.5968992248062,100.0,-1.0,Low Performer
M060,L05,Pesto Pasta,1267,24133.04,0.7212216,3.25,11.0,10.332625619249823,100.0,-8.0,Hidden Opportunity
M083,L03,Mushroom Rice,787,13246.71,0.6625456,3.28,7.0,10.466439135381114,100.0,-6.0,Hidden Opportunity
M118,L08,Baklava,1333,11204.13,0.3337457,3.97,17.0,10.235690235690235,100.0,-5.0,Volume Driver
M122,L05,Craft Cold Brew,1469,4110.67,0.6712263,4.55,11.0,10.207823960880196,100.0,-10.0,Hidden Opportunity
M010,L13,Stuffed Mushrooms,690,6555.59,0.6716085,4.25,6.0,10.967741935483872,100.0,-10.0,Hidden Opportunity
M061,L14,Classic Beef Burger,114,1234.0,0.60275525,4.73,2.0,20.13888888888889,100.0,-4.0,Hidden Opportunity
M117,L13,Ice Cream Sundae,1104,12311.34,0.5363884,4.69,10.0,10.895883777239709,100.0,-9.0,Hidden Opportunity
M044,L16,Spicy Buffalo Wings,1068,30777.91,0.52287203,3.29,14.0,9.721048182586644,100.0,-6.0,Low Performer
M022,L13,Lamb Rogan Josh,499,9903.21,0.52685946,4.26,5.0,13.368055555555555,100.0,-4.0,Hidden Opportunity
M023,L02,Thai Green Curry,115,2537.37,0.39131856,3.31,1.0,24.836601307189543,100.0,8.0,Low Performer
M094,L01,Crab Cakes,1529,41029.3,0.5975266,3.22,14.0,28.013182674199623,100.0,-5.0,Low Performer
M061,L09,Classic Beef Burger,197,2116.17,0.5997014,4.73,2.0,20.242914979757085,100.0,-4.0,Hidden Opportunity
M064,L13,Double Bacon Burger,383,3675.78,0.4873578,3.27,4.0,14.508928571428573,100.0,-5.0,Low Performer
M003,L11,Soup of the Day,194,1328.93,0.53285724,3.43,3.0,17.796610169491526,100.0,-12.0,Low Performer
M113,L19,Sticky Toffee Pudding,1073,10126.0205,0.5083241,4.7,11.0,10.508757297748124,100.0,-9.0,Hidden Opportunity
M080,L06,Chicken Fried Rice,611,11777.0205,0.6057067,4.3,8.0,11.44927536231884,100.0,-6.0,Hidden Opportunity
M090,L08,Steamed Basmati,380,5826.43,0.60411435,4.45,6.0,14.221218961625281,100.0,-5.0,Hidden Opportunity
M025,L17,Beef Wellington,1358,30741.25,0.5105391,4.55,13.0,11.18378024852845,100.0,-4.0,Profit Driver
M105,L01,Shrimp Scampi,1002,28412.37,0.624061,4.51,8.0,10.535714285714286,100.0,-9.0,Hidden Opportunity
M096,L11,Fried Calamari,1027,23251.09,0.27737924,4.28,10.0,10.850694444444445,100.0,-4.0,Low Performer
M125,L13,Masala Chai,461,2543.53,0.67738533,3.4,3.0,12.854442344045369,100.0,-0.0,Hidden Opportunity
M057,L10,Mushroom Pizza,629,10160.58,0.46141857,4.74,5.0,11.657303370786517,100.0,-7.0,Low Performer
M088,L01,Lemon Rice,1349,19900.97,0.5356684,4.36,12.0,10.662251655629138,100.0,-2.0,Hidden Opportunity
M134,L17,Berry Smoothie,678,3747.35,0.6218608,4.22,6.0,11.833550065019507,100.0,-8.0,Hidden Opportunity
M033,L01,Peri Peri Chicken,631,18022.61,0.39745077,4.21,5.0,29.260089686098656,100.0,-7.0,Low Performer
M088,L13,Lemon Rice,1270,18598.67,0.5322515,4.36,12.0,10.310734463276836,100.0,-2.0,Hidden Opportunity
M021,L15,Chicken Alfredo,712,19484.32,0.53152895,4.08,8.0,11.221945137157107,100.0,-7.0,Hidden Opportunity
M088,L02,Lemon Rice,1368,20233.29,0.5368623,4.36,12.0,10.9375,100.0,-2.0,Hidden Opportunity
M090,L17,Steamed Basmati,569,8776.78,0.60648096,4.45,6.0,12.191358024691358,100.0,-5.0,Hidden Opportunity
M049,L16,Four Cheese Pasta,992,15686.26,0.41692668,3.38,13.0,10.79136690647482,100.0,-6.0,Low Performer
M076,L12,Chicken Biryani,1517,16488.05,0.47740573,3.36,11.0,10.07705986959099,100.0,-8.0,Low Performer
M020,L18,Beef Stroganoff,1058,17845.84,0.31465933,3.65,8.0,11.464435146443515,100.0,-9.0,Low Performer
M132,L04,Virgin Mojito,1313,3831.6,0.6127753,4.41,12.0,10.006854009595614,100.0,-8.0,Hidden Opportunity
M086,L11,Schezwan Fried Rice,1706,18698.709,0.5857875,3.34,10.0,9.783183500793232,100.0,-8.0,Profit Driver
M042,L05,Grilled Veg Platter,1081,24333.19,0.63971394,3.59,9.0,10.439105219552609,100.0,-5.0,Hidden Opportunity
M116,L17,Fruit Tart,167,1024.46,0.54356444,3.55,1.0,20.476190476190474,100.0,-12.0,Low Performer
M073,L01,BBQ Bacon Burger,226,2910.04,0.62566835,3.16,2.0,17.81818181818182,100.0,-14.0,Hidden Opportunity
M044,L13,Spicy Buffalo Wings,1553,45366.03,0.52930087,3.29,14.0,10.438292964244521,100.0,-6.0,Low Performer
M112,L12,Apple Pie,2100,18969.96,0.48745278,4.53,9.0,9.130246646473388,100.0,-12.0,Low Performer
M137,L13,Mashed Potatoes,151,641.45,0.49623507,3.89,2.0,21.354166666666664,100.0,-7.0,Low Performer
M077,L08,Mutton Biryani,578,6158.77,0.52230394,4.2,7.0,13.47305389221557,100.0,-7.0,Hidden Opportunity
M067,L10,Club Sandwich,1774,26455.64,0.507141,4.52,18.0,9.628120224146715,100.0,-5.0,Profit Driver
M133,L15,Espresso,83,364.59,0.5242053,4.56,2.0,35.15625,100.0,-10.0,Low Performer
M142,L09,Buttered Corn,1179,4289.6,0.5409991,4.53,9.0,11.085972850678733,100.0,-8.0,Hidden Opportunity
M073,L13,BBQ Bacon Burger,275,3540.9,0.6256602,3.16,2.0,16.666666666666664,100.0,-14.0,Hidden Opportunity
M019,L16,Mushroom Risotto,391,5633.14,0.5870065,4.67,6.0,14.442013129102845,100.0,-9.0,Hidden Opportunity
M042,L11,Grilled Veg Platter,867,19489.41,0.639221,3.59,9.0,10.688591983556012,100.0,-5.0,Hidden Opportunity
M075,L12,Halloumi Burger,739,10615.28,0.31079537,3.75,7.0,11.070998796630565,100.0,-9.0,Low Performer
M074,L19,Spicy Zinger Burger,428,4469.53,0.69644237,4.36,4.0,30.179445350734095,100.0,-9.0,Hidden Opportunity
M047,L12,Pepperoni Pizza,203,2763.28,0.6282751,3.7,2.0,19.12350597609562,100.0,-13.0,Hidden Opportunity
M147,L07,Grilled Corn,720,4237.15,0.687337,4.68,8.0,12.195121951219512,100.0,-7.0,Hidden Opportunity
M028,L03,Chicken Parmesan,552,15014.57,0.6349306,4.65,5.0,14.285714285714285,100.0,-12.0,Hidden Opportunity
M114,L01,Banoffee Pie,1475,13188.24,0.45085546,4.63,11.0,10.225197808886184,100.0,-8.0,Low Performer
M096,L17,Fried Calamari,1045,24113.3,0.29100534,4.28,10.0,10.300429184549357,100.0,-4.0,Low Performer
M048,L18,Truffle Carbonara,1328,19012.32,0.33154082,3.6,10.0,10.39136302294197,100.0,-4.0,Low Performer
M053,L04,Penne Arrabbiata,1671,26224.14,0.65909845,3.66,9.0,9.332609875203472,100.0,-6.0,Profit Driver
M084,L14,Beef Pulao,312,3543.61,0.4690838,3.71,5.0,15.675675675675677,100.0,-9.0,Low Performer
M012,L20,Onion Rings,979,6522.61,0.4116343,3.34,9.0,27.481481481481477,100.0,-9.0,Low Performer
M139,L16,Coleslaw,645,3090.32,0.4197688,4.73,9.0,12.244897959183673,100.0,-9.0,Low Performer
M075,L02,Halloumi Burger,1565,22525.63,0.31218347,3.75,7.0,10.36655211912944,100.0,-9.0,Low Performer
M029,L13,Pan-Seared Steak,2065,42452.62,0.5198989,4.45,16.0,9.70703979011806,100.0,-8.0,Profit Driver
M023,L03,Thai Green Curry,107,2415.18,0.40500915,3.31,1.0,21.897810218978105,100.0,8.0,Low Performer
M150,L11,Pickle Plate,783,5724.89,0.29426068,4.73,8.0,11.325028312570781,100.0,-6.0,Low Performer
M149,L17,Dinner Roll,1022,6037.14,0.45320797,3.44,10.0,10.947002606429193,100.0,-9.0,Low Performer
M129,L17,Strawberry Milkshake,706,3402.1,0.58288705,3.42,9.0,12.079701120797012,100.0,-6.0,Hidden Opportunity
M009,L11,Hummus Platter,1634,16956.08,0.38036266,4.68,15.0,10.26908292147172,100.0,-8.0,Volume Driver
M133,L05,Espresso,158,707.11,0.5330005,4.56,2.0,33.89121338912134,100.0,-10.0,Low Performer
M023,L12,Thai Green Curry,135,2918.56,0.37878612,3.31,1.0,24.15730337078652,100.0,8.0,Low Performer
M019,L15,Mushroom Risotto,597,8556.9,0.58487886,4.67,6.0,12.076583210603829,100.0,-9.0,Hidden Opportunity
M132,L11,Virgin Mojito,1178,3452.11,0.6143981,4.41,12.0,10.281797410510283,100.0,-8.0,Hidden Opportunity
M035,L10,Grilled Kebab Platter,146,3042.25,0.51385325,4.25,2.0,21.92513368983957,100.0,1.0,Low Performer
M111,L08,Creme Brulee,715,4698.85,0.52372384,4.31,8.0,28.855721393034827,100.0,-7.0,Low Performer
M038,L17,Grilled Lamb Skewers,693,20453.951,0.4057275,4.27,7.0,11.607142857142858,100.0,-9.0,Low Performer
M096,L15,Fried Calamari,1392,31967.59,0.2876185,4.28,10.0,9.786130913804278,100.0,-4.0,Volume Driver
M057,L04,Mushroom Pizza,592,9644.07,0.4659516,4.74,5.0,11.641791044776118,100.0,-7.0,Low Performer
M126,L12,Fresh Orange Juice,1057,3815.25,0.5151694,4.11,9.0,10.423728813559322,100.0,-8.0,Hidden Opportunity
M006,L19,Spring Rolls,282,2921.22,0.59551835,3.33,3.0,16.56804733727811,100.0,-6.0,Hidden Opportunity
M037,L01,BBQ Pulled Pork,498,11754.76,0.57041067,4.73,4.0,13.240418118466899,100.0,0.0,Hidden Opportunity
M029,L12,Pan-Seared Steak,2191,45157.06,0.52111214,4.45,16.0,9.574907139909202,100.0,-8.0,Hidden Opportunity
M142,L20,Buttered Corn,1024,3736.33,0.5423102,4.53,9.0,11.11111111111111,100.0,-8.0,Hidden Opportunity
M077,L14,Mutton Biryani,550,5799.64,0.51729757,4.2,7.0,12.53968253968254,100.0,-7.0,Hidden Opportunity
M072,L13,Philly Cheesesteak,1054,13385.48,0.27242357,4.45,9.0,11.418975650713687,100.0,-7.0,Low Performer
M081,L13,Prawn Biryani,262,4958.12,0.6744895,4.68,3.0,17.088607594936708,100.0,-6.0,Hidden Opportunity
M130,L10,Green Tea,332,1637.89,0.60068136,3.3,4.0,15.306122448979592,100.0,-3.0,Hidden Opportunity
M098,L20,Seafood Platter,1070,32899.68,0.6663129,4.29,11.0,10.460251046025103,100.0,-6.0,Hidden Opportunity
M144,L11,Sweet Potato Fries,95,534.11,0.5962442,4.37,0.0,26.356589147286826,100.0,-7.0,Hidden Opportunity
M138,L11,Steamed Vegetables,328,2304.59,0.5274821,4.18,3.0,16.11253196930946,100.0,-6.0,Hidden Opportunity
M066,L09,Pulled Pork Sandwich,166,1874.58,0.48816267,4.34,2.0,20.574162679425836,100.0,-6.0,Low Performer
M141,L13,Garlic Naan,2046,14203.91,0.6888631,3.97,16.0,9.348692955250332,100.0,-6.0,Profit Driver
M141,L18,Garlic Naan,2181,15154.399,0.6891359,3.97,16.0,9.50207468879668,100.0,-6.0,Profit Driver
M063,L04,Crispy Chicken Burger,587,7768.04,0.37733588,3.72,5.0,12.25710014947683,100.0,-6.0,Low Performer
M022,L10,Lamb Rogan Josh,422,8380.22,0.52715087,4.26,5.0,14.052953156822811,100.0,-4.0,Hidden Opportunity
M042,L15,Grilled Veg Platter,799,17861.7,0.6372188,3.59,9.0,11.123470522803114,100.0,-5.0,Hidden Opportunity
M095,L15,Lobster Thermidor,700,11922.16,0.6048535,3.59,4.0,11.727616645649434,100.0,-5.0,Hidden Opportunity
M093,L06,Butter Garlic Shrimp,473,9244.2295,0.6367139,4.07,6.0,13.528336380255942,100.0,-6.0,Hidden Opportunity
M114,L12,Banoffee Pie,1507,13461.109,0.45031506,4.63,11.0,10.404280618311535,100.0,-8.0,Low Performer
M059,L13,Mac and Cheese,1423,21524.1,0.629112,3.85,12.0,10.277427490542244,100.0,-5.0,Hidden Opportunity
M146,L03,Pita Bread,842,5633.84,0.6577503,4.7,8.0,12.200208550573514,100.0,-7.0,Hidden Opportunity
M024,L15,Roast Chicken,304,5887.12,0.5920586,4.34,3.0,15.083798882681565,100.0,-8.0,Hidden Opportunity
M136,L10,French Fries,553,4596.02,0.4946497,3.33,7.0,12.361331220285262,100.0,-4.0,Low Performer
M079,L02,Egg Fried Rice,791,13023.33,0.6780931,4.64,7.0,10.621468926553671,100.0,-4.0,Hidden Opportunity
M011,L08,Cheese Sticks,524,2672.34,0.5039104,3.57,7.0,12.956810631229235,100.0,-4.0,Low Performer
M057,L11,Mushroom Pizza,530,8593.59,0.4634373,4.74,5.0,12.97208538587849,100.0,-7.0,Low Performer
M036,L03,Tandoori Chicken,876,21935.22,0.64417225,4.64,8.0,11.156186612576064,100.0,-4.0,Hidden Opportunity
M076,L14,Chicken Biryani,912,9914.63,0.4775236,3.36,11.0,10.9375,100.0,-8.0,Low Performer
M116,L05,Fruit Tart,203,1240.04,0.5416277,3.55,1.0,20.703125,100.0,-12.0,Low Performer
M013,L01,Prawn Tempura,766,5406.77,0.55372614,3.52,7.0,10.826542491268917,100.0,-11.0,Low Performer
M047,L09,Pepperoni Pizza,189,2612.33,0.633913,3.7,2.0,19.915254237288135,100.0,-13.0,Hidden Opportunity
M066,L07,Pulled Pork Sandwich,160,1824.8,0.4932047,4.34,2.0,20.398009950248756,100.0,-6.0,Low Performer
M003,L18,Soup of the Day,265,1796.37,0.5279369,3.43,3.0,17.956656346749224,100.0,-12.0,Low Performer
M076,L13,Chicken Biryani,1405,15261.26,0.47708118,3.36,11.0,10.509554140127388,100.0,-8.0,Low Performer
M070,L19,Steak Sandwich,1244,19110.67,0.5319703,4.56,15.0,10.180505415162456,100.0,-5.0,Hidden Opportunity
M021,L11,Chicken Alfredo,782,21157.9,0.5261704,4.08,8.0,11.638418079096045,100.0,-7.0,Hidden Opportunity
M030,L05,Paneer Tikka Masala,1606,48463.73,0.65768254,4.59,12.0,9.775280898876403,100.0,-6.0,Hidden Opportunity
M074,L12,Spicy Zinger Burger,490,5087.48,0.6946818,4.36,4.0,30.1994301994302,100.0,-9.0,Hidden Opportunity
M119,L04,Carrot Cake,504,3259.5,0.5361252,3.67,3.0,13.10344827586207,100.0,-4.0,Hidden Opportunity
M136,L11,French Fries,679,5687.98,0.49862692,3.33,7.0,11.12565445026178,100.0,-4.0,Low Performer
M144,L13,Sweet Potato Fries,109,609.76996,0.5942241,4.37,0.0,23.776223776223777,100.0,-7.0,Hidden Opportunity
M145,L07,Rice Bowl,648,2296.42,0.5090097,4.38,7.0,10.94391244870041,100.0,-9.0,Hidden Opportunity
M122,L13,Craft Cold Brew,1350,3759.35,0.6696237,4.55,11.0,10.0599600266489,100.0,-10.0,Hidden Opportunity
M001,L09,Truffle Fries,424,2765.66,0.58453315,4.26,5.0,13.46938775510204,100.0,-10.0,Hidden Opportunity
M069,L14,Fish Burger,118,1262.57,0.55980265,3.67,2.0,22.875816993464053,100.0,-7.0,Hidden Opportunity
M090,L18,Steamed Basmati,608,9312.36,0.6036923,4.45,6.0,11.24087591240876,100.0,-5.0,Hidden Opportunity
M112,L11,Apple Pie,823,7378.3604,0.48355862,4.53,9.0,11.123110151187905,100.0,-12.0,Low Performer
M100,L13,Prawn Curry,489,8202.97,0.4652754,3.43,4.0,12.98932384341637,100.0,-7.0,Low Performer
M107,L12,New York Cheesecake,498,3700.54,0.2652208,4.02,4.0,13.69150779896014,100.0,-10.0,Low Performer
M041,L09,Chicken Tikka Skewers,453,11131.27,0.49658847,4.29,4.0,13.549618320610687,100.0,-1.0,Low Performer
M127,L14,Sparkling Water,290,1442.24,0.52143884,4.23,5.0,16.666666666666664,100.0,-8.0,Low Performer
M024,L04,Roast Chicken,301,5869.41,0.59486556,4.34,3.0,16.11111111111111,100.0,-8.0,Hidden Opportunity
M113,L05,Sticky Toffee Pudding,1465,13837.99,0.5087726,4.7,11.0,9.60591133004926,100.0,-9.0,Hidden Opportunity
M113,L17,Sticky Toffee Pudding,1231,11578.96,0.5067053,4.7,11.0,10.211524434719182,100.0,-9.0,Profit Driver
M054,L08,Lasagne al Forno,674,11828.52,0.60398257,4.65,8.0,11.780104712041885,100.0,-5.0,Hidden Opportunity
M046,L19,Margherita Pizza,536,7193.12,0.6281669,3.55,6.0,12.703583061889251,100.0,-11.0,Hidden Opportunity
M077,L20,Mutton Biryani,790,8321.7705,0.5167975,4.2,7.0,11.534154535274356,100.0,-7.0,Hidden Opportunity
M056,L02,Hawaiian Pizza,1067,15623.42,0.6373541,4.16,8.0,10.486577181208053,100.0,-6.0,Hidden Opportunity
M057,L05,Mushroom Pizza,649,10577.12,0.4661779,4.74,5.0,12.178619756427606,100.0,-7.0,Low Performer
M046,L03,Margherita Pizza,556,7374.3003,0.623769,3.55,6.0,12.71585557299843,100.0,-11.0,Hidden Opportunity
M013,L02,Prawn Tempura,798,5559.98,0.54789406,3.52,7.0,11.036789297658862,100.0,-11.0,Low Performer
M031,L18,Smoked Brisket,218,5829.83,0.6462538,3.88,2.0,19.557195571955717,100.0,-2.0,Hidden Opportunity
M144,L15,Sweet Potato Fries,115,643.73,0.5944728,4.37,0.0,23.841059602649008,100.0,-7.0,Hidden Opportunity
M042,L17,Grilled Veg Platter,816,18354.8,0.6394534,3.59,9.0,11.20783460282916,100.0,-5.0,Hidden Opportunity
M064,L09,Double Bacon Burger,604,5880.33,0.49464062,3.27,4.0,12.46376811594203,100.0,-5.0,Low Performer
M048,L10,Truffle Carbonara,1024,14604.17,0.3289807,3.6,10.0,10.56768558951965,100.0,-4.0,Low Performer
M096,L18,Fried Calamari,1274,29300.27,0.28865364,4.28,10.0,10.721793973370708,100.0,-4.0,Low Performer
M087,L13,Kabuli Pulao,638,6088.26,0.67200154,3.4,6.0,29.11111111111111,100.0,-5.0,Hidden Opportunity
M010,L08,Stuffed Mushrooms,428,4050.8901,0.6703539,4.25,6.0,13.184584178498987,100.0,-10.0,Hidden Opportunity
M006,L06,Spring Rolls,262,2693.92,0.5924972,3.33,3.0,16.560509554140125,100.0,-6.0,Hidden Opportunity
M060,L08,Pesto Pasta,748,13988.68,0.7160647,3.25,11.0,10.952380952380953,100.0,-8.0,Hidden Opportunity
M133,L17,Espresso,148,664.7,0.5346472,4.56,2.0,33.92857142857143,100.0,-10.0,Low Performer
M108,L18,Gelato Trio,1249,10298.87,0.47366458,4.62,9.0,9.949531362653207,100.0,-3.0,Low Performer
M128,L19,Cappuccino,121,477.11,0.44712958,4.23,1.0,21.935483870967744,100.0,-0.0,Low Performer
M130,L20,Green Tea,389,1912.24,0.59925014,3.3,4.0,14.505494505494507,100.0,-3.0,Hidden Opportunity
M058,L07,Seafood Linguine,1586,28499.49,0.54867756,4.7,15.0,10.81232492997199,100.0,-6.0,Profit Driver
M073,L03,BBQ Bacon Burger,239,3055.86,0.6230259,3.16,2.0,17.869415807560138,100.0,-14.0,Hidden Opportunity
M022,L16,Lamb Rogan Josh,313,6154.21,0.52242935,4.26,5.0,16.0857908847185,100.0,-4.0,Low Performer
M065,L20,Veggie Burger,1177,17792.459,0.55612266,3.95,11.0,10.562310030395135,100.0,-10.0,Hidden Opportunity
M107,L02,New York Cheesecake,500,3767.6702,0.2754143,4.02,4.0,12.739965095986038,100.0,-10.0,Low Performer
M082,L20,Jeera Rice,111,1959.2,0.54732037,3.73,1.0,34.319526627218934,100.0,-18.0,Low Performer
M076,L18,Chicken Biryani,1527,16608.36,0.47777146,3.36,11.0,9.85832349468713,100.0,-8.0,Low Performer
M144,L08,Sweet Potato Fries,73,397.16,0.5827626,4.37,0.0,25.510204081632654,100.0,-7.0,Hidden Opportunity
M042,L06,Grilled Veg Platter,756,17070.39,0.64083064,3.59,9.0,11.578947368421053,100.0,-5.0,Hidden Opportunity
M115,L14,Panna Cotta,275,1369.8201,0.5804193,4.72,4.0,17.417417417417415,100.0,-3.0,Hidden Opportunity
M055,L15,Meat Feast Pizza,484,7980.92,0.53910077,4.64,5.0,13.10592459605027,100.0,-3.0,Hidden Opportunity
M126,L11,Fresh Orange Juice,960,3477.3599,0.5168749,4.11,9.0,11.193339500462535,100.0,-8.0,Hidden Opportunity
M032,L07,BBQ Ribs Full Rack,558,10997.89,0.68948954,4.28,6.0,11.848341232227488,100.0,-2.0,Hidden Opportunity
M026,L01,Duck Confit,1270,22446.91,0.33577493,4.39,12.0,10.247349823321555,100.0,-5.0,Low Performer
M038,L04,Grilled Lamb Skewers,823,24457.3,0.4097705,4.27,7.0,10.152838427947598,100.0,-9.0,Low Performer
M077,L05,Mutton Biryani,961,10126.07,0.5169409,4.2,7.0,11.346863468634687,100.0,-7.0,Hidden Opportunity
M128,L05,Cappuccino,147,584.06,0.45132345,4.23,1.0,21.390374331550802,100.0,-0.0,Low Performer
M055,L18,Meat Feast Pizza,671,11182.47,0.5439648,4.64,5.0,12.172774869109947,100.0,-3.0,Hidden Opportunity
M094,L18,Crab Cakes,3710,98984.29,0.59520847,3.22,14.0,26.95412482772199,100.0,-5.0,Volume Driver
M018,L09,Grilled Salmon,1795,24033.21,0.6429898,3.36,14.0,10.563029397110114,100.0,-9.0,Hidden Opportunity
M128,L07,Cappuccino,133,513.7,0.43558496,4.23,1.0,21.301775147928996,100.0,-0.0,Low Performer
M042,L16,Grilled Veg Platter,697,15683.67,0.63958246,3.59,9.0,12.656641604010025,100.0,-5.0,Hidden Opportunity
M103,L17,Tuna Steak,1735,23857.65,0.6451117,3.49,17.0,10.796915167095115,100.0,-6.0,Profit Driver
M051,L04,Veggie Supreme Pizza,892,16761.91,0.595027,3.58,7.0,11.06679960119641,100.0,-5.0,Hidden Opportunity
M119,L19,Carrot Cake,369,2415.17,0.5416472,3.67,3.0,14.186046511627906,100.0,-4.0,Hidden Opportunity
M019,L18,Mushroom Risotto,800,11534.4,0.5873214,4.67,6.0,11.699779249448124,100.0,-9.0,Hidden Opportunity
M061,L18,Classic Beef Burger,208,2212.2,0.5956966,4.73,2.0,19.06614785992218,100.0,-4.0,Hidden Opportunity
M021,L18,Chicken Alfredo,1017,27798.58,0.53098536,4.08,8.0,11.642050390964378,100.0,-7.0,Hidden Opportunity
M007,L04,Garlic Bread,751,4325.32,0.31243005,3.84,6.0,29.284369114877588,100.0,-7.0,Low Performer
M122,L06,Craft Cold Brew,969,2696.18,0.66935444,4.55,11.0,10.44362292051756,100.0,-10.0,Hidden Opportunity
M099,L13,Salmon Teriyaki,426,12092.87,0.5001236,3.3,4.0,29.7029702970297,100.0,-8.0,Low Performer
M016,L19,Signature Ribeye,362,8345.68,0.32247105,4.04,4.0,29.844961240310074,100.0,-6.0,Low Performer
M118,L09,Baklava,2122,17732.82,0.32987535,3.97,17.0,9.740535942152276,100.0,-5.0,Low Performer
M022,L09,Lamb Rogan Josh,501,9960.61,0.52770054,4.26,5.0,13.917525773195877,100.0,-4.0,Hidden Opportunity
M092,L15,Fish and Chips,410,10980.32,0.66917175,4.15,5.0,14.046121593291405,100.0,-5.0,Hidden Opportunity
M017,L14,Butter Chicken,361,7978.41,0.65069234,4.24,5.0,14.047619047619047,100.0,-5.0,Hidden Opportunity
M038,L07,Grilled Lamb Skewers,707,20898.21,0.4066104,4.27,7.0,12.391573729863694,100.0,-9.0,Low Performer
M029,L20,Pan-Seared Steak,1742,35721.24,0.5186746,4.45,16.0,9.881013967925504,100.0,-8.0,Hidden Opportunity
M090,L03,Steamed Basmati,554,8593.91,0.608702,4.45,6.0,12.480252764612953,100.0,-5.0,Hidden Opportunity
M050,L09,BBQ Chicken Pizza,536,6562.84,0.6626949,3.78,5.0,12.131147540983607,100.0,-3.0,Hidden Opportunity
M080,L13,Chicken Fried Rice,848,16555.76,0.6107216,4.3,8.0,11.941848390446522,100.0,-6.0,Hidden Opportunity
M138,L09,Steamed Vegetables,429,3065.62,0.5354023,4.18,3.0,13.682092555331993,100.0,-6.0,Hidden Opportunity
M024,L08,Roast Chicken,201,3849.62,0.5875177,4.34,3.0,19.6,100.0,-8.0,Hidden Opportunity
M129,L05,Strawberry Milkshake,1044,5078.85,0.58682775,3.42,9.0,10.0,100.0,-6.0,Hidden Opportunity
M148,L03,Extra Cheese,1381,9768.8,0.58720416,4.46,7.0,10.091145833333332,100.0,-6.0,Profit Driver
M120,L11,Red Velvet Slice,667,5348.78,0.6146729,3.82,7.0,12.352168199737187,100.0,-7.0,Hidden Opportunity
M005,L18,Chicken Wings,607,3870.67,0.49817473,4.2,5.0,12.40981240981241,100.0,-9.0,Low Performer
M086,L19,Schezwan Fried Rice,783,8647.399,0.58891463,3.34,10.0,10.490307867730902,100.0,-8.0,Hidden Opportunity
M017,L08,Butter Chicken,546,12090.98,0.6513831,4.24,5.0,11.793214862681744,100.0,-5.0,Hidden Opportunity
M070,L06,Steak Sandwich,1208,18397.64,0.5279003,4.56,15.0,10.782865583456426,100.0,-5.0,Profit Driver
M087,L19,Kabuli Pulao,454,4349.26,0.6732732,3.4,6.0,29.82998454404946,100.0,-5.0,Hidden Opportunity
M117,L17,Ice Cream Sundae,1671,18673.56,0.5373635,4.69,10.0,10.016155088852988,100.0,-9.0,Profit Driver
M148,L16,Extra Cheese,549,3913.84,0.5904074,4.46,7.0,12.16,100.0,-6.0,Hidden Opportunity
M020,L15,Beef Stroganoff,836,13966.49,0.30804658,3.65,8.0,10.204081632653061,100.0,-9.0,Low Performer
M036,L10,Tandoori Chicken,765,19244.24,0.6458083,4.64,8.0,12.67123287671233,100.0,-4.0,Hidden Opportunity
M064,L07,Double Bacon Burger,309,2971.6702,0.48840886,3.27,4.0,16.486486486486488,100.0,-5.0,Low Performer
M078,L05,Veg Biryani,329,3484.38,0.23801942,3.3,3.0,14.987080103359174,100.0,-7.0,Low Performer
M038,L15,Grilled Lamb Skewers,788,23447.77,0.4105401,4.27,7.0,11.361079865016873,100.0,-9.0,Low Performer
M036,L09,Tandoori Chicken,2002,49914.01,0.64262897,4.64,8.0,10.062893081761008,100.0,-4.0,Hidden Opportunity
M073,L07,BBQ Bacon Burger,193,2520.07,0.6308595,3.16,2.0,19.583333333333332,100.0,-14.0,Hidden Opportunity
M138,L08,Steamed Vegetables,268,1925.97,0.5380198,4.18,3.0,16.510903426791277,100.0,-6.0,Hidden Opportunity
M028,L02,Chicken Parmesan,632,17151.91,0.6341072,4.65,5.0,11.360448807854137,100.0,-12.0,Hidden Opportunity
M015,L07,Greek Salad,679,6588.67,0.5073938,3.72,6.0,28.676470588235293,100.0,-7.0,Low Performer
M002,L11,Loaded Nachos,732,3379.53,0.6166212,3.36,7.0,10.840438489646772,100.0,-2.0,Hidden Opportunity
M015,L12,Greek Salad,773,7419.18,0.5019746,3.72,6.0,28.49213691026827,100.0,-7.0,Low Performer
M051,L05,Veggie Supreme Pizza,882,16511.25,0.59348804,3.58,7.0,10.456852791878173,100.0,-5.0,Hidden Opportunity
M049,L02,Four Cheese Pasta,1384,22016.16,0.4204039,3.38,13.0,10.129870129870131,100.0,-6.0,Low Performer
M110,L15,Chocolate Brownie,441,3091.75,0.5021945,3.46,5.0,14.534883720930234,100.0,-6.0,Low Performer
M093,L03,Butter Garlic Shrimp,653,12789.09,0.63748,4.07,6.0,11.502029769959405,100.0,-6.0,Hidden Opportunity
M046,L11,Margherita Pizza,980,13028.6,0.62465656,3.55,6.0,10.665451230628987,100.0,-11.0,Hidden Opportunity
M009,L01,Hummus Platter,1877,19605.57,0.384404,4.68,15.0,9.629272989889264,100.0,-8.0,Volume Driver
M102,L19,Mussels Marinara,1075,27073.09,0.69226825,4.38,12.0,10.78838174273859,100.0,-8.0,Hidden Opportunity
M045,L04,Mixed Grill,2758,43517.17,0.5411484,3.7,13.0,27.32542819499341,100.0,-4.0,Volume Driver
M032,L20,BBQ Ribs Full Rack,606,12088.15,0.6931937,4.28,6.0,11.918604651162791,100.0,-2.0,Hidden Opportunity
M062,L16,Cheeseburger Deluxe,540,8809.47,0.48816448,4.71,7.0,12.052117263843648,100.0,-6.0,Low Performer
M143,L07,Cheese Dip,509,1487.24,0.55165946,3.24,6.0,13.287904599659283,100.0,-6.0,Low Performer
M017,L04,Butter Chicken,596,12980.7,0.6455414,4.24,5.0,12.481644640234949,100.0,-5.0,Hidden Opportunity
M015,L11,Greek Salad,652,6230.99,0.49982905,3.72,6.0,28.58707557502738,100.0,-7.0,Low Performer
M078,L15,Veg Biryani,237,2511.57,0.23848832,3.3,3.0,17.421602787456447,100.0,-7.0,Low Performer
M036,L11,Tandoori Chicken,749,18876.14,0.6464536,4.64,8.0,11.465721040189125,100.0,-4.0,Hidden Opportunity
M054,L15,Lasagne al Forno,839,14601.64,0.6006579,4.65,8.0,10.934182590233545,100.0,-5.0,Hidden Opportunity
M067,L08,Club Sandwich,1296,19307.09,0.50662684,4.52,18.0,10.482758620689655,100.0,-5.0,Profit Driver
M029,L05,Pan-Seared Steak,2218,45619.68,0.5201268,4.45,16.0,9.46938775510204,100.0,-8.0,Hidden Opportunity
M040,L18,Smoked Sausage Plate,1404,25540.03,0.5013992,3.4,11.0,10.21059349074665,100.0,-8.0,Low Performer
M009,L10,Hummus Platter,1613,16974.89,0.38900396,4.68,15.0,10.01669449081803,100.0,-8.0,Volume Driver
M138,L15,Steamed Vegetables,286,2019.84,0.5299034,4.18,3.0,17.101449275362317,100.0,-6.0,Hidden Opportunity
M032,L05,BBQ Ribs Full Rack,796,15572.61,0.6871738,4.28,6.0,11.160714285714286,100.0,-2.0,Hidden Opportunity
M007,L10,Garlic Bread,712,4068.3499,0.30696225,3.84,6.0,28.72872872872873,100.0,-7.0,Low Performer
M073,L18,BBQ Bacon Burger,203,2644.27,0.6299697,3.16,2.0,17.813765182186234,100.0,-14.0,Hidden Opportunity
M038,L02,Grilled Lamb Skewers,972,29062.55,0.41337287,4.27,7.0,11.232876712328768,100.0,-9.0,Low Performer
M038,L12,Grilled Lamb Skewers,935,27497.96,0.40359578,4.27,7.0,11.458333333333332,100.0,-9.0,Low Performer
M070,L01,Steak Sandwich,1732,26231.28,0.5252584,4.56,15.0,10.351966873706004,100.0,-5.0,Hidden Opportunity
M125,L14,Masala Chai,227,1243.05,0.67494464,3.4,3.0,18.63799283154122,100.0,-0.0,Hidden Opportunity
M027,L07,Vegetable Korma,936,15177.76,0.38207483,3.68,11.0,10.0,100.0,-6.0,Low Performer
M018,L13,Grilled Salmon,1791,24125.65,0.64515024,3.36,14.0,9.864116758933065,100.0,-9.0,Hidden Opportunity
M028,L04,Chicken Parmesan,610,16692.93,0.63713384,4.65,5.0,12.35632183908046,100.0,-12.0,Hidden Opportunity
M145,L13,Rice Bowl,786,2794.52,0.5105993,4.38,7.0,10.783200908059024,100.0,-9.0,Hidden Opportunity
M018,L03,Grilled Salmon,1462,19526.291,0.64210504,3.36,14.0,9.919901417128774,100.0,-9.0,Profit Driver
M077,L16,Mutton Biryani,599,6365.3003,0.52101076,4.2,7.0,13.564213564213565,100.0,-7.0,Low Performer
M150,L16,Pickle Plate,649,4729.13,0.2918698,4.73,8.0,12.162162162162163,100.0,-6.0,Low Performer
M116,L07,Fruit Tart,140,854.43,0.5412146,3.55,1.0,21.34831460674157,100.0,-12.0,Low Performer
M003,L05,Soup of the Day,308,2100.23,0.5307181,3.43,3.0,15.384615384615385,100.0,-12.0,Low Performer
M026,L12,Duck Confit,1293,22840.58,0.33540127,4.39,12.0,10.457063711911358,100.0,-5.0,Low Performer
M134,L14,Berry Smoothie,471,2594.61,0.6206019,4.22,6.0,13.736263736263737,100.0,-8.0,Hidden Opportunity
M096,L05,Fried Calamari,1322,30126.56,0.2820979,4.28,10.0,9.761092150170649,100.0,-4.0,Low Performer
M107,L08,New York Cheesecake,276,2045.42,0.2632516,4.02,4.0,16.867469879518072,100.0,-10.0,Low Performer
M041,L06,Chicken Tikka Skewers,303,7438.04,0.496089,4.29,4.0,17.21311475409836,100.0,-1.0,Low Performer
M085,L01,Vegetable Pulao,1911,24629.48,0.38005632,4.61,15.0,27.586206896551722,100.0,-6.0,Volume Driver
M140,L14,Side Salad,1226,6836.37,0.47634193,4.02,18.0,10.901162790697674,100.0,-9.0,Low Performer
M052,L10,Spaghetti Bolognese,206,2544.81,0.47464052,3.68,2.0,18.253968253968253,100.0,-5.0,Low Performer
M082,L17,Jeera Rice,116,2036.46,0.5448769,3.73,1.0,33.33333333333333,100.0,-18.0,Low Performer
M074,L16,Spicy Zinger Burger,288,2943.0,0.6897859,4.36,4.0,30.602409638554217,100.0,-9.0,Hidden Opportunity
M113,L12,Sticky Toffee Pudding,1451,13717.28,0.5091855,4.7,11.0,10.154798761609907,100.0,-9.0,Hidden Opportunity
M025,L07,Beef Wellington,1339,30198.74,0.50871724,4.55,13.0,10.0,100.0,-4.0,Hidden Opportunity
M027,L19,Vegetable Korma,844,13655.69,0.3807065,3.68,11.0,11.530398322851152,100.0,-6.0,Low Performer
M072,L08,Philly Cheesesteak,626,7963.24,0.27363238,4.45,9.0,11.706629055007053,100.0,-7.0,Low Performer
M035,L11,Grilled Kebab Platter,161,3344.65,0.5123765,4.25,2.0,20.975609756097562,100.0,1.0,Low Performer
M016,L06,Signature Ribeye,384,8730.96,0.31301025,4.04,4.0,30.560578661844485,100.0,-6.0,Low Performer
M098,L08,Seafood Platter,817,25252.65,0.6680578,4.29,11.0,11.580086580086581,100.0,-6.0,Hidden Opportunity
M071,L04,Falafel Wrap,1348,17144.66,0.6398972,4.69,10.0,10.133333333333333,100.0,-9.0,Hidden Opportunity
M109,L18,Tiramisu,508,3193.08,0.53067255,4.07,4.0,12.864493996569468,100.0,-3.0,Hidden Opportunity
M023,L08,Thai Green Curry,96,2053.02,0.37200806,3.31,1.0,23.200000000000003,100.0,8.0,Low Performer
M032,L11,BBQ Ribs Full Rack,605,12220.45,0.697016,4.28,6.0,11.935953420669577,100.0,-2.0,Hidden Opportunity
M055,L11,Meat Feast Pizza,517,8557.149,0.5408284,4.64,5.0,12.521150592216582,100.0,-3.0,Hidden Opportunity
M103,L02,Tuna Steak,2020,27763.35,0.644942,3.49,17.0,10.10235870048954,100.0,-6.0,Hidden Opportunity
M066,L17,Pulled Pork Sandwich,154,1758.21,0.4937351,4.34,2.0,20.618556701030926,100.0,-6.0,Low Performer
M131,L13,Coca-Cola,288,1466.63,0.5247881,4.74,2.0,16.76300578034682,100.0,-6.0,Low Performer
M011,L02,Cheese Sticks,1157,5948.91,0.5079418,3.57,7.0,10.37955073586367,100.0,-4.0,Low Performer
M038,L09,Grilled Lamb Skewers,917,27161.96,0.4078417,4.27,7.0,10.884353741496598,100.0,-9.0,Low Performer
M115,L11,Panna Cotta,450,2228.52,0.57797104,4.72,4.0,13.957934990439771,100.0,-3.0,Hidden Opportunity
M106,L15,Molten Lava Cake,1132,10543.27,0.3568713,4.32,11.0,10.866141732283465,100.0,-3.0,Volume Driver
M096,L02,Fried Calamari,1186,27098.18,0.2839755,4.28,10.0,10.287443267776098,100.0,-4.0,Low Performer
M129,L02,Strawberry Milkshake,967,4638.82,0.5809991,3.42,9.0,10.130111524163569,100.0,-6.0,Hidden Opportunity
M016,L13,Signature Ribeye,489,11157.58,0.3154268,4.04,4.0,29.53890489913545,100.0,-6.0,Low Performer
M121,L18,Fresh Lemonade,812,4314.17,0.5351041,3.69,6.0,10.76923076923077,100.0,-3.0,Hidden Opportunity
M060,L18,Pesto Pasta,1332,25354.61,0.72104007,3.25,11.0,10.060769750168804,100.0,-8.0,Hidden Opportunity
M081,L14,Prawn Biryani,239,4577.13,0.6783487,4.68,3.0,16.72473867595819,100.0,-6.0,Hidden Opportunity
M141,L16,Garlic Naan,1362,9454.66,0.6888392,3.97,16.0,9.62176509621765,100.0,-6.0,Hidden Opportunity
M018,L15,Grilled Salmon,1321,17693.39,0.6431221,3.36,14.0,10.622462787550745,100.0,-9.0,Profit Driver
M114,L13,Banoffee Pie,1303,11727.52,0.45446867,4.63,11.0,10.385144429160935,100.0,-8.0,Low Performer
M010,L14,Stuffed Mushrooms,438,4167.49,0.6720904,4.25,6.0,13.609467455621301,100.0,-10.0,Hidden Opportunity
M124,L16,Iced Latte,1174,6503.3203,0.45301476,4.6,15.0,10.790273556231003,100.0,-4.0,Low Performer
M117,L03,Ice Cream Sundae,900,10095.64,0.539108,4.69,10.0,10.979228486646884,100.0,-9.0,Hidden Opportunity
M060,L17,Pesto Pasta,958,18091.9,0.7188255,3.25,11.0,10.634328358208956,100.0,-8.0,Hidden Opportunity
M010,L03,Stuffed Mushrooms,588,5609.12,0.6729326,4.25,6.0,11.84407796101949,100.0,-10.0,Hidden Opportunity
M107,L16,New York Cheesecake,303,2278.0,0.2737577,4.02,4.0,16.986301369863014,100.0,-10.0,Low Performer
M062,L10,Cheeseburger Deluxe,737,12094.65,0.49118412,4.71,7.0,10.340632603406325,100.0,-6.0,Low Performer
M136,L05,French Fries,767,6368.34,0.4941539,3.33,7.0,12.041284403669724,100.0,-4.0,Low Performer
M061,L05,Classic Beef Burger,207,2219.6,0.5989818,4.73,2.0,19.767441860465116,100.0,-4.0,Hidden Opportunity
M095,L05,Lobster Thermidor,510,8653.99,0.6033852,3.59,4.0,12.220309810671257,100.0,-5.0,Hidden Opportunity
M141,L03,Garlic Naan,1834,12843.37,0.6915576,3.97,16.0,10.405471421592575,100.0,-6.0,Profit Driver
M057,L20,Mushroom Pizza,599,9775.2,0.46688557,4.74,5.0,12.298682284040996,100.0,-7.0,Low Performer
M047,L20,Pepperoni Pizza,166,2299.11,0.63465863,3.7,2.0,20.574162679425836,100.0,-13.0,Hidden Opportunity
M096,L16,Fried Calamari,761,17366.75,0.28311512,4.28,10.0,11.098130841121495,100.0,-4.0,Low Performer
M029,L15,Pan-Seared Steak,1599,32889.12,0.5201413,4.45,16.0,9.558823529411764,100.0,-8.0,Profit Driver
M098,L14,Seafood Platter,760,23421.79,0.66707927,4.29,11.0,10.7981220657277,100.0,-6.0,Hidden Opportunity
M148,L01,Extra Cheese,855,6067.91,0.5885568,4.46,7.0,10.283315844700944,100.0,-6.0,Hidden Opportunity
M127,L11,Sparkling Water,484,2444.43,0.5287572,4.23,5.0,12.47739602169982,100.0,-8.0,Hidden Opportunity
M050,L08,BBQ Chicken Pizza,376,4671.79,0.6676049,3.78,5.0,15.883668903803134,100.0,-3.0,Hidden Opportunity
M141,L04,Garlic Naan,1920,13400.069,0.69050914,3.97,16.0,10.391425908667289,100.0,-6.0,Profit Driver
M025,L09,Beef Wellington,1602,36276.76,0.5107016,4.55,13.0,9.644670050761421,100.0,-4.0,Hidden Opportunity
M079,L18,Egg Fried Rice,957,15721.81,0.6773845,4.64,7.0,9.716981132075473,100.0,-4.0,Hidden Opportunity
M094,L17,Crab Cakes,1356,36113.46,0.5944781,3.22,14.0,28.177966101694917,100.0,-5.0,Volume Driver
M039,L09,Char-Grilled Steak,1774,44545.97,0.48029643,3.89,14.0,9.489795918367347,100.0,-7.0,Low Performer
M149,L09,Dinner Roll,1309,7778.99,0.4564757,3.44,10.0,10.219478737997257,100.0,-9.0,Low Performer
M083,L01,Mushroom Rice,853,14208.44,0.6590026,3.28,7.0,11.33056133056133,100.0,-6.0,Hidden Opportunity
M110,L11,Chocolate Brownie,433,3037.89,0.50255936,3.46,5.0,13.690476190476192,100.0,-6.0,Low Performer
M150,L20,Pickle Plate,823,5922.92,0.28300908,4.73,8.0,10.543478260869566,100.0,-6.0,Low Performer
M139,L10,Coleslaw,971,4671.42,0.42215,4.73,9.0,11.64695177434031,100.0,-9.0,Low Performer
M101,L13,Baked Cod,851,22166.81,0.527794,3.55,7.0,28.30665543386689,100.0,-7.0,Low Performer
M145,L06,Rice Bowl,533,1924.12,0.51800305,4.38,7.0,11.900826446280991,100.0,-9.0,Hidden Opportunity
M118,L11,Baklava,1783,14923.39,0.33092952,3.97,17.0,9.468354430379748,100.0,-5.0,Volume Driver
M127,L15,Sparkling Water,443,2214.48,0.52388823,4.23,5.0,13.980582524271846,100.0,-8.0,Hidden Opportunity
M120,L13,Red Velvet Slice,796,6434.29,0.61772937,3.82,7.0,11.160714285714286,100.0,-7.0,Hidden Opportunity
M010,L11,Stuffed Mushrooms,548,5225.96,0.6728334,4.25,6.0,12.599681020733652,100.0,-10.0,Hidden Opportunity
M057,L14,Mushroom Pizza,363,5830.93,0.4583883,4.74,5.0,13.981042654028435,100.0,-7.0,Low Performer
M027,L20,Vegetable Korma,1100,17921.75,0.3849931,3.68,11.0,10.85899513776337,100.0,-6.0,Low Performer
M136,L15,French Fries,565,4688.37,0.4938539,3.33,7.0,11.856474258970358,100.0,-4.0,Low Performer
M059,L05,Mac and Cheese,1456,21846.67,0.6261142,3.85,12.0,9.789343246592317,100.0,-5.0,Hidden Opportunity
M096,L08,Fried Calamari,731,16735.46,0.28539994,4.28,10.0,11.286407766990292,100.0,-4.0,Low Performer
M073,L11,BBQ Bacon Burger,215,2811.1199,0.63135695,3.16,2.0,18.250950570342205,100.0,-14.0,Hidden Opportunity
M110,L03,Chocolate Brownie,444,3082.66,0.49733025,3.46,5.0,14.119922630560927,100.0,-6.0,Low Performer
M078,L10,Veg Biryani,284,3049.85,0.248527,3.3,3.0,16.715542521994134,100.0,-7.0,Low Performer
M069,L10,Fish Burger,147,1561.49,0.5565966,3.67,2.0,21.390374331550802,100.0,-7.0,Hidden Opportunity
M066,L08,Pulled Pork Sandwich,109,1206.47,0.47779888,4.34,2.0,24.82758620689655,100.0,-6.0,Low Performer
M082,L02,Jeera Rice,93,1620.87,0.541561,3.73,1.0,34.50704225352113,100.0,-18.0,Low Performer
M149,L19,Dinner Roll,904,5393.31,0.45860335,3.44,10.0,11.804878048780488,100.0,-9.0,Low Performer
M045,L09,Mixed Grill,1553,24517.19,0.5413945,3.7,13.0,27.83457249070632,100.0,-4.0,Low Performer
M056,L05,Hawaiian Pizza,1014,14899.45,0.63862157,4.16,8.0,10.974539069359086,100.0,-6.0,Hidden Opportunity
M144,L20,Sweet Potato Fries,95,523.19,0.5878171,4.37,0.0,25.196850393700785,100.0,-7.0,Hidden Opportunity
M003,L12,Soup of the Day,266,1807.71,0.529128,3.43,3.0,14.743589743589745,100.0,-12.0,Low Performer
M017,L09,Butter Chicken,627,13799.09,0.6492204,4.24,5.0,12.307692307692308,100.0,-5.0,Hidden Opportunity
M097,L01,Grilled Octopus,987,26071.56,0.5839478,3.65,10.0,11.081081081081082,100.0,-6.0,Hidden Opportunity
M088,L09,Lemon Rice,1270,18671.47,0.5340752,4.36,12.0,10.751932536893886,100.0,-2.0,Hidden Opportunity
M057,L13,Mushroom Pizza,611,9938.14,0.46512124,4.74,5.0,12.714285714285714,100.0,-7.0,Low Performer
M101,L16,Baked Cod,511,13159.75,0.5223845,3.55,7.0,29.41988950276243,100.0,-7.0,Low Performer
M067,L12,Club Sandwich,2238,33484.88,0.50875443,4.52,18.0,9.64876867178038,100.0,-5.0,Hidden Opportunity
M030,L18,Paneer Tikka Masala,1593,48125.65,0.65806824,4.59,12.0,10.70627802690583,100.0,-6.0,Hidden Opportunity
M094,L11,Crab Cakes,1434,38263.4,0.5952477,3.22,14.0,27.648839556004035,100.0,-5.0,Volume Driver
M108,L17,Gelato Trio,895,7435.3003,0.47758663,4.62,9.0,10.856573705179283,100.0,-3.0,Low Performer
M122,L09,Craft Cold Brew,1452,4060.25,0.6709956,4.55,11.0,9.813664596273291,100.0,-10.0,Hidden Opportunity
M122,L19,Craft Cold Brew,1054,2953.29,0.6716611,4.55,11.0,10.753598645215918,100.0,-10.0,Hidden Opportunity
M026,L20,Duck Confit,1982,34914.2,0.33354682,4.39,12.0,9.290617848970252,100.0,-5.0,Volume Driver
M138,L01,Steamed Vegetables,422,3000.74,0.53310186,4.18,3.0,14.401622718052739,100.0,-6.0,Hidden Opportunity
M114,L04,Banoffee Pie,1352,12014.91,0.44749314,4.63,11.0,9.01749663526245,100.0,-8.0,Low Performer
M054,L03,Lasagne al Forno,851,14912.689,0.60339487,4.65,8.0,10.326659641728135,100.0,-5.0,Hidden Opportunity
M133,L03,Espresso,133,599.38,0.5362374,4.56,2.0,34.48275862068966,100.0,-10.0,Low Performer
M141,L07,Garlic Naan,1620,11323.21,0.6909711,3.97,16.0,10.199556541019955,100.0,-6.0,Profit Driver
M023,L10,Thai Green Curry,86,1810.61,0.36210448,3.31,1.0,25.862068965517242,100.0,8.0,Low Performer
M084,L15,Beef Pulao,522,5865.94,0.4634006,3.71,5.0,12.709030100334449,100.0,-9.0,Low Performer
M069,L13,Fish Burger,187,2014.83,0.5628564,3.67,2.0,19.742489270386265,100.0,-7.0,Hidden Opportunity
M106,L04,Molten Lava Cake,1355,12562.56,0.35391754,4.32,11.0,11.321989528795811,100.0,-3.0,Low Performer
M096,L03,Fried Calamari,1006,23061.701,0.28634226,4.28,10.0,11.599297012302284,100.0,-4.0,Low Performer
M101,L08,Baked Cod,528,13695.49,0.52580005,3.55,7.0,29.599999999999998,100.0,-7.0,Low Performer
M145,L16,Rice Bowl,465,1662.62,0.5133585,4.38,7.0,13.246268656716417,100.0,-9.0,Low Performer
M064,L04,Double Bacon Burger,436,4231.0103,0.49300048,3.27,4.0,13.83399209486166,100.0,-5.0,Low Performer
M119,L08,Carrot Cake,176,1171.25,0.5491996,3.67,3.0,20.72072072072072,100.0,-4.0,Hidden Opportunity
M022,L01,Lamb Rogan Josh,530,10475.8,0.5249337,4.26,5.0,13.114754098360656,100.0,-4.0,Hidden Opportunity
M040,L12,Smoked Sausage Plate,1292,23440.36,0.50007427,3.4,11.0,11.065292096219931,100.0,-8.0,Low Performer
M068,L15,Grilled Chicken Wrap,528,7271.9297,0.5113484,4.29,5.0,12.0,100.0,-7.0,Hidden Opportunity
M087,L20,Kabuli Pulao,582,5620.93,0.6759148,3.4,6.0,29.1970802919708,100.0,-5.0,Hidden Opportunity
M108,L08,Gelato Trio,1222,10139.48,0.47694752,4.62,9.0,10.279001468428781,100.0,-3.0,Volume Driver
M050,L15,BBQ Chicken Pizza,439,5416.77,0.66528577,3.78,5.0,14.2578125,100.0,-3.0,Hidden Opportunity
M092,L09,Fish and Chips,572,15508.38,0.6732141,4.15,5.0,12.404287901990811,100.0,-5.0,Hidden Opportunity
M002,L06,Loaded Nachos,629,2885.0999,0.61411047,3.36,7.0,11.158192090395481,100.0,-2.0,Hidden Opportunity
M149,L20,Dinner Roll,1016,6022.08,0.45505872,3.44,10.0,10.08849557522124,100.0,-9.0,Low Performer
M046,L07,Margherita Pizza,571,7603.24,0.6252532,3.55,6.0,12.82442748091603,100.0,-11.0,Hidden Opportunity
M019,L11,Mushroom Risotto,621,8947.95,0.5870618,4.67,6.0,12.903225806451612,100.0,-9.0,Hidden Opportunity
M020,L14,Beef Stroganoff,603,10113.14,0.3107304,3.65,8.0,12.481857764876633,100.0,-9.0,Low Performer
M133,L18,Espresso,145,669.17,0.5471256,4.56,2.0,33.17972350230415,100.0,-10.0,Low Performer
M053,L10,Penne Arrabbiata,993,15466.98,0.65652317,3.66,9.0,9.972801450589303,100.0,-6.0,Hidden Opportunity
M146,L09,Pita Bread,858,5768.21,0.6593709,4.7,8.0,11.088082901554404,100.0,-7.0,Hidden Opportunity
M128,L11,Cappuccino,185,727.41,0.44556713,4.23,1.0,19.82758620689655,100.0,-0.0,Low Performer
M028,L11,Chicken Parmesan,573,15820.7,0.64035153,4.65,5.0,12.652439024390244,100.0,-12.0,Hidden Opportunity
M115,L15,Panna Cotta,417,2059.67,0.5768594,4.72,4.0,14.02061855670103,100.0,-3.0,Hidden Opportunity
M019,L05,Mushroom Risotto,743,10695.19,0.5866506,4.67,6.0,11.017964071856287,100.0,-9.0,Hidden Opportunity
M103,L13,Tuna Steak,3242,44566.65,0.6450045,3.49,17.0,9.643255295429208,100.0,-6.0,Profit Driver
M028,L12,Chicken Parmesan,671,18564.34,0.64108443,4.65,5.0,11.594202898550725,100.0,-12.0,Hidden Opportunity
M020,L04,Beef Stroganoff,1061,17811.07,0.3113743,3.65,8.0,10.388513513513512,100.0,-9.0,Low Performer
M147,L03,Grilled Corn,809,4753.35,0.68683976,4.68,8.0,11.584699453551913,100.0,-7.0,Hidden Opportunity
M092,L06,Fish and Chips,379,10218.39,0.6713827,4.15,5.0,14.63963963963964,100.0,-5.0,Hidden Opportunity
M007,L20,Garlic Bread,1143,6526.1396,0.30643842,3.84,6.0,28.022670025188916,100.0,-7.0,Low Performer
M004,L10,Calamari Rings,192,1311.25,0.35865775,3.47,2.0,19.665271966527197,100.0,-3.0,Low Performer
M127,L03,Sparkling Water,516,2589.76,0.52579385,4.23,5.0,12.690355329949238,100.0,-8.0,Hidden Opportunity
M046,L09,Margherita Pizza,665,8755.46,0.6209965,3.55,6.0,11.803713527851459,100.0,-11.0,Hidden Opportunity
M130,L17,Green Tea,373,1881.2,0.60939294,3.3,4.0,15.034168564920272,100.0,-3.0,Hidden Opportunity
M001,L02,Truffle Fries,414,2714.05,0.58661777,4.26,5.0,13.92931392931393,100.0,-10.0,Hidden Opportunity
M097,L08,Grilled Octopus,725,19177.33,0.5845225,3.65,10.0,11.151960784313726,100.0,-6.0,Hidden Opportunity
M107,L06,New York Cheesecake,325,2429.58,0.2696269,4.02,4.0,14.02116402116402,100.0,-10.0,Low Performer
M131,L03,Coca-Cola,230,1170.9299,0.52465135,4.74,2.0,18.439716312056735,100.0,-6.0,Low Performer
M074,L02,Spicy Zinger Burger,398,4212.83,0.70051956,4.36,4.0,30.419580419580424,100.0,-9.0,Hidden Opportunity
M110,L14,Chocolate Brownie,301,2086.84,0.49661207,3.46,5.0,16.15598885793872,100.0,-6.0,Low Performer
M066,L12,Pulled Pork Sandwich,182,2042.35,0.48492667,4.34,2.0,20.52401746724891,100.0,-6.0,Low Performer
M125,L02,Masala Chai,434,2404.02,0.6786549,3.4,3.0,13.545816733067728,100.0,-0.0,Hidden Opportunity
M071,L08,Falafel Wrap,895,11386.96,0.64001805,4.69,10.0,11.822660098522167,100.0,-9.0,Hidden Opportunity
M138,L12,Steamed Vegetables,430,3009.06,0.52556616,4.18,3.0,13.306451612903224,100.0,-6.0,Hidden Opportunity
M109,L16,Tiramisu,322,2010.7,0.52757746,4.07,4.0,15.926892950391643,100.0,-3.0,Low Performer
M113,L18,Sticky Toffee Pudding,1504,14302.57,0.5120765,4.7,11.0,10.26252983293556,100.0,-9.0,Hidden Opportunity
M042,L09,Grilled Veg Platter,1084,24325.49,0.6385997,3.59,9.0,10.264900662251655,100.0,-5.0,Hidden Opportunity
M003,L06,Soup of the Day,218,1499.65,0.5348248,3.43,3.0,17.110266159695815,100.0,-12.0,Low Performer
M015,L06,Greek Salad,516,4966.21,0.50334764,3.72,6.0,28.827586206896548,100.0,-7.0,Low Performer
M068,L03,Grilled Chicken Wrap,535,7377.4897,0.5119546,4.29,5.0,12.37785016286645,100.0,-7.0,Hidden Opportunity
M013,L08,Prawn Tempura,501,3496.39,0.54863447,3.52,7.0,13.471502590673575,100.0,-11.0,Low Performer
M011,L16,Cheese Sticks,537,2756.61,0.50714463,3.57,7.0,12.254901960784313,100.0,-4.0,Low Performer
M002,L01,Loaded Nachos,954,4398.57,0.61610705,3.36,7.0,11.1731843575419,100.0,-2.0,Hidden Opportunity
M052,L16,Spaghetti Bolognese,164,2062.57,0.48396417,3.68,2.0,22.274881516587676,100.0,-5.0,Low Performer
M056,L13,Hawaiian Pizza,1017,14964.63,0.6391311,4.16,8.0,11.948051948051948,100.0,-6.0,Hidden Opportunity
M142,L11,Buttered Corn,965,3505.29,0.540252,4.53,9.0,11.386593204775023,100.0,-8.0,Hidden Opportunity
M077,L18,Mutton Biryani,1035,10945.05,0.5186728,4.2,7.0,10.38961038961039,100.0,-7.0,Hidden Opportunity
M040,L05,Smoked Sausage Plate,1331,24124.55,0.49958983,3.4,11.0,10.1889338731444,100.0,-8.0,Low Performer
M104,L07,Fish Tacos,1081,24716.92,0.713097,4.11,11.0,11.101973684210527,100.0,-7.0,Hidden Opportunity
M029,L06,Pan-Seared Steak,1545,31555.88,0.51675725,4.45,16.0,10.017472335468842,100.0,-8.0,Profit Driver
M052,L15,Spaghetti Bolognese,214,2698.16,0.48525664,3.68,2.0,17.692307692307693,100.0,-5.0,Low Performer
M048,L16,Truffle Carbonara,735,10490.68,0.32950488,3.6,10.0,11.338962605548854,100.0,-4.0,Low Performer
M016,L10,Signature Ribeye,423,9604.02,0.31203184,4.04,4.0,29.382303839732888,100.0,-6.0,Low Performer
M071,L06,Falafel Wrap,932,11939.28,0.6424776,4.69,10.0,10.384615384615385,100.0,-9.0,Hidden Opportunity
M065,L19,Veggie Burger,1038,15659.68,0.5552285,3.95,11.0,10.977701543739279,100.0,-10.0,Hidden Opportunity
M098,L13,Seafood Platter,1328,40570.48,0.66415775,4.29,11.0,10.209601081812036,100.0,-6.0,Hidden Opportunity
M013,L11,Prawn Tempura,638,4455.74,0.5489638,3.52,7.0,11.756569847856154,100.0,-11.0,Low Performer
M135,L15,Salted Caramel Frappe,1293,4140.2,0.6876962,3.22,13.0,10.14593467685893,100.0,-8.0,Profit Driver
M013,L05,Prawn Tempura,807,5722.45,0.5557759,3.52,7.0,10.927152317880795,100.0,-11.0,Low Performer
M123,L19,Mango Smoothie,172,908.36,0.51336473,4.65,2.0,20.0,100.0,-8.0,Low Performer
M064,L18,Double Bacon Burger,422,4074.07,0.49037695,3.27,4.0,13.877551020408163,100.0,-5.0,Low Performer
M027,L10,Vegetable Korma,1004,16155.72,0.3773054,3.68,11.0,10.596616206589493,100.0,-6.0,Low Performer
M043,L16,Beef Short Ribs,156,4589.93,0.5669999,3.64,2.0,20.0,100.0,0.0,Hidden Opportunity
M122,L20,Craft Cold Brew,1253,3516.06,0.6721443,4.55,11.0,9.85611510791367,100.0,-10.0,Hidden Opportunity
M030,L16,Paneer Tikka Masala,2236,68000.47,0.6603277,4.59,12.0,9.802339653085921,100.0,-6.0,Profit Driver
M011,L20,Cheese Sticks,735,3760.35,0.5054849,3.57,7.0,11.377245508982035,100.0,-4.0,Low Performer
M015,L14,Greek Salad,425,4122.89,0.50726306,3.72,6.0,29.75206611570248,100.0,-7.0,Low Performer
M125,L06,Masala Chai,313,1711.7,0.6745108,3.4,3.0,16.31016042780749,100.0,-0.0,Hidden Opportunity
M059,L06,Mac and Cheese,1096,16516.61,0.6277348,3.85,12.0,10.676446617766912,100.0,-5.0,Hidden Opportunity
M046,L02,Margherita Pizza,603,8045.54,0.6260077,3.55,6.0,11.323529411764707,100.0,-11.0,Hidden Opportunity
M136,L19,French Fries,512,4229.57,0.49157953,3.33,7.0,12.776831345826235,100.0,-4.0,Low Performer
M028,L14,Chicken Parmesan,372,10229.38,0.6388872,4.65,5.0,15.068493150684931,100.0,-12.0,Hidden Opportunity
M056,L08,Hawaiian Pizza,599,8919.45,0.6433984,4.16,8.0,11.651917404129794,100.0,-6.0,Hidden Opportunity
M037,L16,BBQ Pulled Pork,262,6296.52,0.5780717,4.73,4.0,18.125,100.0,0.0,Hidden Opportunity
M014,L10,Caesar Salad,684,3557.18,0.45967314,4.36,7.0,11.398963730569948,100.0,-3.0,Low Performer
M017,L12,Butter Chicken,619,13575.24,0.64798564,4.24,5.0,12.322946175637393,100.0,-5.0,Hidden Opportunity
M123,L13,Mango Smoothie,241,1267.67,0.51141065,4.65,2.0,17.465753424657535,100.0,-8.0,Low Performer
M091,L20,Grilled Prawns,1002,15804.78,0.563818,3.86,8.0,11.091393078970718,100.0,-5.0,Hidden Opportunity
M007,L19,Garlic Bread,609,3464.48,0.30389553,3.84,6.0,29.02097902097902,100.0,-7.0,Low Performer
M039,L04,Char-Grilled Steak,1685,42584.25,0.48362952,3.89,14.0,9.539121114683816,100.0,-7.0,Volume Driver
M110,L08,Chocolate Brownie,362,2539.87,0.5025808,3.46,5.0,15.22248243559719,100.0,-6.0,Low Performer
M005,L08,Chicken Wings,317,2025.14,0.49909633,4.2,5.0,15.691489361702127,100.0,-9.0,Low Performer
M127,L01,Sparkling Water,528,2630.95,0.52236265,4.23,5.0,12.582781456953644,100.0,-8.0,Hidden Opportunity
M013,L16,Prawn Tempura,486,3424.03,0.55289525,3.52,7.0,13.368983957219251,100.0,-11.0,Low Performer
M029,L07,Pan-Seared Steak,1578,32351.11,0.518568,4.45,16.0,10.967379077615298,100.0,-8.0,Profit Driver
M135,L18,Salted Caramel Frappe,1858,5907.49,0.685484,3.22,13.0,9.410043881033642,100.0,-8.0,Hidden Opportunity
M023,L19,Thai Green Curry,89,1898.83,0.37052292,3.31,1.0,26.446280991735538,100.0,8.0,Low Performer
M028,L06,Chicken Parmesan,479,13129.63,0.6377301,4.65,5.0,12.750455373406194,100.0,-12.0,Hidden Opportunity
M047,L14,Pepperoni Pizza,133,1803.87,0.62692434,3.7,2.0,22.22222222222222,100.0,-13.0,Hidden Opportunity
M106,L06,Molten Lava Cake,916,8533.88,0.35705218,4.32,11.0,10.28403525954946,100.0,-3.0,Low Performer
M042,L18,Grilled Veg Platter,1050,23521.75,0.63797337,3.59,9.0,10.790144435004247,100.0,-5.0,Hidden Opportunity
M034,L16,Lamb Chops,369,11089.68,0.6176797,3.44,5.0,13.953488372093023,100.0,-4.0,Hidden Opportunity
M053,L20,Penne Arrabbiata,973,15201.86,0.65757155,3.66,9.0,11.141552511415526,100.0,-6.0,Hidden Opportunity
M142,L02,Buttered Corn,1120,4083.39,0.5419492,4.53,9.0,10.969793322734498,100.0,-8.0,Hidden Opportunity
M114,L03,Banoffee Pie,1175,10528.28,0.45202348,4.63,11.0,10.03062787136294,100.0,-8.0,Low Performer
M098,L01,Seafood Platter,1357,41577.88,0.6651388,4.29,11.0,10.782380013149243,100.0,-6.0,Hidden Opportunity
M149,L05,Dinner Roll,1278,7598.99,0.4567778,3.44,10.0,10.31578947368421,100.0,-9.0,Low Performer
M069,L02,Fish Burger,213,2322.44,0.5680276,3.67,2.0,17.120622568093385,100.0,-7.0,Hidden Opportunity
M096,L01,Fried Calamari,1314,30177.371,0.28764364,4.28,10.0,10.368349249658936,100.0,-4.0,Low Performer
M114,L11,Banoffee Pie,1169,10483.42,0.45248878,4.63,11.0,10.626911314984708,100.0,-8.0,Low Performer
M106,L03,Molten Lava Cake,1173,10906.01,0.35574332,4.32,11.0,11.253776435045317,100.0,-3.0,Low Performer
M072,L11,Philly Cheesesteak,744,9406.47,0.2691669,4.45,9.0,11.084624553039331,100.0,-7.0,Low Performer
M067,L01,Club Sandwich,2011,30194.62,0.5104807,4.52,18.0,9.045680687471732,100.0,-5.0,Profit Driver
M082,L13,Jeera Rice,122,2125.43,0.54137284,3.73,1.0,33.69565217391305,100.0,-18.0,Low Performer
M046,L13,Margherita Pizza,655,8733.97,0.6257773,3.55,6.0,12.666666666666668,100.0,-11.0,Hidden Opportunity
M141,L12,Garlic Naan,2060,14483.51,0.6927817,3.97,16.0,9.530083443126921,100.0,-6.0,Hidden Opportunity
M019,L14,Mushroom Risotto,402,5803.48,0.58785075,4.67,6.0,14.83050847457627,100.0,-9.0,Hidden Opportunity
M020,L03,Beef Stroganoff,904,15237.51,0.31417665,3.65,8.0,12.147716229348884,100.0,-9.0,Low Performer
M032,L16,BBQ Ribs Full Rack,495,9715.96,0.68820375,4.28,6.0,13.005272407732866,100.0,-2.0,Hidden Opportunity
M082,L10,Jeera Rice,117,2018.36,0.53683686,3.73,1.0,33.52272727272727,100.0,-18.0,Low Performer
M060,L11,Pesto Pasta,946,17864.1,0.718807,3.25,11.0,10.501419110690634,100.0,-8.0,Hidden Opportunity
M072,L17,Philly Cheesesteak,838,10753.95,0.27997437,4.45,9.0,10.945802337938364,100.0,-7.0,Low Performer
M091,L16,Grilled Prawns,698,10936.49,0.56089747,3.86,8.0,12.531328320802004,100.0,-5.0,Hidden Opportunity
M056,L01,Hawaiian Pizza,947,13940.3,0.63927823,4.16,8.0,10.912511759172155,100.0,-6.0,Hidden Opportunity
M104,L06,Fish Tacos,917,20897.59,0.7121429,4.11,11.0,11.657032755298651,100.0,-7.0,Hidden Opportunity
M072,L12,Philly Cheesesteak,1038,13212.9,0.2741094,4.45,9.0,10.90128755364807,100.0,-7.0,Low Performer
M129,L07,Strawberry Milkshake,733,3551.72,0.58517843,3.42,9.0,11.793020457280386,100.0,-6.0,Hidden Opportunity
M091,L07,Grilled Prawns,862,13557.68,0.56256825,3.86,8.0,11.408016443987668,100.0,-5.0,Hidden Opportunity
M045,L08,Mixed Grill,1540,24310.06,0.5413586,3.7,13.0,27.733458470201782,100.0,-4.0,Volume Driver
M116,L19,Fruit Tart,123,754.31,0.5434238,3.55,1.0,21.656050955414013,100.0,-12.0,Low Performer
M117,L12,Ice Cream Sundae,1958,21769.63,0.5350008,4.69,10.0,10.18348623853211,100.0,-9.0,Hidden Opportunity
M132,L03,Virgin Mojito,1273,3733.8901,0.6147476,4.41,12.0,10.415200562983815,100.0,-8.0,Profit Driver
M018,L19,Grilled Salmon,1374,18417.53,0.64339846,3.36,14.0,9.960681520314548,100.0,-9.0,Profit Driver
M102,L13,Mussels Marinara,1393,35355.44,0.6946509,4.38,12.0,10.762331838565023,100.0,-8.0,Hidden Opportunity
M074,L11,Spicy Zinger Burger,407,4181.76,0.69147205,4.36,4.0,30.18867924528302,100.0,-9.0,Hidden Opportunity
M033,L15,Peri Peri Chicken,498,14306.57,0.40093398,4.21,5.0,29.055007052186177,100.0,-7.0,Low Performer
M127,L10,Sparkling Water,999,5027.16,0.5270451,4.23,5.0,10.483870967741936,100.0,-8.0,Hidden Opportunity
M009,L18,Hummus Platter,2008,20941.74,0.38345906,4.68,15.0,10.397144132083891,100.0,-8.0,Low Performer
M148,L05,Extra Cheese,912,6446.63,0.5869097,4.46,7.0,10.588235294117647,100.0,-6.0,Hidden Opportunity
M058,L08,Seafood Linguine,1276,23008.24,0.5502324,4.7,15.0,10.581639803784162,100.0,-6.0,Profit Driver
M147,L11,Grilled Corn,839,4908.63,0.68550086,4.68,8.0,11.68421052631579,100.0,-7.0,Hidden Opportunity
M096,L20,Fried Calamari,1164,26940.24,0.2931377,4.28,10.0,10.323574730354391,100.0,-4.0,Low Performer
M040,L15,Smoked Sausage Plate,1057,19047.5,0.49667987,3.4,11.0,11.695906432748536,100.0,-8.0,Low Performer
M062,L13,Cheeseburger Deluxe,792,12863.75,0.4859042,4.71,7.0,11.705685618729097,100.0,-6.0,Low Performer
M002,L16,Loaded Nachos,520,2394.16,0.6155646,3.36,7.0,13.333333333333334,100.0,-2.0,Hidden Opportunity
M054,L11,Lasagne al Forno,817,14327.4,0.6036859,4.65,8.0,10.61269146608315,100.0,-5.0,Hidden Opportunity
M053,L11,Penne Arrabbiata,896,13941.13,0.65615416,3.66,9.0,11.549851924975322,100.0,-6.0,Hidden Opportunity
M140,L05,Side Salad,2405,13351.2295,0.474011,4.02,18.0,9.552463332079729,100.0,-9.0,Volume Driver
M090,L05,Steamed Basmati,760,11723.93,0.6065143,4.45,6.0,11.214953271028037,100.0,-5.0,Hidden Opportunity
M090,L06,Steamed Basmati,541,8402.54,0.60918134,4.45,6.0,12.175324675324676,100.0,-5.0,Hidden Opportunity
M007,L13,Garlic Bread,785,4484.09,0.30674896,3.84,6.0,28.57142857142857,100.0,-7.0,Low Performer
M102,L16,Mussels Marinara,916,23203.16,0.69405025,4.38,12.0,11.923076923076923,100.0,-8.0,Hidden Opportunity
M035,L08,Grilled Kebab Platter,137,2902.22,0.5218109,4.25,2.0,21.714285714285715,100.0,1.0,Low Performer
M120,L20,Red Velvet Slice,783,6355.7397,0.6193252,3.82,7.0,11.62528216704289,100.0,-7.0,Hidden Opportunity
M137,L06,Mashed Potatoes,125,531.17,0.49639472,3.89,2.0,24.242424242424242,100.0,-7.0,Low Performer
M085,L05,Vegetable Pulao,2046,26349.03,0.3795772,4.61,15.0,26.98072805139186,100.0,-6.0,Low Performer
M065,L15,Veggie Burger,1099,16628.379,0.55652386,3.95,11.0,11.156022635408245,100.0,-10.0,Profit Driver
M139,L03,Coleslaw,954,4603.08,0.42383793,4.73,9.0,10.506566604127581,100.0,-9.0,Low Performer
M044,L02,Spicy Buffalo Wings,1717,49925.41,0.5271196,3.29,14.0,9.153439153439153,100.0,-6.0,Low Performer
M105,L12,Shrimp Scampi,1005,28551.17,0.62476844,4.51,8.0,10.507569011576136,100.0,-9.0,Hidden Opportunity
M110,L17,Chocolate Brownie,456,3167.03,0.49749765,3.46,5.0,12.977099236641221,100.0,-6.0,Low Performer
M031,L15,Smoked Brisket,208,5562.97,0.64628965,3.88,2.0,19.69111969111969,100.0,-2.0,Hidden Opportunity
M012,L18,Onion Rings,1194,7996.18,0.41466048,3.34,9.0,27.898550724637683,100.0,-9.0,Low Performer
M033,L09,Peri Peri Chicken,680,19605.84,0.40309626,4.21,5.0,28.884254431699684,100.0,-7.0,Low Performer
M093,L19,Butter Garlic Shrimp,456,8928.77,0.6373969,4.07,6.0,13.282732447817835,100.0,-6.0,Hidden Opportunity
M029,L17,Pan-Seared Steak,1692,34774.81,0.5197662,4.45,16.0,10.570824524312897,100.0,-8.0,Profit Driver
M115,L18,Panna Cotta,901,4452.61,0.5770818,4.72,4.0,10.526315789473683,100.0,-3.0,Hidden Opportunity
M137,L16,Mashed Potatoes,115,500.49002,0.5082819,3.89,2.0,23.333333333333332,100.0,-7.0,Low Performer
M100,L03,Prawn Curry,434,7269.23,0.46445772,3.43,4.0,13.373253493013973,100.0,-7.0,Low Performer
M002,L14,Loaded Nachos,506,2272.34,0.60586,3.36,7.0,13.798977853492334,100.0,-2.0,Hidden Opportunity
M070,L15,Steak Sandwich,1427,21553.54,0.5239701,4.56,15.0,9.740670461733082,100.0,-5.0,Profit Driver
M039,L03,Char-Grilled Steak,1431,35946.59,0.48049173,3.89,14.0,10.5625,100.0,-7.0,Volume Driver
M121,L11,Fresh Lemonade,587,3067.53,0.52734286,3.69,6.0,13.037037037037036,100.0,-3.0,Hidden Opportunity
M116,L08,Fruit Tart,104,645.98,0.54921204,3.55,1.0,26.76056338028169,100.0,-12.0,Low Performer
M131,L16,Coca-Cola,161,805.39,0.51623434,4.74,2.0,21.07843137254902,100.0,-6.0,Low Performer
M090,L13,Steamed Basmati,772,11939.66,0.60752314,4.45,6.0,10.751445086705203,100.0,-5.0,Hidden Opportunity
M100,L02,Prawn Curry,515,8625.47,0.4644292,3.43,4.0,12.1160409556314,100.0,-7.0,Low Performer
M149,L08,Dinner Roll,800,4787.79,0.4602938,3.44,10.0,11.20976692563818,100.0,-9.0,Low Performer
M010,L10,Stuffed Mushrooms,626,5989.83,0.6739273,4.25,6.0,10.953058321479373,100.0,-10.0,Hidden Opportunity
M107,L20,New York Cheesecake,396,2951.29,0.2673848,4.02,4.0,15.021459227467812,100.0,-10.0,Low Performer
M100,L17,Prawn Curry,458,7734.3203,0.46882725,3.43,4.0,14.232209737827715,100.0,-7.0,Low Performer
M098,L02,Seafood Platter,1187,36629.63,0.66752,4.29,11.0,10.007581501137224,100.0,-6.0,Hidden Opportunity
M126,L08,Fresh Orange Juice,659,2390.28,0.51752514,4.11,9.0,12.016021361815755,100.0,-8.0,Hidden Opportunity
M082,L08,Jeera Rice,92,1596.5399,0.53957933,3.73,1.0,33.81294964028777,100.0,-18.0,Low Performer
M141,L11,Garlic Naan,1762,12319.12,0.69105583,3.97,16.0,10.558375634517766,100.0,-6.0,Profit Driver
M086,L07,Schezwan Fried Rice,948,10449.28,0.58811325,3.34,10.0,10.056925996204933,100.0,-8.0,Hidden Opportunity
M063,L16,Crispy Chicken Burger,367,4932.75,0.38693833,3.72,5.0,15.43778801843318,100.0,-6.0,Low Performer
M087,L06,Kabuli Pulao,516,4965.37,0.6747312,3.4,6.0,28.92561983471074,100.0,-5.0,Hidden Opportunity
M119,L01,Carrot Cake,334,2168.91,0.53801686,3.67,3.0,14.358974358974358,100.0,-4.0,Hidden Opportunity
M117,L20,Ice Cream Sundae,923,10459.42,0.5437691,4.69,10.0,10.648596321393997,100.0,-9.0,Hidden Opportunity
M001,L11,Truffle Fries,398,2603.01,0.5856412,4.26,5.0,14.775160599571734,100.0,-10.0,Hidden Opportunity
M046,L01,Margherita Pizza,785,10469.45,0.6258495,3.55,6.0,11.499436302142051,100.0,-11.0,Hidden Opportunity
M052,L02,Spaghetti Bolognese,242,3046.39,0.48444557,3.68,2.0,18.243243243243242,100.0,-5.0,Low Performer
M061,L12,Classic Beef Burger,513,5485.87,0.5978942,4.73,2.0,13.050847457627118,100.0,-4.0,Hidden Opportunity
M118,L01,Baklava,2114,17745.17,0.33286634,3.97,17.0,10.004257130693912,100.0,-5.0,Volume Driver
M101,L20,Baked Cod,762,19897.98,0.52896726,3.55,7.0,28.718428437792333,100.0,-7.0,Low Performer
M058,L03,Seafood Linguine,1724,31205.84,0.5519543,4.7,15.0,10.197710718002082,100.0,-6.0,Profit Driver
M066,L16,Pulled Pork Sandwich,123,1401.47,0.49271834,4.34,2.0,25.0,100.0,-6.0,Low Performer
M143,L12,Cheese Dip,617,1785.46,0.54730433,3.24,6.0,12.108262108262108,100.0,-6.0,Low Performer
M089,L07,Hyderabadi Biryani,775,10279.7295,0.60570467,3.31,7.0,10.611303344867359,100.0,-4.0,Hidden Opportunity
M104,L10,Fish Tacos,1037,23666.86,0.7125635,4.11,11.0,10.987124463519313,100.0,-7.0,Hidden Opportunity
M114,L06,Banoffee Pie,993,8886.61,0.45135096,4.63,11.0,10.621062106210621,100.0,-8.0,Low Performer
M144,L18,Sweet Potato Fries,141,799.8,0.59981245,4.37,0.0,22.52747252747253,100.0,-7.0,Hidden Opportunity
M129,L06,Strawberry Milkshake,743,3601.0,0.58527356,3.42,9.0,11.124401913875598,100.0,-6.0,Hidden Opportunity
M050,L11,BBQ Chicken Pizza,425,5273.54,0.6671591,3.78,5.0,13.441955193482688,100.0,-3.0,Hidden Opportunity
M114,L05,Banoffee Pie,1510,13458.16,0.44910002,4.63,11.0,10.966981132075473,100.0,-8.0,Low Performer
M031,L17,Smoked Brisket,174,4651.4,0.6461195,3.88,2.0,20.54794520547945,100.0,-2.0,Hidden Opportunity
M112,L09,Apple Pie,1144,10390.74,0.49024612,4.53,9.0,10.972762645914397,100.0,-12.0,Low Performer
M054,L05,Lasagne al Forno,1085,18768.45,0.5982221,4.65,8.0,10.404624277456648,100.0,-5.0,Hidden Opportunity
M091,L19,Grilled Prawns,760,11846.93,0.5586367,3.86,8.0,11.11111111111111,100.0,-5.0,Hidden Opportunity
M061,L20,Classic Beef Burger,171,1841.38,0.6006799,4.73,2.0,21.19815668202765,100.0,-4.0,Hidden Opportunity
M119,L09,Carrot Cake,339,2263.83,0.55076134,3.67,3.0,15.88089330024814,100.0,-4.0,Hidden Opportunity
M127,L04,Sparkling Water,582,2933.85,0.52786946,4.23,5.0,12.743628185907047,100.0,-8.0,Hidden Opportunity
M085,L07,Vegetable Pulao,1518,19479.42,0.37735212,4.61,15.0,28.056872037914694,100.0,-6.0,Volume Driver
M065,L01,Veggie Burger,1317,20001.36,0.5581766,3.95,11.0,9.595613433858807,100.0,-10.0,Hidden Opportunity
M111,L15,Creme Brulee,893,5927.16,0.5284267,4.31,8.0,28.215434083601288,100.0,-7.0,Low Performer
M130,L18,Green Tea,459,2280.24,0.60344964,3.3,4.0,13.23251417769376,100.0,-3.0,Hidden Opportunity
M031,L20,Smoked Brisket,234,6298.3,0.64853376,3.88,2.0,17.6056338028169,100.0,-2.0,Hidden Opportunity
M101,L12,Baked Cod,856,22276.23,0.5273527,3.55,7.0,28.84455527847049,100.0,-7.0,Low Performer
M031,L07,Smoked Brisket,206,5530.04,0.6476047,3.88,2.0,18.57707509881423,100.0,-2.0,Hidden Opportunity
M145,L02,Rice Bowl,869,3104.27,0.51290965,4.38,7.0,11.05424769703173,100.0,-9.0,Hidden Opportunity
M075,L09,Halloumi Burger,772,11141.34,0.3140143,3.75,7.0,12.272727272727273,100.0,-9.0,Low Performer
M114,L18,Banoffee Pie,1521,13579.64,0.45005098,4.63,11.0,9.828300769686205,100.0,-8.0,Low Performer
M013,L19,Prawn Tempura,568,3974.32,0.54980975,3.52,7.0,12.074303405572756,100.0,-11.0,Low Performer
M074,L15,Spicy Zinger Burger,317,3300.0999,0.6954971,4.36,4.0,29.867256637168143,100.0,-9.0,Hidden Opportunity
M115,L16,Panna Cotta,309,1547.73,0.5827373,4.72,4.0,16.032608695652172,100.0,-3.0,Hidden Opportunity
M030,L17,Paneer Tikka Masala,1190,36174.85,0.6601865,4.59,12.0,10.593538692712247,100.0,-6.0,Profit Driver
M116,L04,Fruit Tart,155,938.06,0.5373431,3.55,1.0,19.689119170984455,100.0,-12.0,Low Performer
M076,L17,Chicken Biryani,1179,12826.76,0.47791025,3.36,11.0,10.54628224582701,100.0,-8.0,Volume Driver
M016,L07,Signature Ribeye,384,8718.2,0.31200475,4.04,4.0,30.181818181818183,100.0,-6.0,Low Performer
M038,L18,Grilled Lamb Skewers,1098,32639.691,0.40995395,4.27,7.0,11.165048543689322,100.0,-9.0,Low Performer
M061,L03,Classic Beef Burger,161,1739.92,0.6021081,4.73,2.0,21.844660194174757,100.0,-4.0,Hidden Opportunity
M006,L01,Spring Rolls,407,4159.0,0.58996636,3.33,3.0,13.219616204690832,100.0,-6.0,Hidden Opportunity
M091,L11,Grilled Prawns,925,14542.77,0.56239426,3.86,8.0,10.541586073500966,100.0,-5.0,Hidden Opportunity
M035,L20,Grilled Kebab Platter,142,2972.51,0.516079,4.25,2.0,24.06417112299465,100.0,1.0,Low Performer
M083,L13,Mushroom Rice,831,13883.37,0.66001916,3.28,7.0,10.64516129032258,100.0,-6.0,Hidden Opportunity
M123,L02,Mango Smoothie,234,1224.13,0.5087286,4.65,2.0,17.770034843205575,100.0,-8.0,Low Performer
M108,L05,Gelato Trio,1112,9244.391,0.47794497,4.62,9.0,10.610932475884244,100.0,-3.0,Low Performer
M091,L17,Grilled Prawns,868,13520.22,0.55830306,3.86,8.0,11.156601842374616,100.0,-5.0,Hidden Opportunity
M131,L19,Coca-Cola,188,947.14,0.51964855,4.74,2.0,19.65811965811966,100.0,-6.0,Low Performer
M106,L07,Molten Lava Cake,1173,10941.26,0.35781896,4.32,11.0,10.373760488176965,100.0,-3.0,Low Performer
M104,L13,Fish Tacos,1270,29225.84,0.7149372,4.11,11.0,10.120311394196744,100.0,-7.0,Hidden Opportunity
M055,L05,Meat Feast Pizza,668,11103.7295,0.5427843,4.64,5.0,11.170212765957446,100.0,-3.0,Hidden Opportunity
M100,L19,Prawn Curry,423,7137.25,0.46837926,3.43,4.0,13.673469387755102,100.0,-7.0,Low Performer
M123,L05,Mango Smoothie,222,1169.03,0.5119543,4.65,2.0,19.272727272727273,100.0,-8.0,Low Performer
M021,L05,Chicken Alfredo,1000,26976.06,0.5247638,4.08,8.0,9.99099909990999,100.0,-7.0,Hidden Opportunity
M015,L16,Greek Salad,555,5328.11,0.5020936,3.72,6.0,29.65779467680608,100.0,-7.0,Low Performer
M031,L04,Smoked Brisket,264,6998.87,0.6431653,3.88,2.0,15.654952076677317,100.0,-2.0,Hidden Opportunity
M105,L06,Shrimp Scampi,740,20906.049,0.62267387,4.51,8.0,11.164465786314526,100.0,-9.0,Hidden Opportunity
M146,L02,Pita Bread,951,6256.34,0.6519067,4.7,8.0,10.6203007518797,100.0,-7.0,Hidden Opportunity
M125,L01,Masala Chai,448,2459.65,0.67579126,3.4,3.0,13.513513513513514,100.0,-0.0,Hidden Opportunity
M086,L06,Schezwan Fried Rice,678,7417.43,0.5850153,3.34,10.0,11.2565445026178,100.0,-8.0,Hidden Opportunity
M121,L15,Fresh Lemonade,473,2512.94,0.5350824,3.69,6.0,12.730627306273062,100.0,-3.0,Hidden Opportunity
M003,L17,Soup of the Day,183,1247.72,0.53066397,3.43,3.0,19.383259911894275,100.0,-12.0,Low Performer
M033,L10,Peri Peri Chicken,584,16832.94,0.40291837,4.21,5.0,28.953771289537713,100.0,-7.0,Low Performer
M004,L04,Calamari Rings,221,1514.7,0.36094275,3.47,2.0,18.681318681318682,100.0,-3.0,Low Performer
M097,L15,Grilled Octopus,1916,50520.72,0.58320385,3.65,10.0,9.665252239509666,100.0,-6.0,Profit Driver
M003,L03,Soup of the Day,231,1611.11,0.54118586,3.43,3.0,17.793594306049823,100.0,-12.0,Low Performer
M097,L02,Grilled Octopus,1074,28402.9,0.5844347,3.65,10.0,9.899328859060402,100.0,-6.0,Hidden Opportunity
M058,L15,Seafood Linguine,1575,28391.0,0.5500951,4.7,15.0,9.948542024013722,100.0,-6.0,Profit Driver
M114,L08,Banoffee Pie,791,7082.53,0.45163524,4.63,11.0,11.817168338907468,100.0,-8.0,Low Performer
M055,L14,Meat Feast Pizza,369,6027.11,0.53470236,4.64,5.0,15.36697247706422,100.0,-3.0,Hidden Opportunity
M061,L08,Classic Beef Burger,129,1343.5701,0.5871447,4.73,2.0,23.214285714285715,100.0,-4.0,Hidden Opportunity
M087,L12,Kabuli Pulao,640,6162.19,0.67492074,3.4,6.0,29.3598233995585,100.0,-5.0,Hidden Opportunity
M105,L13,Shrimp Scampi,1046,29590.77,0.62318116,4.51,8.0,10.826939471440749,100.0,-9.0,Hidden Opportunity
M095,L17,Lobster Thermidor,397,6850.47,0.60998154,3.59,4.0,14.439655172413794,100.0,-5.0,Hidden Opportunity
M131,L18,Coca-Cola,264,1361.73,0.5308321,4.74,2.0,16.7192429022082,100.0,-6.0,Hidden Opportunity
M048,L07,Truffle Carbonara,906,12891.62,0.32743752,3.6,10.0,11.263467189030363,100.0,-4.0,Low Performer
M027,L16,Vegetable Korma,1088,17499.69,0.37703127,3.68,11.0,10.599835661462613,100.0,-6.0,Low Performer
M142,L15,Buttered Corn,879,3188.56,0.539626,4.53,9.0,10.397553516819572,100.0,-8.0,Hidden Opportunity
M028,L08,Chicken Parmesan,380,10428.31,0.638158,4.65,5.0,15.555555555555555,100.0,-12.0,Hidden Opportunity
M081,L09,Prawn Biryani,252,4779.89,0.6752394,4.68,3.0,17.91530944625407,100.0,-6.0,Hidden Opportunity
M021,L01,Chicken Alfredo,927,25252.78,0.5293928,4.08,8.0,10.69364161849711,100.0,-7.0,Hidden Opportunity
M027,L14,Vegetable Korma,645,10424.18,0.3800088,3.68,11.0,12.719891745602165,100.0,-6.0,Low Performer
M103,L08,Tuna Steak,1252,17179.379,0.64435506,3.49,17.0,10.635260528194147,100.0,-6.0,Profit Driver
M073,L19,BBQ Bacon Burger,409,5324.21,0.6297329,3.16,2.0,13.530655391120508,100.0,-14.0,Hidden Opportunity
M084,L17,Beef Pulao,499,5746.0303,0.4763393,3.71,5.0,13.217391304347824,100.0,-9.0,Low Performer
M121,L02,Fresh Lemonade,1415,7468.19,0.53200847,3.69,6.0,10.101651842439646,100.0,-3.0,Hidden Opportunity
M041,L16,Chicken Tikka Skewers,269,6504.27,0.4884084,4.29,4.0,17.23076923076923,100.0,-1.0,Low Performer
M045,L06,Mixed Grill,998,15724.97,0.5405066,3.7,13.0,28.149748020158388,100.0,-4.0,Low Performer
M147,L05,Grilled Corn,996,5857.39,0.6871234,4.68,8.0,10.991957104557642,100.0,-7.0,Hidden Opportunity
M038,L14,Grilled Lamb Skewers,587,17575.82,0.41419634,4.27,7.0,11.596385542168674,100.0,-9.0,Low Performer
M112,L19,Apple Pie,830,7516.0703,0.48870882,4.53,9.0,10.848549946294307,100.0,-12.0,Low Performer
M077,L19,Mutton Biryani,757,7981.14,0.51722056,4.2,7.0,10.625737898465172,100.0,-7.0,Hidden Opportunity
M113,L01,Sticky Toffee Pudding,1329,12601.82,0.5106612,4.7,11.0,10.62542030934768,100.0,-9.0,Hidden Opportunity
M149,L15,Dinner Roll,986,5902.4,0.4604263,3.44,10.0,10.68840579710145,100.0,-9.0,Low Performer
M118,L06,Baklava,1601,13398.0,0.33082554,3.97,17.0,9.955005624296962,100.0,-5.0,Volume Driver
M067,L15,Club Sandwich,1754,26097.68,0.5060136,4.52,18.0,10.281329923273658,100.0,-5.0,Profit Driver
M054,L10,Lasagne al Forno,810,14138.4795,0.6018313,4.65,8.0,11.668484187568156,100.0,-5.0,Hidden Opportunity
M101,L10,Baked Cod,765,19799.0,0.5247487,3.55,7.0,28.638059701492537,100.0,-7.0,Low Performer
M147,L09,Grilled Corn,836,4939.52,0.6885851,4.68,8.0,11.252653927813164,100.0,-7.0,Hidden Opportunity
M003,L01,Soup of the Day,282,1915.94,0.52900404,3.43,3.0,17.058823529411764,100.0,-12.0,Low Performer
M009,L02,Hummus Platter,1805,18928.959,0.38685748,4.68,15.0,10.109561752988046,100.0,-8.0,Low Performer
M145,L15,Rice Bowl,654,2342.75,0.51426315,4.38,7.0,12.683578104138851,100.0,-9.0,Hidden Opportunity
M139,L20,Coleslaw,907,4345.67,0.41977647,4.73,9.0,10.99116781157998,100.0,-9.0,Low Performer
M059,L02,Mac and Cheese,1394,20800.43,0.6240299,3.85,12.0,9.948320413436692,100.0,-5.0,Hidden Opportunity
M090,L01,Steamed Basmati,635,9750.09,0.6046755,4.45,6.0,12.171507607192254,100.0,-5.0,Hidden Opportunity
M046,L16,Margherita Pizza,428,5791.09,0.63120586,3.55,6.0,13.184584178498987,100.0,-11.0,Hidden Opportunity
M131,L11,Coca-Cola,205,1015.64996,0.51154435,4.74,2.0,19.291338582677163,100.0,-6.0,Low Performer
M073,L12,BBQ Bacon Burger,234,3052.7,0.63053036,3.16,2.0,18.466898954703833,100.0,-14.0,Hidden Opportunity
M011,L03,Cheese Sticks,772,3984.74,0.5098401,3.57,7.0,11.972633979475484,100.0,-4.0,Low Performer
M040,L20,Smoked Sausage Plate,1166,21146.87,0.4998967,3.4,11.0,9.401709401709402,100.0,-8.0,Low Performer
M111,L10,Creme Brulee,916,6030.98,0.5246079,4.31,8.0,28.88198757763975,100.0,-7.0,Low Performer
M035,L01,Grilled Kebab Platter,171,3635.69,0.5235485,4.25,2.0,20.093457943925234,100.0,1.0,Low Performer
M012,L01,Onion Rings,1037,6934.12,0.41376263,3.34,9.0,28.085991678224687,100.0,-9.0,Low Performer
M122,L02,Craft Cold Brew,1368,3826.83,0.671122,4.55,11.0,10.295081967213115,100.0,-10.0,Hidden Opportunity
M104,L05,Fish Tacos,1395,32041.98,0.7143997,4.11,11.0,9.671179883945841,100.0,-7.0,Hidden Opportunity
M077,L09,Mutton Biryani,826,8745.311,0.5192463,4.2,7.0,11.468381564844588,100.0,-7.0,Hidden Opportunity
M121,L03,Fresh Lemonade,543,2880.85,0.5344395,3.69,6.0,12.560386473429952,100.0,-3.0,Hidden Opportunity
M109,L06,Tiramisu,406,2491.81,0.51934534,4.07,4.0,14.526315789473685,100.0,-3.0,Hidden Opportunity
M038,L03,Grilled Lamb Skewers,840,24980.91,0.41020566,4.27,7.0,11.485774499473129,100.0,-9.0,Low Performer
M020,L11,Beef Stroganoff,847,14340.27,0.31721509,3.65,8.0,10.748155953635406,100.0,-9.0,Low Performer
M102,L20,Mussels Marinara,1247,31703.459,0.6951673,4.38,12.0,11.055634807417974,100.0,-8.0,Hidden Opportunity
M022,L17,Lamb Rogan Josh,357,7110.21,0.5285329,4.26,5.0,15.0,100.0,-4.0,Hidden Opportunity
M114,L17,Banoffee Pie,1164,10415.74,0.45128813,4.63,11.0,11.348057882711348,100.0,-8.0,Low Performer
M053,L03,Penne Arrabbiata,1024,16200.86,0.6618451,3.66,9.0,11.647972389991372,100.0,-6.0,Hidden Opportunity
M097,L03,Grilled Octopus,931,24551.5,0.583256,3.65,10.0,10.909090909090908,100.0,-6.0,Hidden Opportunity
M052,L01,Spaghetti Bolognese,302,3773.67,0.48061702,3.68,2.0,16.804407713498623,100.0,-5.0,Low Performer
M047,L11,Pepperoni Pizza,163,2248.36,0.63316375,3.7,2.0,20.098039215686274,100.0,-13.0,Hidden Opportunity
M137,L01,Mashed Potatoes,175,750.74,0.50115883,3.89,2.0,21.17117117117117,100.0,-7.0,Low Performer
M126,L13,Fresh Orange Juice,1116,4035.16,0.5160043,4.11,9.0,9.927360774818402,100.0,-8.0,Hidden Opportunity
M125,L05,Masala Chai,490,2677.43,0.6742399,3.4,3.0,13.274336283185843,100.0,-0.0,Hidden Opportunity
M077,L11,Mutton Biryani,774,8174.11,0.5180319,4.2,7.0,11.845102505694761,100.0,-7.0,Hidden Opportunity
M150,L19,Pickle Plate,788,5650.74,0.28043407,4.73,8.0,11.060948081264108,100.0,-6.0,Low Performer
M147,L01,Grilled Corn,957,5692.16,0.69064814,4.68,8.0,11.306765523632993,100.0,-7.0,Hidden Opportunity
M086,L17,Schezwan Fried Rice,909,9998.41,0.5872484,3.34,10.0,11.23046875,100.0,-8.0,Hidden Opportunity
M046,L15,Margherita Pizza,488,6512.0,0.6260565,3.55,6.0,13.321492007104796,100.0,-11.0,Hidden Opportunity
M048,L04,Truffle Carbonara,1237,17641.71,0.32897153,3.6,10.0,9.970887918486172,100.0,-4.0,Low Performer
M057,L07,Mushroom Pizza,494,8055.5503,0.46647963,4.74,5.0,13.787085514834205,100.0,-7.0,Low Performer
M049,L03,Four Cheese Pasta,1333,21030.52,0.41559884,3.38,13.0,10.596914822266935,100.0,-6.0,Volume Driver
M039,L17,Char-Grilled Steak,1374,34294.1,0.4771491,3.89,14.0,10.430247718383312,100.0,-7.0,Volume Driver
M046,L08,Margherita Pizza,323,4340.7,0.6286843,3.55,6.0,15.66579634464752,100.0,-11.0,Hidden Opportunity
M037,L07,BBQ Pulled Pork,321,7653.56,0.57471555,4.73,4.0,16.187989556135772,100.0,0.0,Hidden Opportunity
M025,L20,Beef Wellington,1454,32885.1,0.5101027,4.55,13.0,10.19147621988882,100.0,-4.0,Hidden Opportunity
M058,L06,Seafood Linguine,1404,25555.44,0.55444163,4.7,15.0,9.826589595375722,100.0,-6.0,Profit Driver
M092,L02,Fish and Chips,555,14950.3,0.67109025,4.15,5.0,12.735849056603774,100.0,-5.0,Hidden Opportunity
M093,L07,Butter Garlic Shrimp,604,11638.84,0.63154405,4.07,6.0,12.716763005780345,100.0,-6.0,Hidden Opportunity
M113,L13,Sticky Toffee Pudding,1364,12896.95,0.5092669,4.7,11.0,10.204081632653061,100.0,-9.0,Hidden Opportunity
M066,L10,Pulled Pork Sandwich,147,1623.71,0.4767169,4.34,2.0,20.967741935483872,100.0,-6.0,Low Performer
M072,L05,Philly Cheesesteak,1079,13648.94,0.2695433,4.45,9.0,11.266447368421053,100.0,-7.0,Low Performer
M116,L06,Fruit Tart,117,720.85,0.5455365,3.55,1.0,23.52941176470588,100.0,-12.0,Low Performer
M079,L03,Egg Fried Rice,1277,21008.52,0.67784023,4.64,7.0,10.948396094839609,100.0,-4.0,Profit Driver
M032,L06,BBQ Ribs Full Rack,497,9858.37,0.6914662,4.28,6.0,13.414634146341465,100.0,-2.0,Hidden Opportunity
M004,L12,Calamari Rings,230,1555.04,0.35217097,3.47,2.0,17.562724014336915,100.0,-3.0,Low Performer
M040,L04,Smoked Sausage Plate,1432,25781.59,0.49622038,3.4,11.0,9.981167608286253,100.0,-8.0,Low Performer
M133,L07,Espresso,120,516.37,0.5143018,4.56,2.0,35.82887700534759,100.0,-10.0,Low Performer
M132,L13,Virgin Mojito,1407,4118.53,0.61396176,4.41,12.0,9.749839640795381,100.0,-8.0,Hidden Opportunity
M069,L20,Fish Burger,167,1807.96,0.5649406,3.67,2.0,21.22641509433962,100.0,-7.0,Hidden Opportunity
M083,L06,Mushroom Rice,568,9490.64,0.6600609,3.28,7.0,12.326656394453005,100.0,-6.0,Hidden Opportunity
M134,L12,Berry Smoothie,895,4899.84,0.6182427,4.22,6.0,11.386138613861387,100.0,-8.0,Hidden Opportunity
M051,L17,Veggie Supreme Pizza,690,12998.7,0.5960442,3.58,7.0,11.989795918367346,100.0,-5.0,Hidden Opportunity
M019,L01,Mushroom Risotto,763,11022.54,0.5881303,4.67,6.0,11.995386389850058,100.0,-9.0,Hidden Opportunity
M005,L19,Chicken Wings,473,3017.3,0.49835944,4.2,5.0,12.89134438305709,100.0,-9.0,Low Performer
M134,L04,Berry Smoothie,780,4270.89,0.61829966,4.22,6.0,10.857142857142858,100.0,-8.0,Hidden Opportunity
M027,L17,Vegetable Korma,1588,25673.73,0.38023183,3.68,11.0,10.333145115753812,100.0,-6.0,Volume Driver
M037,L10,BBQ Pulled Pork,329,7788.61,0.5716745,4.73,4.0,16.28498727735369,100.0,0.0,Hidden Opportunity
M115,L12,Panna Cotta,515,2527.12,0.57408035,4.72,4.0,12.1160409556314,100.0,-3.0,Hidden Opportunity
M035,L09,Grilled Kebab Platter,197,4055.04,0.5078692,4.25,2.0,19.262295081967213,100.0,1.0,Low Performer
M009,L12,Hummus Platter,1970,20648.1,0.38652465,4.68,15.0,9.550045913682277,100.0,-8.0,Low Performer
M021,L02,Chicken Alfredo,944,25757.28,0.53014916,4.08,8.0,10.606060606060606,100.0,-7.0,Hidden Opportunity
M062,L11,Cheeseburger Deluxe,730,11917.91,0.48854288,4.71,7.0,11.515151515151516,100.0,-6.0,Low Performer
M115,L02,Panna Cotta,480,2372.23,0.5771068,4.72,4.0,12.568306010928962,100.0,-3.0,Hidden Opportunity
M014,L04,Caesar Salad,820,4259.89,0.459094,4.36,7.0,10.480349344978166,100.0,-3.0,Low Performer
M069,L15,Fish Burger,132,1452.96,0.5721011,3.67,2.0,21.428571428571427,100.0,-7.0,Hidden Opportunity
M070,L18,Steak Sandwich,1862,28364.459,0.52800864,4.56,15.0,10.091743119266056,100.0,-5.0,Hidden Opportunity
M001,L07,Truffle Fries,353,2326.85,0.5888733,4.26,5.0,15.347721822541965,100.0,-10.0,Hidden Opportunity
M149,L13,Dinner Roll,1189,7081.15,0.45764887,3.44,10.0,10.668670172802404,100.0,-9.0,Low Performer
M014,L03,Caesar Salad,681,3545.02,0.4601977,4.36,7.0,11.21251629726206,100.0,-3.0,Low Performer
M103,L12,Tuna Steak,2178,29950.14,0.6451222,3.49,17.0,9.513917739925217,100.0,-6.0,Hidden Opportunity
M136,L18,French Fries,905,7544.8,0.4962093,3.33,7.0,11.361410381978452,100.0,-4.0,Low Performer
M006,L16,Spring Rolls,231,2330.95,0.5847659,3.33,3.0,17.793594306049823,100.0,-6.0,Low Performer
M102,L11,Mussels Marinara,1182,30028.57,0.6949405,4.38,12.0,11.394302848575713,100.0,-8.0,Hidden Opportunity
M071,L03,Falafel Wrap,1146,14628.87,0.6412108,4.69,10.0,10.117647058823529,100.0,-9.0,Hidden Opportunity
M081,L15,Prawn Biryani,386,7193.96,0.6694783,4.68,3.0,14.79028697571744,100.0,-6.0,Hidden Opportunity
M036,L02,Tandoori Chicken,878,21720.17,0.6398288,4.64,8.0,10.224948875255624,100.0,-4.0,Hidden Opportunity
M024,L01,Roast Chicken,371,7148.44,0.5899945,4.34,3.0,14.120370370370368,100.0,-8.0,Hidden Opportunity
M093,L14,Butter Garlic Shrimp,411,7985.31,0.6345665,4.07,6.0,14.906832298136646,100.0,-6.0,Hidden Opportunity
M015,L10,Greek Salad,639,6172.03,0.5051191,3.72,6.0,28.84187082405345,100.0,-7.0,Low Performer
M075,L20,Halloumi Burger,698,10130.85,0.31790522,3.75,7.0,12.090680100755668,100.0,-9.0,Low Performer
M006,L20,Spring Rolls,348,3627.85,0.598076,3.33,3.0,16.14457831325301,100.0,-6.0,Hidden Opportunity
M053,L06,Penne Arrabbiata,791,12366.15,0.6577876,3.66,9.0,11.023622047244094,100.0,-6.0,Hidden Opportunity
M074,L01,Spicy Zinger Burger,453,4724.45,0.6960471,4.36,4.0,30.627871362940272,100.0,-9.0,Hidden Opportunity
M135,L12,Salted Caramel Frappe,1587,5064.2,0.6866237,3.22,13.0,9.77828311540648,100.0,-8.0,Hidden Opportunity
M075,L01,Halloumi Burger,727,10456.6,0.3116979,3.75,7.0,12.091898428053206,100.0,-9.0,Low Performer
M078,L17,Veg Biryani,274,2843.27,0.22231096,3.3,3.0,16.717325227963524,100.0,-7.0,Low Performer
M018,L02,Grilled Salmon,1725,23121.83,0.6433889,3.36,14.0,9.87460815047022,100.0,-9.0,Hidden Opportunity
M095,L11,Lobster Thermidor,390,6678.59,0.6069979,3.59,4.0,13.90728476821192,100.0,-5.0,Hidden Opportunity
M085,L16,Vegetable Pulao,1405,18087.15,0.37934113,4.61,15.0,27.315054319710296,100.0,-6.0,Low Performer
M143,L01,Cheese Dip,897,2608.81,0.5495762,3.24,6.0,10.557768924302788,100.0,-6.0,Low Performer
M101,L14,Baked Cod,535,13729.13,0.5206907,3.55,7.0,28.761651131824234,100.0,-7.0,Low Performer
M044,L05,Spicy Buffalo Wings,1681,48371.438,0.52216125,3.29,14.0,9.277238403451996,100.0,-6.0,Low Performer
M142,L12,Buttered Corn,1217,4413.52,0.5395081,4.53,9.0,10.580455547391624,100.0,-8.0,Hidden Opportunity
M048,L09,Truffle Carbonara,1208,17214.26,0.32843125,3.6,10.0,10.452186805040771,100.0,-4.0,Low Performer
M036,L15,Tandoori Chicken,773,19340.29,0.6438818,4.64,8.0,11.85860889395667,100.0,-4.0,Hidden Opportunity
M058,L20,Seafood Linguine,1769,31786.89,0.5486633,4.7,15.0,9.375,100.0,-6.0,Hidden Opportunity
M103,L09,Tuna Steak,4194,57620.79,0.6448032,3.49,17.0,9.102730819245773,100.0,-6.0,Profit Driver
M110,L06,Chocolate Brownie,387,2692.19,0.49831548,3.46,5.0,14.19068736141907,100.0,-6.0,Low Performer
M112,L03,Apple Pie,1005,9036.15,0.4850517,4.53,9.0,10.74600355239787,100.0,-12.0,Low Performer
M117,L06,Ice Cream Sundae,813,9132.87,0.5397712,4.69,10.0,11.244541484716157,100.0,-9.0,Hidden Opportunity
M051,L18,Veggie Supreme Pizza,917,17252.48,0.59551495,3.58,7.0,10.797665369649806,100.0,-5.0,Hidden Opportunity
M108,L15,Gelato Trio,797,6624.11,0.47781965,4.62,9.0,11.836283185840708,100.0,-3.0,Low Performer
M089,L20,Hyderabadi Biryani,678,9030.88,0.60735387,3.31,7.0,11.948051948051948,100.0,-4.0,Hidden Opportunity
M054,L04,Lasagne al Forno,999,17367.209,0.6002208,4.65,8.0,10.88314005352364,100.0,-5.0,Hidden Opportunity
M025,L15,Beef Wellington,1285,29100.56,0.5107379,4.55,13.0,10.014005602240896,100.0,-4.0,Profit Driver
M051,L14,Veggie Supreme Pizza,1138,21217.35,0.59183496,3.58,7.0,10.534591194968554,100.0,-5.0,Hidden Opportunity
M011,L11,Cheese Sticks,761,3909.17,0.50748366,3.57,7.0,10.994152046783626,100.0,-4.0,Low Performer
M079,L16,Egg Fried Rice,570,9527.26,0.68290985,4.64,7.0,12.385321100917432,100.0,-4.0,Hidden Opportunity
M064,L03,Double Bacon Burger,396,3881.84,0.4980937,3.27,4.0,14.655172413793101,100.0,-5.0,Low Performer
M089,L05,Hyderabadi Biryani,974,12944.28,0.6064656,3.31,7.0,10.887465690759377,100.0,-4.0,Hidden Opportunity
M105,L10,Shrimp Scampi,941,26692.85,0.6242042,4.51,8.0,11.142587346553352,100.0,-9.0,Hidden Opportunity
M038,L06,Grilled Lamb Skewers,687,20557.32,0.41383505,4.27,7.0,11.923076923076923,100.0,-9.0,Low Performer
M084,L02,Beef Pulao,555,6315.72,0.4701079,3.71,5.0,12.872841444270017,100.0,-9.0,Low Performer
M053,L17,Penne Arrabbiata,879,13810.54,0.6594884,3.66,9.0,10.670731707317072,100.0,-6.0,Hidden Opportunity
M088,L10,Lemon Rice,1126,16422.129,0.53032285,4.36,12.0,10.492845786963434,100.0,-2.0,Hidden Opportunity
M103,L20,Tuna Steak,1745,24085.4,0.6464414,3.49,17.0,10.696008188331628,100.0,-6.0,Hidden Opportunity
M094,L06,Crab Cakes,1193,32103.6,0.59866184,3.22,14.0,28.04583835946924,100.0,-5.0,Volume Driver
M132,L07,Virgin Mojito,1149,3348.47,0.6122498,4.41,12.0,10.093896713615024,100.0,-8.0,Hidden Opportunity
M101,L01,Baked Cod,1454,37705.11,0.5256823,3.55,7.0,27.697662854301342,100.0,-7.0,Low Performer
M047,L18,Pepperoni Pizza,178,2403.46,0.62525696,3.7,2.0,20.535714285714285,100.0,-13.0,Hidden Opportunity
M040,L11,Smoked Sausage Plate,1134,20322.59,0.49389425,3.4,11.0,10.21377672209026,100.0,-8.0,Low Performer
M095,L16,Lobster Thermidor,315,5338.33,0.60288143,3.59,4.0,16.0,100.0,-5.0,Hidden Opportunity
M021,L19,Chicken Alfredo,632,17016.06,0.52384746,4.08,8.0,12.465373961218837,100.0,-7.0,Hidden Opportunity
M115,L06,Panna Cotta,390,1951.6,0.5823427,4.72,4.0,13.716814159292035,100.0,-3.0,Hidden Opportunity
M063,L08,Crispy Chicken Burger,294,3982.82,0.39174756,3.72,5.0,16.0,100.0,-6.0,Low Performer
M059,L15,Mac and Cheese,1052,15789.18,0.6262175,3.85,12.0,9.38037865748709,100.0,-5.0,Hidden Opportunity
M036,L19,Tandoori Chicken,640,15940.08,0.64226025,4.64,8.0,11.966987620357635,100.0,-4.0,Hidden Opportunity
M004,L01,Calamari Rings,222,1529.66,0.3643293,3.47,2.0,18.081180811808117,100.0,-3.0,Low Performer
M137,L10,Mashed Potatoes,131,568.95,0.5072677,3.89,2.0,22.941176470588236,100.0,-7.0,Low Performer
M018,L16,Grilled Salmon,1138,15213.69,0.6424509,3.36,14.0,10.534591194968554,100.0,-9.0,Hidden Opportunity
M003,L10,Soup of the Day,183,1242.52,0.5286997,3.43,3.0,20.087336244541483,100.0,-12.0,Low Performer
M093,L01,Butter Garlic Shrimp,603,11652.8,0.6325947,4.07,6.0,12.481857764876633,100.0,-6.0,Hidden Opportunity
M005,L03,Chicken Wings,542,3436.8499,0.49535185,4.2,5.0,12.861736334405144,100.0,-9.0,Low Performer
M150,L08,Pickle Plate,667,4821.65,0.2861946,4.73,8.0,12.005277044854882,100.0,-6.0,Low Performer
M150,L18,Pickle Plate,1131,8153.3,0.28422117,4.73,8.0,11.014948859166012,100.0,-6.0,Low Performer
M112,L17,Apple Pie,967,8800.55,0.49125794,4.53,9.0,10.793357933579335,100.0,-12.0,Low Performer
M007,L02,Garlic Bread,852,4898.42,0.3112228,3.84,6.0,28.702928870292887,100.0,-7.0,Low Performer
M073,L10,BBQ Bacon Burger,375,4825.41,0.62542045,3.16,2.0,15.54054054054054,100.0,-14.0,Hidden Opportunity
M122,L14,Craft Cold Brew,840,2349.18,0.6710341,4.55,11.0,11.578947368421053,100.0,-10.0,Hidden Opportunity
M099,L02,Salmon Teriyaki,412,11463.54,0.49001095,3.3,4.0,29.81260647359455,100.0,-8.0,Low Performer
M096,L04,Fried Calamari,1208,27545.01,0.2825241,4.28,10.0,11.102941176470587,100.0,-4.0,Low Performer
M072,L18,Philly Cheesesteak,1074,13671.03,0.274103,4.45,9.0,10.79734219269103,100.0,-7.0,Low Performer
M079,L04,Egg Fried Rice,1577,26077.14,0.6794855,4.64,7.0,10.954263128176171,100.0,-4.0,Profit Driver
M104,L14,Fish Tacos,826,18910.8,0.7134674,4.11,11.0,12.034078807241746,100.0,-7.0,Hidden Opportunity
M074,L08,Spicy Zinger Burger,314,3218.75,0.69075567,4.36,4.0,30.53097345132743,100.0,-9.0,Hidden Opportunity
M099,L12,Salmon Teriyaki,468,12948.96,0.48714647,3.3,4.0,28.98330804248862,100.0,-8.0,Low Performer
M103,L10,Tuna Steak,1842,25252.85,0.6440418,3.49,17.0,10.625909752547306,100.0,-6.0,Profit Driver
M086,L03,Schezwan Fried Rice,947,10405.75,0.5868265,3.34,10.0,11.07981220657277,100.0,-8.0,Hidden Opportunity
M082,L06,Jeera Rice,95,1590.0,0.52261007,3.73,1.0,33.56643356643357,100.0,-18.0,Low Performer
M050,L18,BBQ Chicken Pizza,631,7756.59,0.66402376,3.78,5.0,11.748251748251748,100.0,-3.0,Hidden Opportunity
M104,L08,Fish Tacos,828,18794.53,0.7109968,4.11,11.0,11.254019292604502,100.0,-7.0,Hidden Opportunity
M078,L08,Veg Biryani,179,1896.82,0.23844649,3.3,3.0,20.79646017699115,100.0,-7.0,Low Performer
M094,L07,Crab Cakes,1268,33835.59,0.5952664,3.22,14.0,28.321085358959863,100.0,-5.0,Low Performer
M008,L18,Bruschetta,403,2500.94,0.5294729,4.02,3.0,13.333333333333334,100.0,-8.0,Hidden Opportunity
M139,L13,Coleslaw,1163,5619.38,0.4246447,4.73,9.0,10.744435917114352,100.0,-9.0,Low Performer
M006,L03,Spring Rolls,315,3220.31,0.59014815,3.33,3.0,15.32258064516129,100.0,-6.0,Hidden Opportunity
M007,L07,Garlic Bread,534,3047.75,0.30616355,3.84,6.0,28.894806924101196,100.0,-7.0,Low Performer
M144,L14,Sweet Potato Fries,63,355.93,0.59820753,4.37,0.0,27.586206896551722,100.0,-7.0,Hidden Opportunity
M091,L13,Grilled Prawns,1088,17147.91,0.563478,3.86,8.0,11.228641171684297,100.0,-5.0,Hidden Opportunity
M101,L06,Baked Cod,581,15123.439,0.5274686,3.55,7.0,29.575757575757578,100.0,-7.0,Low Performer
M111,L03,Creme Brulee,920,6013.73,0.5211624,4.31,8.0,27.61605035405193,100.0,-7.0,Low Performer
M024,L07,Roast Chicken,289,5602.35,0.5924746,4.34,3.0,15.249266862170089,100.0,-8.0,Hidden Opportunity
M126,L06,Fresh Orange Juice,809,2945.38,0.519332,4.11,9.0,10.804851157662625,100.0,-8.0,Hidden Opportunity
M005,L09,Chicken Wings,569,3638.38,0.4995575,4.2,5.0,11.76470588235294,100.0,-9.0,Low Performer
M125,L12,Masala Chai,503,2764.44,0.6761225,3.4,3.0,13.7221269296741,100.0,-0.0,Hidden Opportunity
M088,L15,Lemon Rice,985,14408.22,0.5317083,4.36,12.0,11.101083032490974,100.0,-2.0,Hidden Opportunity
M039,L11,Char-Grilled Steak,1381,34586.06,0.4789216,3.89,14.0,10.845706907682375,100.0,-7.0,Volume Driver
M145,L19,Rice Bowl,617,2202.82,0.5126338,4.38,7.0,13.098591549295774,100.0,-9.0,Low Performer
M048,L15,Truffle Carbonara,977,13852.76,0.32505223,3.6,10.0,10.531135531135531,100.0,-4.0,Low Performer
M005,L17,Chicken Wings,534,3402.66,0.49780464,4.2,5.0,12.171052631578947,100.0,-9.0,Low Performer
M003,L19,Soup of the Day,208,1439.62,0.5376558,3.43,3.0,20.306513409961685,100.0,-12.0,Low Performer
M053,L01,Penne Arrabbiata,1224,18981.82,0.65501726,3.66,9.0,9.534368070953436,100.0,-6.0,Hidden Opportunity
M014,L15,Caesar Salad,629,3277.89,0.46078426,4.36,7.0,12.150837988826815,100.0,-3.0,Low Performer
M122,L17,Craft Cold Brew,1117,3112.46,0.66983026,4.55,11.0,10.782747603833865,100.0,-10.0,Hidden Opportunity
M124,L12,Iced Latte,1749,9674.07,0.4521985,4.6,15.0,9.138110072689512,100.0,-4.0,Low Performer
M017,L19,Butter Chicken,491,10856.95,0.650867,4.24,5.0,13.097345132743362,100.0,-5.0,Hidden Opportunity
M085,L04,Vegetable Pulao,1935,24952.68,0.38040125,4.61,15.0,26.787741203178207,100.0,-6.0,Volume Driver
M018,L11,Grilled Salmon,1485,19960.43,0.6443814,3.36,14.0,10.108958837772397,100.0,-9.0,Profit Driver
M077,L13,Mutton Biryani,1033,10932.5205,0.51905227,4.2,7.0,11.330472103004292,100.0,-7.0,Hidden Opportunity
M034,L04,Lamb Chops,550,16327.2,0.6129465,3.44,5.0,12.280701754385964,100.0,-4.0,Hidden Opportunity
M052,L03,Spaghetti Bolognese,234,2888.64,0.4742647,3.68,2.0,17.832167832167833,100.0,-5.0,Low Performer
M114,L02,Banoffee Pie,1356,12084.93,0.44906923,4.63,11.0,9.840425531914894,100.0,-8.0,Low Performer
M029,L03,Pan-Seared Steak,1803,37321.64,0.5231825,4.45,16.0,10.019940179461615,100.0,-8.0,Profit Driver
M061,L13,Classic Beef Burger,214,2248.6301,0.59077305,4.73,2.0,18.939393939393938,100.0,-4.0,Hidden Opportunity
M052,L19,Spaghetti Bolognese,230,2827.0898,0.47200128,3.68,2.0,17.562724014336915,100.0,-5.0,Low Performer
M063,L13,Crispy Chicken Burger,514,6870.5,0.38354415,3.72,5.0,12.286689419795222,100.0,-6.0,Low Performer
M111,L02,Creme Brulee,1052,6944.54,0.52584904,4.31,8.0,28.337874659400548,100.0,-7.0,Low Performer
M140,L13,Side Salad,2148,11969.99,0.47600955,4.02,18.0,9.937106918238994,100.0,-9.0,Volume Driver
M096,L09,Fried Calamari,1220,27856.8,0.28350705,4.28,10.0,10.425844346549193,100.0,-4.0,Low Performer
M046,L18,Margherita Pizza,644,8572.23,0.6251197,3.55,6.0,11.659807956104252,100.0,-11.0,Hidden Opportunity
M118,L18,Baklava,2313,19460.48,0.33440492,3.97,17.0,9.718969555035128,100.0,-5.0,Volume Driver
M037,L06,BBQ Pulled Pork,303,7223.75,0.574678,4.73,4.0,14.887640449438203,100.0,0.0,Hidden Opportunity
M028,L07,Chicken Parmesan,565,15556.93,0.6393601,4.65,5.0,12.130637636080872,100.0,-12.0,Hidden Opportunity
M075,L03,Halloumi Burger,751,10844.72,0.31442216,3.75,7.0,11.229314420803782,100.0,-9.0,Low Performer
M014,L01,Caesar Salad,834,4328.28,0.45855168,4.36,7.0,12.394957983193278,100.0,-3.0,Low Performer
M012,L05,Onion Rings,2246,14995.0205,0.41285038,3.34,9.0,27.781350482315116,100.0,-9.0,Low Performer
M026,L19,Duck Confit,983,17269.92,0.3317618,4.39,12.0,11.521152115211521,100.0,-5.0,Low Performer
M098,L05,Seafood Platter,3079,94683.38,0.66635597,4.29,11.0,9.278350515463918,100.0,-6.0,Profit Driver
M102,L06,Mussels Marinara,953,24232.16,0.6952088,4.38,12.0,11.348837209302326,100.0,-8.0,Hidden Opportunity
M010,L02,Stuffed Mushrooms,698,6589.19,0.66949505,4.25,6.0,11.757269279393173,100.0,-10.0,Hidden Opportunity
M054,L20,Lasagne al Forno,821,14268.28,0.60009545,4.65,8.0,10.857763300760045,100.0,-5.0,Hidden Opportunity
M009,L13,Hummus Platter,1804,18827.08,0.3838811,4.68,15.0,10.114598903836573,100.0,-8.0,Low Performer
M085,L06,Vegetable Pulao,1361,17495.72,0.37845427,4.61,15.0,26.630727762803236,100.0,-6.0,Volume Driver
M043,L09,Beef Short Ribs,198,5778.43,0.5634592,3.64,2.0,18.51851851851852,100.0,0.0,Hidden Opportunity
M072,L14,Philly Cheesesteak,631,8051.99,0.27590078,4.45,9.0,12.482662968099861,100.0,-7.0,Low Performer
M132,L08,Virgin Mojito,1758,5138.06,0.6133677,4.41,12.0,10.21450459652707,100.0,-8.0,Profit Driver
M027,L18,Vegetable Korma,1299,20945.61,0.37858197,3.68,11.0,9.965397923875432,100.0,-6.0,Low Performer
M069,L04,Fish Burger,167,1768.86,0.5553238,3.67,2.0,20.476190476190474,100.0,-7.0,Hidden Opportunity
M143,L16,Cheese Dip,354,1043.38,0.5555407,3.24,6.0,14.698795180722893,100.0,-6.0,Low Performer
M092,L10,Fish and Chips,465,12581.76,0.67254984,4.15,5.0,12.921348314606742,100.0,-5.0,Hidden Opportunity
M049,L09,Four Cheese Pasta,1500,23783.87,0.41851348,3.38,13.0,10.554561717352415,100.0,-6.0,Low Performer
M139,L12,Coleslaw,1140,5477.5,0.42141488,4.73,9.0,10.236220472440944,100.0,-9.0,Low Performer
M074,L13,Spicy Zinger Burger,477,4985.93,0.6967285,4.36,4.0,29.22848664688427,100.0,-9.0,Hidden Opportunity
M073,L15,BBQ Bacon Burger,177,2305.33,0.62992716,3.16,2.0,19.90950226244344,100.0,-14.0,Hidden Opportunity
M118,L16,Baklava,1373,11476.83,0.3300589,3.97,17.0,10.085134250163721,100.0,-5.0,Low Performer
M091,L02,Grilled Prawns,1080,17022.15,0.5634864,3.86,8.0,10.964550700741963,100.0,-5.0,Hidden Opportunity
M056,L16,Hawaiian Pizza,641,9509.28,0.6420644,4.16,8.0,11.095700416088766,100.0,-6.0,Hidden Opportunity
M032,L19,BBQ Ribs Full Rack,478,9466.96,0.6909927,4.28,6.0,13.090909090909092,100.0,-2.0,Hidden Opportunity
M004,L07,Calamari Rings,206,1412.33,0.36114082,3.47,2.0,19.844357976653697,100.0,-3.0,Low Performer
M056,L19,Hawaiian Pizza,811,12046.91,0.6425299,4.16,8.0,10.363836824696802,100.0,-6.0,Hidden Opportunity
M033,L05,Peri Peri Chicken,705,20049.41,0.39484257,4.21,5.0,28.78787878787879,100.0,-7.0,Low Performer
M131,L20,Coca-Cola,270,1385.51,0.5284047,4.74,2.0,17.431192660550458,100.0,-6.0,Low Performer
M107,L10,New York Cheesecake,547,4085.77,0.2690191,4.02,4.0,13.312202852614895,100.0,-10.0,Low Performer
M004,L03,Calamari Rings,211,1442.95,0.3595204,3.47,2.0,18.846153846153847,100.0,-3.0,Low Performer
M089,L11,Hyderabadi Biryani,823,11000.27,0.6087105,3.31,7.0,11.600429645542427,100.0,-4.0,Hidden Opportunity
M098,L06,Seafood Platter,953,29111.59,0.6641276,4.29,11.0,10.934579439252337,100.0,-6.0,Hidden Opportunity
M036,L04,Tandoori Chicken,901,22441.3,0.64227074,4.64,8.0,10.615079365079366,100.0,-4.0,Hidden Opportunity
M089,L19,Hyderabadi Biryani,654,8610.81,0.6027761,3.31,7.0,11.246612466124661,100.0,-4.0,Hidden Opportunity
M104,L18,Fish Tacos,1363,31294.52,0.7142861,4.11,11.0,9.854497354497354,100.0,-7.0,Hidden Opportunity
M124,L20,Iced Latte,1523,8384.12,0.44959164,4.6,15.0,9.128878281622912,100.0,-4.0,Low Performer
M089,L18,Hyderabadi Biryani,1009,13347.41,0.60463715,3.31,7.0,10.944395410414828,100.0,-4.0,Hidden Opportunity
M027,L01,Vegetable Korma,1983,32011.9,0.37930396,3.68,11.0,10.108794197642792,100.0,-6.0,Volume Driver
M014,L09,Caesar Salad,772,4007.34,0.45866334,4.36,7.0,10.957324106113035,100.0,-3.0,Low Performer
M109,L02,Tiramisu,440,2692.96,0.5180025,4.07,4.0,13.894324853228962,100.0,-3.0,Hidden Opportunity
M038,L16,Grilled Lamb Skewers,589,17456.69,0.40818906,4.27,7.0,12.8698224852071,100.0,-9.0,Low Performer
M087,L09,Kabuli Pulao,734,7100.61,0.6764475,3.4,6.0,28.529698149951315,100.0,-5.0,Hidden Opportunity
M149,L04,Dinner Roll,1105,6513.91,0.45207256,3.44,10.0,11.102172164119068,100.0,-9.0,Low Performer
M116,L20,Fruit Tart,189,1159.29,0.5435137,3.55,1.0,20.588235294117645,100.0,-12.0,Low Performer
M044,L19,Spicy Buffalo Wings,1242,36490.41,0.5320003,3.29,14.0,9.869375907111756,100.0,-6.0,Low Performer
M055,L20,Meat Feast Pizza,524,8705.29,0.542531,4.64,5.0,12.81198003327787,100.0,-3.0,Hidden Opportunity
M055,L02,Meat Feast Pizza,619,10250.78,0.54106903,4.64,5.0,11.190817790530847,100.0,-3.0,Hidden Opportunity
M046,L17,Margherita Pizza,554,7412.88,0.6270734,3.55,6.0,13.4375,100.0,-11.0,Hidden Opportunity
M074,L05,Spicy Zinger Burger,488,5106.37,0.69705284,4.36,4.0,29.377713458755427,100.0,-9.0,Hidden Opportunity
M093,L02,Butter Garlic Shrimp,719,13881.85,0.63226086,4.07,6.0,11.779141104294478,100.0,-6.0,Hidden Opportunity
M002,L04,Loaded Nachos,873,4005.18,0.61419713,3.36,7.0,10.55327868852459,100.0,-2.0,Hidden Opportunity
M115,L07,Panna Cotta,390,1923.91,0.57633156,4.72,4.0,14.285714285714285,100.0,-3.0,Hidden Opportunity
M087,L01,Kabuli Pulao,620,5925.11,0.6724787,3.4,6.0,28.6536248561565,100.0,-5.0,Hidden Opportunity
M004,L11,Calamari Rings,184,1259.44,0.36009654,3.47,2.0,17.117117117117118,100.0,-3.0,Low Performer
M084,L01,Beef Pulao,595,6810.67,0.47320163,3.71,5.0,12.5,100.0,-9.0,Low Performer
M092,L12,Fish and Chips,542,14773.95,0.6749603,4.15,5.0,12.580645161290322,100.0,-5.0,Hidden Opportunity
M084,L13,Beef Pulao,541,6140.0303,0.46869478,3.71,5.0,13.02250803858521,100.0,-9.0,Low Performer
M147,L14,Grilled Corn,533,3128.3,0.6865006,4.68,8.0,13.754045307443366,100.0,-7.0,Hidden Opportunity
M080,L04,Chicken Fried Rice,875,16957.32,0.607839,4.3,8.0,11.077235772357724,100.0,-6.0,Hidden Opportunity
M102,L09,Mussels Marinara,1371,34800.09,0.69467753,4.38,12.0,10.098360655737705,100.0,-8.0,Hidden Opportunity
M037,L18,BBQ Pulled Pork,484,11437.26,0.5708972,4.73,4.0,13.725490196078432,100.0,0.0,Hidden Opportunity
M104,L20,Fish Tacos,1930,44403.07,0.7148666,4.11,11.0,9.85520784680056,100.0,-7.0,Profit Driver
M009,L19,Hummus Platter,1392,14570.16,0.38569236,4.68,15.0,9.961190168175937,100.0,-8.0,Volume Driver
M132,L17,Virgin Mojito,1212,3528.3901,0.6118456,4.41,12.0,9.821428571428571,100.0,-8.0,Profit Driver
M030,L08,Paneer Tikka Masala,1028,31113.29,0.6586912,4.59,12.0,9.666080843585236,100.0,-6.0,Profit Driver
M089,L03,Hyderabadi Biryani,731,9676.83,0.6049192,3.31,7.0,11.501210653753027,100.0,-4.0,Hidden Opportunity
M083,L17,Mushroom Rice,736,12356.82,0.6616864,3.28,7.0,12.17183770883055,100.0,-6.0,Hidden Opportunity
M116,L10,Fruit Tart,162,979.33997,0.53683096,3.55,1.0,21.73913043478261,100.0,-12.0,Low Performer
M122,L16,Craft Cold Brew,874,2441.5,0.67066145,4.55,11.0,11.627906976744185,100.0,-10.0,Hidden Opportunity
M111,L05,Creme Brulee,1193,7860.94,0.5249817,4.31,8.0,28.297362110311752,100.0,-7.0,Low Performer
M097,L14,Grilled Octopus,642,17120.57,0.5878887,3.65,10.0,12.054794520547945,100.0,-6.0,Hidden Opportunity
M062,L15,Cheeseburger Deluxe,631,10304.97,0.4887079,4.71,7.0,11.748251748251748,100.0,-6.0,Low Performer
M096,L13,Fried Calamari,1268,28836.791,0.28062448,4.28,10.0,10.3886925795053,100.0,-4.0,Low Performer
M010,L04,Stuffed Mushrooms,785,7434.34,0.67055583,4.25,6.0,11.299435028248588,100.0,-10.0,Hidden Opportunity
M007,L18,Garlic Bread,799,4551.46,0.30482966,3.84,6.0,29.229406554472988,100.0,-7.0,Low Performer
M046,L10,Margherita Pizza,661,8834.43,0.6266437,3.55,6.0,11.512717536813923,100.0,-11.0,Hidden Opportunity
M119,L14,Carrot Cake,185,1220.48,0.54526085,3.67,3.0,20.25862068965517,100.0,-4.0,Hidden Opportunity
M128,L15,Cappuccino,106,410.23,0.43670622,4.23,1.0,25.874125874125873,100.0,-0.0,Low Performer
M136,L02,French Fries,813,6718.75,0.49178046,3.33,7.0,10.952902519167578,100.0,-4.0,Low Performer
M094,L04,Crab Cakes,1752,46781.1,0.59552896,3.22,14.0,27.393286365520098,100.0,-5.0,Volume Driver
M044,L18,Spicy Buffalo Wings,1870,54290.65,0.52639174,3.29,14.0,10.096153846153847,100.0,-6.0,Low Performer
M134,L20,Berry Smoothie,822,4476.39,0.616213,4.22,6.0,10.942578548212351,100.0,-8.0,Hidden Opportunity
M127,L17,Sparkling Water,668,3342.41,0.5243432,4.23,5.0,10.455764075067025,100.0,-8.0,Hidden Opportunity
M023,L01,Thai Green Curry,133,2845.61,0.37229976,3.31,1.0,22.22222222222222,100.0,8.0,Low Performer
M032,L03,BBQ Ribs Full Rack,707,14290.14,0.697215,4.28,6.0,11.514392991239049,100.0,-2.0,Hidden Opportunity
M064,L11,Double Bacon Burger,325,3142.1,0.49110466,3.27,4.0,15.364583333333334,100.0,-5.0,Low Performer
M001,L12,Truffle Fries,967,6349.67,0.58729035,4.26,5.0,10.628465804066543,100.0,-10.0,Hidden Opportunity
M100,L20,Prawn Curry,461,7781.27,0.4685739,3.43,4.0,13.182674199623351,100.0,-7.0,Low Performer
M080,L07,Chicken Fried Rice,662,12908.62,0.6102449,4.3,8.0,12.084993359893758,100.0,-6.0,Hidden Opportunity
M071,L02,Falafel Wrap,1455,18517.47,0.640129,4.69,10.0,9.907120743034056,100.0,-9.0,Hidden Opportunity
M079,L19,Egg Fried Rice,634,10379.46,0.67626446,4.64,7.0,12.551724137931034,100.0,-4.0,Hidden Opportunity
M027,L05,Vegetable Korma,1190,19292.74,0.38195404,3.68,11.0,10.120845921450151,100.0,-6.0,Low Performer
M135,L05,Salted Caramel Frappe,1786,5691.35,0.6861904,3.22,13.0,10.025188916876575,100.0,-8.0,Hidden Opportunity
M011,L19,Cheese Sticks,676,3506.59,0.51226693,3.57,7.0,11.963589076723016,100.0,-4.0,Low Performer
M066,L06,Pulled Pork Sandwich,120,1343.1,0.48358276,4.34,2.0,24.050632911392405,100.0,-6.0,Low Performer
M054,L02,Lasagne al Forno,984,17111.68,0.60034317,4.65,8.0,11.17117117117117,100.0,-5.0,Hidden Opportunity
M037,L09,BBQ Pulled Pork,371,8754.05,0.5702629,4.73,4.0,14.516129032258066,100.0,0.0,Hidden Opportunity
M056,L18,Hawaiian Pizza,1070,15609.85,0.63601834,4.16,8.0,10.98169717138103,100.0,-6.0,Hidden Opportunity
M078,L07,Veg Biryani,259,2711.54,0.22917238,3.3,3.0,16.451612903225808,100.0,-7.0,Low Performer
M146,L13,Pita Bread,952,6399.82,0.6593529,4.7,8.0,10.610328638497652,100.0,-7.0,Hidden Opportunity
M146,L07,Pita Bread,708,4778.82,0.660728,4.7,8.0,10.817610062893083,100.0,-7.0,Hidden Opportunity
M123,L03,Mango Smoothie,214,1100.15,0.5000863,4.65,2.0,18.007662835249043,100.0,-8.0,Low Performer
M071,L15,Falafel Wrap,975,12482.24,0.6422517,4.69,10.0,10.95890410958904,100.0,-9.0,Hidden Opportunity
M146,L11,Pita Bread,755,5040.28,0.6569735,4.7,8.0,11.799065420560748,100.0,-7.0,Hidden Opportunity
M139,L02,Coleslaw,1062,5076.96,0.4184788,4.73,9.0,10.152284263959391,100.0,-9.0,Low Performer
M067,L11,Club Sandwich,1763,26314.28,0.50756586,4.52,18.0,9.2173017507724,100.0,-5.0,Profit Driver
M051,L02,Veggie Supreme Pizza,850,16006.8,0.59589046,3.58,7.0,10.2428722280887,100.0,-5.0,Hidden Opportunity
M081,L07,Prawn Biryani,205,3883.77,0.674852,4.68,3.0,19.291338582677163,100.0,-6.0,Hidden Opportunity
M104,L04,Fish Tacos,1345,30785.74,0.7133998,4.11,11.0,9.85254691689008,100.0,-7.0,Hidden Opportunity
M048,L13,Truffle Carbonara,1203,17198.11,0.33058286,3.6,10.0,10.223880597014926,100.0,-4.0,Low Performer
M111,L17,Creme Brulee,971,6335.21,0.5202637,4.31,8.0,28.812316715542526,100.0,-7.0,Low Performer
M108,L12,Gelato Trio,1174,9742.15,0.47699836,4.62,9.0,10.6544901065449,100.0,-3.0,Low Performer
M073,L05,BBQ Bacon Burger,520,6711.63,0.62655866,3.16,2.0,13.18864774624374,100.0,-14.0,Hidden Opportunity
M064,L16,Double Bacon Burger,228,2254.9001,0.50252336,3.27,4.0,18.27956989247312,100.0,-5.0,Low Performer
M131,L05,Coca-Cola,275,1387.13,0.5202324,4.74,2.0,17.16867469879518,100.0,-6.0,Low Performer
M013,L10,Prawn Tempura,1465,10274.97,0.5508746,3.52,7.0,10.888077858880779,100.0,-11.0,Low Performer
M023,L07,Thai Green Curry,127,2745.71,0.37880912,3.31,1.0,23.49397590361446,100.0,8.0,Low Performer
M024,L03,Roast Chicken,246,4794.16,0.5946318,4.34,3.0,18.543046357615893,100.0,-8.0,Hidden Opportunity
M053,L08,Penne Arrabbiata,692,10806.87,0.65742165,3.66,9.0,10.34928848641656,100.0,-6.0,Hidden Opportunity
M066,L11,Pulled Pork Sandwich,133,1467.73,0.47623882,4.34,2.0,23.121387283236995,100.0,-6.0,Low Performer
M119,L05,Carrot Cake,313,2059.6,0.5440862,3.67,3.0,16.53333333333333,100.0,-4.0,Hidden Opportunity
M113,L08,Sticky Toffee Pudding,857,8143.14,0.5116773,4.7,11.0,10.44932079414838,100.0,-9.0,Hidden Opportunity
M121,L06,Fresh Lemonade,453,2419.95,0.537631,3.69,6.0,13.218390804597702,100.0,-3.0,Hidden Opportunity
M008,L12,Bruschetta,403,2477.37,0.5249962,4.02,3.0,12.770562770562771,100.0,-8.0,Hidden Opportunity
M103,L07,Tuna Steak,1762,24326.53,0.6465357,3.49,17.0,10.081466395112017,100.0,-6.0,Profit Driver
M102,L08,Mussels Marinara,811,20397.959,0.6918687,4.38,12.0,11.655773420479303,100.0,-8.0,Hidden Opportunity
M088,L16,Lemon Rice,901,13191.24,0.5321251,4.36,12.0,11.056268509378086,100.0,-2.0,Hidden Opportunity
M052,L12,Spaghetti Bolognese,304,3813.79,0.4826773,3.68,2.0,15.555555555555555,100.0,-5.0,Low Performer
M005,L13,Chicken Wings,550,3529.32,0.50132036,4.2,5.0,12.121212121212121,100.0,-9.0,Low Performer
M023,L06,Thai Green Curry,96,2095.8801,0.38485023,3.31,1.0,24.409448818897637,100.0,8.0,Low Performer
M013,L12,Prawn Tempura,765,5356.87,0.55015707,3.52,7.0,10.526315789473683,100.0,-11.0,Low Performer
M034,L18,Lamb Chops,659,19534.84,0.61238945,3.44,5.0,12.71523178807947,100.0,-4.0,Hidden Opportunity
M138,L10,Steamed Vegetables,337,2361.8901,0.5262946,4.18,3.0,15.538847117794486,100.0,-6.0,Low Performer
M147,L12,Grilled Corn,946,5572.57,0.68764144,4.68,8.0,11.25703564727955,100.0,-7.0,Hidden Opportunity
M004,L08,Calamari Rings,134,909.73,0.35484156,3.47,2.0,24.293785310734464,100.0,-3.0,Low Performer
M097,L11,Grilled Octopus,856,22635.11,0.5843873,3.65,10.0,12.114989733059549,100.0,-6.0,Hidden Opportunity
M001,L20,Truffle Fries,366,2368.22,0.58117914,4.26,5.0,15.668202764976957,100.0,-10.0,Hidden Opportunity
M026,L05,Duck Confit,1423,25190.23,0.33680558,4.39,12.0,9.765377298668358,100.0,-5.0,Low Performer
M032,L09,BBQ Ribs Full Rack,730,14565.22,0.6932693,4.28,6.0,9.765142150803461,100.0,-2.0,Hidden Opportunity
M035,L16,Grilled Kebab Platter,101,2183.29,0.53138155,4.25,2.0,25.735294117647058,100.0,1.0,Low Performer
M085,L11,Vegetable Pulao,1641,21014.3,0.37606344,4.61,15.0,27.453580901856768,100.0,-6.0,Volume Driver
M093,L18,Butter Garlic Shrimp,745,14555.37,0.6365946,4.07,6.0,11.203814064362335,100.0,-6.0,Hidden Opportunity
M095,L09,Lobster Thermidor,482,8238.29,0.606246,3.59,4.0,13.153153153153152,100.0,-5.0,Hidden Opportunity
M109,L04,Tiramisu,479,2961.32,0.522831,4.07,4.0,13.537906137184116,100.0,-3.0,Hidden Opportunity
M136,L01,French Fries,760,6358.8,0.4980185,3.33,7.0,11.832946635730858,100.0,-4.0,Low Performer
M112,L07,Apple Pie,864,7817.0503,0.48825705,4.53,9.0,11.11111111111111,100.0,-12.0,Low Performer
M128,L01,Cappuccino,123,489.04,0.45170128,4.23,1.0,24.074074074074073,100.0,-0.0,Low Performer
M043,L18,Beef Short Ribs,172,5017.31,0.563256,3.64,2.0,19.626168224299064,100.0,0.0,Hidden Opportunity
M097,L17,Grilled Octopus,844,22321.26,0.5844518,3.65,10.0,11.344537815126051,100.0,-6.0,Hidden Opportunity
M074,L09,Spicy Zinger Burger,491,5098.4897,0.69471943,4.36,4.0,29.35251798561151,100.0,-9.0,Hidden Opportunity
M115,L03,Panna Cotta,436,2178.57,0.58172566,4.72,4.0,13.83399209486166,100.0,-3.0,Hidden Opportunity
M143,L04,Cheese Dip,502,1443.69,0.5444867,3.24,6.0,12.847222222222221,100.0,-6.0,Low Performer
M090,L09,Steamed Basmati,719,11116.78,0.6074106,4.45,6.0,11.67076167076167,100.0,-5.0,Hidden Opportunity
M133,L14,Espresso,94,435.16,0.54853386,4.56,2.0,31.386861313868614,100.0,-10.0,Low Performer
M047,L04,Pepperoni Pizza,194,2696.29,0.63592935,3.7,2.0,19.166666666666668,100.0,-13.0,Hidden Opportunity
M090,L14,Steamed Basmati,387,5971.91,0.60664344,4.45,6.0,14.757709251101323,100.0,-5.0,Hidden Opportunity
M130,L03,Green Tea,404,2030.21,0.60798144,3.3,4.0,14.947368421052632,100.0,-3.0,Hidden Opportunity
M123,L06,Mango Smoothie,146,762.11,0.5076564,4.65,2.0,22.340425531914892,100.0,-8.0,Low Performer
M086,L12,Schezwan Fried Rice,1147,12563.82,0.5855257,3.34,10.0,10.600155884645362,100.0,-8.0,Hidden Opportunity
M114,L15,Banoffee Pie,1129,10135.22,0.45305678,4.63,11.0,10.2543720190779,100.0,-8.0,Volume Driver
M088,L07,Lemon Rice,1075,15784.46,0.533481,4.36,12.0,10.267111853088482,100.0,-2.0,Hidden Opportunity
M147,L17,Grilled Corn,785,4603.08,0.6862101,4.68,8.0,10.490307867730902,100.0,-7.0,Hidden Opportunity
M054,L07,Lasagne al Forno,847,14713.17,0.599906,4.65,8.0,10.465116279069768,100.0,-5.0,Hidden Opportunity
M071,L11,Falafel Wrap,1173,14759.08,0.63599765,4.69,10.0,10.221205186880244,100.0,-9.0,Hidden Opportunity
M028,L18,Chicken Parmesan,724,19893.9,0.63861686,4.65,5.0,11.056511056511056,100.0,-12.0,Hidden Opportunity
M014,L07,Caesar Salad,689,3569.68,0.45762926,4.36,7.0,11.096774193548386,100.0,-3.0,Low Performer
M048,L19,Truffle Carbonara,829,11738.33,0.3241347,3.6,10.0,11.336898395721926,100.0,-4.0,Low Performer
M089,L02,Hyderabadi Biryani,884,11685.24,0.6043453,3.31,7.0,11.244979919678714,100.0,-4.0,Hidden Opportunity
M129,L03,Strawberry Milkshake,895,4355.91,0.5870094,3.42,9.0,11.033797216699801,100.0,-6.0,Hidden Opportunity
M146,L16,Pita Bread,582,3891.7,0.6575327,4.7,8.0,12.481203007518797,100.0,-7.0,Hidden Opportunity
M034,L12,Lamb Chops,567,16977.93,0.6162765,3.44,5.0,13.567073170731708,100.0,-4.0,Hidden Opportunity
M025,L08,Beef Wellington,1005,22890.53,0.5135368,4.55,13.0,10.825199645075422,100.0,-4.0,Profit Driver
M099,L14,Salmon Teriyaki,247,6922.67,0.4937026,3.3,4.0,31.00558659217877,100.0,-8.0,Low Performer
M056,L15,Hawaiian Pizza,770,11340.62,0.63946414,4.16,8.0,10.776361529548089,100.0,-6.0,Hidden Opportunity
M069,L12,Fish Burger,143,1578.77,0.5733831,3.67,2.0,22.162162162162165,100.0,-7.0,Hidden Opportunity
M105,L03,Shrimp Scampi,827,23694.47,0.6279377,4.51,8.0,11.550802139037433,100.0,-9.0,Hidden Opportunity
M117,L02,Ice Cream Sundae,1139,12846.42,0.54161316,4.69,10.0,11.430793157076206,100.0,-9.0,Hidden Opportunity
M074,L03,Spicy Zinger Burger,458,4788.84,0.6968243,4.36,4.0,29.64669738863287,100.0,-9.0,Hidden Opportunity
M019,L06,Mushroom Risotto,500,7183.21,0.58583975,4.67,6.0,12.587412587412588,100.0,-9.0,Hidden Opportunity
M031,L05,Smoked Brisket,265,7011.81,0.64247465,3.88,2.0,16.139240506329113,100.0,-2.0,Hidden Opportunity
M128,L12,Cappuccino,132,516.01,0.44233638,4.23,1.0,22.807017543859647,100.0,-0.0,Low Performer
M039,L13,Char-Grilled Steak,1607,40234.13,0.47876716,3.89,14.0,10.523385300668151,100.0,-7.0,Low Performer
M111,L14,Creme Brulee,651,4287.07,0.5247034,4.31,8.0,29.00763358778626,100.0,-7.0,Low Performer
M088,L20,Lemon Rice,1073,15703.439,0.5319465,4.36,12.0,10.583333333333334,100.0,-2.0,Hidden Opportunity
M052,L20,Spaghetti Bolognese,445,5533.1,0.47804123,3.68,2.0,13.75968992248062,100.0,-5.0,Low Performer
M122,L01,Craft Cold Brew,1393,3859.8,0.66797245,4.55,11.0,10.590500641848525,100.0,-10.0,Hidden Opportunity
M026,L18,Duck Confit,1457,25748.66,0.33568656,4.39,12.0,10.995723885155773,100.0,-5.0,Low Performer
M019,L13,Mushroom Risotto,708,10306.78,0.59127873,4.67,6.0,10.718789407313997,100.0,-9.0,Hidden Opportunity
M121,L20,Fresh Lemonade,596,3151.74,0.53291833,3.69,6.0,12.352941176470589,100.0,-3.0,Hidden Opportunity
M045,L05,Mixed Grill,1570,24781.37,0.54131675,3.7,13.0,27.348449791763073,100.0,-4.0,Low Performer
M132,L19,Virgin Mojito,1067,3120.48,0.61361396,4.41,12.0,11.890999174236168,100.0,-8.0,Hidden Opportunity
M058,L12,Seafood Linguine,2105,37745.56,0.5477203,4.7,15.0,9.734133790737564,100.0,-6.0,Hidden Opportunity
M029,L18,Pan-Seared Steak,2249,46104.33,0.51853484,4.45,16.0,9.775641025641026,100.0,-8.0,Profit Driver
M144,L16,Sweet Potato Fries,110,622.89,0.59912664,4.37,0.0,23.076923076923077,100.0,-7.0,Hidden Opportunity
M052,L05,Spaghetti Bolognese,325,4047.22,0.47883978,3.68,2.0,15.584415584415584,100.0,-5.0,Low Performer
M053,L05,Penne Arrabbiata,1309,20515.56,0.658642,3.66,9.0,11.194029850746269,100.0,-6.0,Hidden Opportunity
M027,L13,Vegetable Korma,2713,43833.46,0.37982854,3.68,11.0,9.324866310160427,100.0,-6.0,Volume Driver
M132,L09,Virgin Mojito,1409,4110.69,0.6126757,4.41,12.0,9.910485933503836,100.0,-8.0,Hidden Opportunity
M044,L06,Spicy Buffalo Wings,1172,33931.94,0.5250787,3.29,14.0,9.498069498069498,100.0,-6.0,Volume Driver
M105,L17,Shrimp Scampi,843,23924.07,0.62437916,4.51,8.0,12.004175365344468,100.0,-9.0,Hidden Opportunity
M012,L03,Onion Rings,934,6256.62,0.414815,3.34,9.0,28.647822765469826,100.0,-9.0,Low Performer
M109,L08,Tiramisu,263,1654.5,0.5310668,4.07,4.0,18.32298136645963,100.0,-3.0,Low Performer
M014,L20,Caesar Salad,665,3469.05,0.46133667,4.36,7.0,12.844036697247708,100.0,-3.0,Low Performer
M058,L01,Seafood Linguine,1974,35583.0,0.5500902,4.7,15.0,9.904153354632587,100.0,-6.0,Profit Driver
M133,L02,Espresso,151,678.18,0.53465164,4.56,2.0,32.28699551569507,100.0,-10.0,Low Performer
M134,L10,Berry Smoothie,676,3757.06,0.6239506,4.22,6.0,11.009174311926607,100.0,-8.0,Hidden Opportunity
M037,L13,BBQ Pulled Pork,405,9515.2,0.56840634,4.73,4.0,14.376321353065538,100.0,0.0,Hidden Opportunity
M076,L03,Chicken Biryani,1258,13674.439,0.47746015,3.36,11.0,10.014306151645208,100.0,-8.0,Volume Driver
M040,L17,Smoked Sausage Plate,1078,19481.99,0.49812827,3.4,11.0,10.687655343827672,100.0,-8.0,Low Performer
M108,L20,Gelato Trio,939,7749.2803,0.47411114,4.62,9.0,11.415094339622641,100.0,-3.0,Low Performer
M120,L12,Red Velvet Slice,832,6647.39,0.61324966,3.82,7.0,11.205976520811099,100.0,-7.0,Hidden Opportunity
M067,L14,Club Sandwich,1182,17685.3,0.50876147,4.52,18.0,10.985703536493604,100.0,-5.0,Hidden Opportunity
M028,L05,Chicken Parmesan,695,19173.94,0.64006615,4.65,5.0,11.913814955640051,100.0,-12.0,Hidden Opportunity
M055,L17,Meat Feast Pizza,488,8107.06,0.5425222,4.64,5.0,12.701252236135957,100.0,-3.0,Hidden Opportunity
M039,L16,Char-Grilled Steak,2617,65696.43,0.48015666,3.89,14.0,9.851877368239752,100.0,-7.0,Volume Driver
M087,L17,Kabuli Pulao,526,5070.23,0.6752849,3.4,6.0,29.301075268817208,100.0,-5.0,Hidden Opportunity
M145,L04,Rice Bowl,823,2933.51,0.51184076,4.38,7.0,11.21898597626753,100.0,-9.0,Hidden Opportunity
M059,L11,Mac and Cheese,1146,17267.85,0.6276861,3.85,12.0,9.97643362136685,100.0,-5.0,Hidden Opportunity
M137,L19,Mashed Potatoes,116,486.09,0.48931265,3.89,2.0,21.62162162162162,100.0,-7.0,Low Performer
M056,L10,Hawaiian Pizza,923,13597.28,0.63955075,4.16,8.0,11.078998073217726,100.0,-6.0,Hidden Opportunity
M033,L14,Peri Peri Chicken,353,9936.43,0.38860035,4.21,5.0,29.82107355864811,100.0,-7.0,Low Performer
M066,L02,Pulled Pork Sandwich,179,2016.24,0.48685673,4.34,2.0,21.145374449339208,100.0,-6.0,Low Performer
M086,L18,Schezwan Fried Rice,1139,12565.8,0.5884815,3.34,10.0,10.455974842767295,100.0,-8.0,Hidden Opportunity
M118,L12,Baklava,2144,18039.0,0.33441988,3.97,17.0,9.95380092398152,100.0,-5.0,Low Performer
M065,L11,Veggie Burger,1165,17647.23,0.55703247,3.95,11.0,11.000763941940413,100.0,-10.0,Hidden Opportunity
M040,L16,Smoked Sausage Plate,870,15759.1,0.4992798,3.4,11.0,11.405295315682281,100.0,-8.0,Low Performer
M139,L14,Coleslaw,654,3104.56,0.4143711,4.73,9.0,11.859838274932615,100.0,-9.0,Low Performer
M042,L07,Grilled Veg Platter,902,20282.07,0.63932574,3.59,9.0,11.361410381978452,100.0,-5.0,Hidden Opportunity
M086,L05,Schezwan Fried Rice,1233,13552.52,0.5869536,3.34,10.0,10.0,100.0,-8.0,Hidden Opportunity
M068,L17,Grilled Chicken Wrap,528,7257.63,0.51038563,4.29,5.0,12.0,100.0,-7.0,Hidden Opportunity
M118,L20,Baklava,1861,15671.78,0.33500853,3.97,17.0,9.660194174757281,100.0,-5.0,Volume Driver
M034,L07,Lamb Chops,482,14280.27,0.61217964,3.44,5.0,11.882998171846435,100.0,-4.0,Hidden Opportunity
M139,L06,Coleslaw,712,3407.16,0.41905868,4.73,9.0,11.11111111111111,100.0,-9.0,Low Performer
M118,L04,Baklava,2076,17408.18,0.33217603,3.97,17.0,10.090948462537895,100.0,-5.0,Volume Driver
M009,L09,Hummus Platter,1844,19394.19,0.38863546,4.68,15.0,9.607843137254903,100.0,-8.0,Low Performer
M071,L12,Falafel Wrap,1406,17873.11,0.6397113,4.69,10.0,10.159744408945686,100.0,-9.0,Hidden Opportunity
M094,L03,Crab Cakes,1442,38521.33,0.59571487,3.22,14.0,27.64676367285499,100.0,-5.0,Volume Driver
M070,L17,Steak Sandwich,1437,21629.45,0.5223166,4.56,15.0,9.84943538268507,100.0,-5.0,Profit Driver
M011,L15,Cheese Sticks,717,3672.81,0.5060975,3.57,7.0,11.69950738916256,100.0,-4.0,Low Performer
M113,L11,Sticky Toffee Pudding,1102,10406.61,0.5086507,4.7,11.0,11.485943775100402,100.0,-9.0,Hidden Opportunity
M143,L11,Cheese Dip,445,1286.82,0.5469841,3.24,6.0,14.092664092664092,100.0,-6.0,Low Performer
M047,L13,Pepperoni Pizza,184,2543.71,0.63398343,3.7,2.0,17.857142857142858,100.0,-13.0,Hidden Opportunity
M032,L17,BBQ Ribs Full Rack,640,12900.59,0.696386,4.28,6.0,11.966987620357635,100.0,-2.0,Hidden Opportunity
M147,L02,Grilled Corn,864,5110.98,0.688952,4.68,8.0,11.11111111111111,100.0,-7.0,Hidden Opportunity
M131,L08,Coca-Cola,139,706.79,0.5240736,4.74,2.0,23.626373626373624,100.0,-6.0,Low Performer
M036,L13,Tandoori Chicken,897,22528.31,0.64523435,4.64,8.0,11.451135241855875,100.0,-4.0,Hidden Opportunity
M109,L10,Tiramisu,477,2902.37,0.51517206,4.07,4.0,12.79707495429616,100.0,-3.0,Hidden Opportunity
M111,L16,Creme Brulee,672,4403.36,0.52232844,4.31,8.0,28.738069989395548,100.0,-7.0,Low Performer
M053,L19,Penne Arrabbiata,816,12902.391,0.66164404,3.66,9.0,11.974110032362459,100.0,-6.0,Hidden Opportunity
M060,L06,Pesto Pasta,1903,35922.79,0.7187043,3.25,11.0,9.895833333333332,100.0,-8.0,Profit Driver
M060,L01,Pesto Pasta,1232,23189.05,0.7178875,3.25,11.0,9.875640087783468,100.0,-8.0,Hidden Opportunity
M008,L01,Bruschetta,350,2124.53,0.5189524,4.02,3.0,15.048543689320388,100.0,-8.0,Hidden Opportunity
M054,L18,Lasagne al Forno,1048,18086.64,0.5972939,4.65,8.0,10.884353741496598,100.0,-5.0,Hidden Opportunity
M048,L14,Truffle Carbonara,706,9998.95,0.32428706,3.6,10.0,11.19496855345912,100.0,-4.0,Low Performer
M132,L18,Virgin Mojito,1570,4587.32,0.61326003,4.41,12.0,9.718228867165038,100.0,-8.0,Hidden Opportunity
M020,L10,Beef Stroganoff,947,15847.7,0.3092171,3.65,8.0,11.57796451914099,100.0,-9.0,Low Performer
M049,L04,Four Cheese Pasta,1511,24048.5,0.42069486,3.38,13.0,10.113027959547887,100.0,-6.0,Low Performer
M081,L01,Prawn Biryani,250,4699.75,0.672323,4.68,3.0,18.30065359477124,100.0,-6.0,Hidden Opportunity
M112,L20,Apple Pie,982,8824.49,0.48476794,4.53,9.0,11.451758340847611,100.0,-12.0,Low Performer
M006,L08,Spring Rolls,254,2611.11,0.59241086,3.33,3.0,18.064516129032256,100.0,-6.0,Hidden Opportunity
M026,L04,Duck Confit,1240,21901.57,0.33531705,4.39,12.0,10.919540229885058,100.0,-5.0,Low Performer
M079,L14,Egg Fried Rice,498,8292.24,0.6817024,4.64,7.0,12.478031634446397,100.0,-4.0,Hidden Opportunity
M102,L15,Mussels Marinara,1097,27781.49,0.6939779,4.38,12.0,10.594947025264874,100.0,-8.0,Profit Driver
M039,L08,Char-Grilled Steak,1020,25708.57,0.4822349,3.89,14.0,9.973521624007061,100.0,-7.0,Volume Driver
M050,L17,BBQ Chicken Pizza,438,5378.25,0.6636564,3.78,5.0,13.095238095238097,100.0,-3.0,Hidden Opportunity
M032,L02,BBQ Ribs Full Rack,725,14378.88,0.6914224,4.28,6.0,12.333736396614269,100.0,-2.0,Hidden Opportunity
M065,L13,Veggie Burger,1333,20289.5,0.5591597,3.95,11.0,10.656836461126005,100.0,-10.0,Hidden Opportunity
M092,L07,Fish and Chips,432,11654.43,0.6715824,4.15,5.0,13.078470824949697,100.0,-5.0,Hidden Opportunity
M048,L06,Truffle Carbonara,1684,23851.2,0.32431582,3.6,10.0,10.615711252653929,100.0,-4.0,Volume Driver
M022,L18,Lamb Rogan Josh,1242,24497.49,0.52393574,4.26,5.0,10.06517016654598,100.0,-4.0,Hidden Opportunity
M045,L12,Mixed Grill,1514,23833.41,0.5400843,3.7,13.0,27.316370619299086,100.0,-4.0,Low Performer
M117,L01,Ice Cream Sundae,1140,12892.97,0.5428672,4.69,10.0,10.56338028169014,100.0,-9.0,Hidden Opportunity
M140,L19,Side Salad,1722,9535.57,0.4726859,4.02,18.0,9.984317825405123,100.0,-9.0,Volume Driver
M139,L07,Coleslaw,799,3821.16,0.4187053,4.73,9.0,10.526315789473683,100.0,-9.0,Low Performer
M065,L09,Veggie Burger,1334,20233.35,0.5576047,3.95,11.0,10.107816711590296,100.0,-10.0,Hidden Opportunity
M022,L15,Lamb Rogan Josh,400,7919.25,0.52571267,4.26,5.0,14.893617021276595,100.0,-4.0,Hidden Opportunity
M080,L19,Chicken Fried Rice,565,11027.41,0.6106067,4.3,8.0,11.71875,100.0,-6.0,Hidden Opportunity
M113,L06,Sticky Toffee Pudding,1014,9586.46,0.5092078,4.7,11.0,9.786476868327403,100.0,-9.0,Hidden Opportunity
M126,L02,Fresh Orange Juice,1002,3615.58,0.51501554,4.11,9.0,10.85409252669039,100.0,-8.0,Hidden Opportunity
M013,L18,Prawn Tempura,1826,12902.31,0.5541961,3.52,7.0,9.603960396039604,100.0,-11.0,Low Performer
M023,L04,Thai Green Curry,90,1926.04,0.3724429,3.31,1.0,27.77777777777778,100.0,8.0,Low Performer
M029,L19,Pan-Seared Steak,1569,32166.35,0.5185643,4.45,16.0,10.085959885386819,100.0,-8.0,Profit Driver
M055,L19,Meat Feast Pizza,475,7907.6,0.5434772,4.64,5.0,12.844036697247708,100.0,-3.0,Hidden Opportunity
M143,L15,Cheese Dip,421,1216.45,0.5466234,3.24,6.0,13.195876288659795,100.0,-6.0,Low Performer
M120,L06,Red Velvet Slice,920,7364.88,0.6140059,3.82,7.0,10.505836575875486,100.0,-7.0,Hidden Opportunity
M066,L05,Pulled Pork Sandwich,203,2287.56,0.48707792,4.34,2.0,18.8,100.0,-6.0,Low Performer
M021,L20,Chicken Alfredo,815,22097.77,0.5271785,4.08,8.0,11.31664853101197,100.0,-7.0,Hidden Opportunity
M090,L04,Steamed Basmati,673,10310.98,0.6038097,4.45,6.0,12.140992167101828,100.0,-5.0,Hidden Opportunity
M054,L13,Lasagne al Forno,950,16519.84,0.60032904,4.65,8.0,11.214953271028037,100.0,-5.0,Hidden Opportunity
M122,L03,Craft Cold Brew,1146,3172.78,0.6676983,4.55,11.0,10.18808777429467,100.0,-10.0,Hidden Opportunity
M115,L08,Panna Cotta,295,1430.88,0.56911135,4.72,4.0,15.472779369627506,100.0,-3.0,Hidden Opportunity
M082,L16,Jeera Rice,108,1897.01,0.5451157,3.73,1.0,34.54545454545455,100.0,-18.0,Low Performer
M004,L14,Calamari Rings,159,1072.99,0.35095385,3.47,2.0,21.67487684729064,100.0,-3.0,Low Performer
M063,L07,Crispy Chicken Burger,366,4951.19,0.39088586,3.72,5.0,15.473441108545035,100.0,-6.0,Low Performer
M137,L20,Mashed Potatoes,202,848.66003,0.49063227,3.89,2.0,18.548387096774192,100.0,-7.0,Low Performer
M047,L15,Pepperoni Pizza,182,2551.38,0.63905025,3.7,2.0,19.823788546255507,100.0,-13.0,Hidden Opportunity
M077,L15,Mutton Biryani,701,7451.42,0.521153,4.2,7.0,11.378002528445007,100.0,-7.0,Hidden Opportunity
M066,L18,Pulled Pork Sandwich,191,2159.86,0.488865,4.34,2.0,20.416666666666668,100.0,-6.0,Low Performer
M022,L07,Lamb Rogan Josh,422,8314.33,0.5234036,4.26,5.0,14.401622718052739,100.0,-4.0,Hidden Opportunity
M092,L04,Fish and Chips,520,14058.09,0.6722741,4.15,5.0,12.310286677908937,100.0,-5.0,Hidden Opportunity
M014,L05,Caesar Salad,764,3967.29,0.45886484,4.36,7.0,10.851808634772462,100.0,-3.0,Low Performer
M071,L14,Falafel Wrap,783,9955.689,0.63978994,4.69,10.0,12.121212121212121,100.0,-9.0,Hidden Opportunity
M073,L02,BBQ Bacon Burger,250,3256.54,0.6299754,3.16,2.0,17.491749174917494,100.0,-14.0,Hidden Opportunity
M099,L06,Salmon Teriyaki,288,8095.6597,0.4951962,3.3,4.0,31.26491646778043,100.0,-8.0,Low Performer
M018,L06,Grilled Salmon,1288,17307.291,0.6442747,3.36,14.0,9.86703988803359,100.0,-9.0,Profit Driver
M055,L10,Meat Feast Pizza,563,9305.95,0.5402081,4.64,5.0,11.755485893416928,100.0,-3.0,Hidden Opportunity
M018,L14,Grilled Salmon,1105,14818.05,0.6435496,3.36,14.0,10.950080515297907,100.0,-9.0,Hidden Opportunity
M139,L04,Coleslaw,1103,5264.2,0.4175107,4.73,9.0,10.543390105433902,100.0,-9.0,Low Performer
M029,L16,Pan-Seared Steak,1316,26990.24,0.51875496,4.45,16.0,11.141120864280891,100.0,-8.0,Hidden Opportunity
M054,L06,Lasagne al Forno,689,12016.08,0.6014882,4.65,8.0,12.340966921119593,100.0,-5.0,Hidden Opportunity
M002,L12,Loaded Nachos,964,4388.8,0.6112195,3.36,7.0,10.223048327137546,100.0,-2.0,Hidden Opportunity
M138,L02,Steamed Vegetables,826,5859.84,0.53201455,4.18,3.0,11.468381564844588,100.0,-6.0,Hidden Opportunity
M116,L12,Fruit Tart,195,1164.96,0.53131443,3.55,1.0,18.75,100.0,-12.0,Low Performer
M004,L16,Calamari Rings,128,875.15,0.35937837,3.47,2.0,22.89156626506024,100.0,-3.0,Low Performer
M140,L01,Side Salad,2107,11717.74,0.4749465,4.02,18.0,9.841677364142063,100.0,-9.0,Volume Driver
M053,L07,Penne Arrabbiata,878,13730.5,0.657893,3.66,9.0,11.313131313131313,100.0,-6.0,Hidden Opportunity
M086,L02,Schezwan Fried Rice,1036,11386.62,0.5869327,3.34,10.0,10.996563573883162,100.0,-8.0,Hidden Opportunity
M102,L18,Mussels Marinara,1523,38580.36,0.6940606,4.38,12.0,9.345238095238095,100.0,-8.0,Hidden Opportunity
M031,L10,Smoked Brisket,165,4388.96,0.6443577,3.88,2.0,21.428571428571427,100.0,-2.0,Hidden Opportunity
M033,L03,Peri Peri Chicken,612,17383.49,0.39410788,4.21,5.0,29.00232018561485,100.0,-7.0,Low Performer
M114,L14,Banoffee Pie,844,7552.52,0.45130366,4.63,11.0,10.498409331919406,100.0,-8.0,Low Performer
M106,L13,Molten Lava Cake,1389,12989.71,0.35948455,4.32,11.0,10.847240051347882,100.0,-3.0,Low Performer
M110,L20,Chocolate Brownie,447,3125.29,0.50083673,3.46,5.0,13.203883495145632,100.0,-6.0,Low Performer
M016,L03,Signature Ribeye,853,19316.32,0.31022778,4.04,4.0,28.010033444816052,100.0,-6.0,Low Performer
M091,L14,Grilled Prawns,605,9569.62,0.5650402,3.86,8.0,13.07471264367816,100.0,-5.0,Hidden Opportunity
M062,L09,Cheeseburger Deluxe,837,13656.46,0.48823118,4.71,7.0,10.957446808510639,100.0,-6.0,Low Performer
M032,L08,BBQ Ribs Full Rack,454,9038.79,0.6926049,4.28,6.0,13.688212927756654,100.0,-2.0,Hidden Opportunity
M137,L09,Mashed Potatoes,213,897.56,0.4921565,3.89,2.0,18.076923076923077,100.0,-7.0,Low Performer
M051,L11,Veggie Supreme Pizza,724,13571.45,0.59402716,3.58,7.0,11.814859926918391,100.0,-5.0,Hidden Opportunity
M038,L20,Grilled Lamb Skewers,833,24713.32,0.40878764,4.27,7.0,10.88580576307364,100.0,-9.0,Low Performer
M087,L05,Kabuli Pulao,658,6299.76,0.6730764,3.4,6.0,28.47826086956522,100.0,-5.0,Hidden Opportunity
M129,L11,Strawberry Milkshake,832,4045.44,0.5866161,3.42,9.0,11.770943796394485,100.0,-6.0,Hidden Opportunity
M068,L13,Grilled Chicken Wrap,650,8988.5,0.5133226,4.29,5.0,11.684782608695652,100.0,-7.0,Hidden Opportunity
M076,L11,Chicken Biryani,1247,13417.87,0.47212484,3.36,11.0,10.54519368723099,100.0,-8.0,Low Performer
M033,L06,Peri Peri Chicken,484,13875.36,0.39968118,4.21,5.0,28.823529411764703,100.0,-7.0,Low Performer
M114,L09,Banoffee Pie,1458,13055.16,0.45165128,4.63,11.0,10.33210332103321,100.0,-8.0,Low Performer
M095,L03,Lobster Thermidor,433,7318.39,0.60181266,3.59,4.0,13.745019920318724,100.0,-5.0,Hidden Opportunity
M085,L09,Vegetable Pulao,1955,25144.62,0.37877566,4.61,15.0,27.350427350427353,100.0,-6.0,Low Performer
M010,L16,Stuffed Mushrooms,499,4730.47,0.6708826,4.25,6.0,13.81692573402418,100.0,-10.0,Hidden Opportunity
M071,L20,Falafel Wrap,1246,15824.22,0.63937056,4.69,10.0,10.744985673352435,100.0,-9.0,Hidden Opportunity
M037,L14,BBQ Pulled Pork,235,5518.0,0.56815875,4.73,4.0,17.832167832167833,100.0,0.0,Hidden Opportunity
M022,L11,Lamb Rogan Josh,419,8338.82,0.52818143,4.26,5.0,14.139344262295081,100.0,-4.0,Hidden Opportunity
M020,L02,Beef Stroganoff,1103,18621.4,0.31526735,3.65,8.0,10.615883306320907,100.0,-9.0,Low Performer
M049,L20,Four Cheese Pasta,1330,20993.34,0.41588143,3.38,13.0,9.523809523809524,100.0,-6.0,Low Performer
M078,L02,Veg Biryani,306,3249.43,0.2400452,3.3,3.0,15.702479338842975,100.0,-7.0,Low Performer
M140,L06,Side Salad,1620,9033.97,0.47637638,4.02,18.0,9.380234505862646,100.0,-9.0,Volume Driver
M009,L15,Hummus Platter,1415,14750.51,0.38317725,4.68,15.0,10.373181530676787,100.0,-8.0,Volume Driver
M051,L01,Veggie Supreme Pizza,840,15661.78,0.5918471,3.58,7.0,11.19324181626188,100.0,-5.0,Hidden Opportunity
M119,L13,Carrot Cake,321,2113.3801,0.5443318,3.67,3.0,16.40625,100.0,-4.0,Hidden Opportunity
M129,L20,Strawberry Milkshake,827,3982.98,0.5826567,3.42,9.0,11.550802139037433,100.0,-6.0,Hidden Opportunity
M058,L17,Seafood Linguine,1639,29680.96,0.55216104,4.7,15.0,9.297177642501383,100.0,-6.0,Profit Driver
M090,L10,Steamed Basmati,584,8782.8,0.59638387,4.45,6.0,12.927191679049036,100.0,-5.0,Hidden Opportunity
M100,L16,Prawn Curry,346,5925.72,0.4762459,3.43,4.0,13.715710723192021,100.0,-7.0,Low Performer
M006,L18,Spring Rolls,450,4690.57,0.5980233,3.33,3.0,13.793103448275861,100.0,-6.0,Hidden Opportunity
M054,L14,Lasagne al Forno,592,10406.32,0.60462487,4.65,8.0,11.773472429210134,100.0,-5.0,Hidden Opportunity
M125,L19,Masala Chai,346,1930.45,0.6809656,3.4,3.0,16.425120772946862,100.0,-0.0,Hidden Opportunity
M108,L11,Gelato Trio,933,7724.02,0.4757626,4.62,9.0,11.142857142857142,100.0,-3.0,Low Performer
M006,L02,Spring Rolls,321,3344.74,0.59787905,3.33,3.0,15.526315789473685,100.0,-6.0,Hidden Opportunity
M081,L17,Prawn Biryani,206,3783.89,0.66464144,4.68,3.0,18.89763779527559,100.0,-6.0,Hidden Opportunity
M079,L13,Egg Fried Rice,848,14050.04,0.68011475,4.64,7.0,11.574556830031282,100.0,-4.0,Hidden Opportunity
M009,L07,Hummus Platter,1536,15989.279,0.38230616,4.68,15.0,9.59387875220718,100.0,-8.0,Volume Driver
M067,L02,Club Sandwich,4471,66762.336,0.50777864,4.52,18.0,9.51224448492208,100.0,-5.0,Profit Driver
M128,L18,Cappuccino,161,639.69,0.45132798,4.23,1.0,21.07843137254902,100.0,-0.0,Low Performer
M034,L13,Lamb Chops,527,15632.82,0.6126591,3.44,5.0,12.603648424543948,100.0,-4.0,Hidden Opportunity
M150,L15,Pickle Plate,707,5092.93,0.28368938,4.73,8.0,12.28287841191067,100.0,-6.0,Low Performer
M003,L02,Soup of the Day,237,1630.43,0.5348466,3.43,3.0,18.275862068965516,100.0,-12.0,Low Performer
M017,L03,Butter Chicken,579,12821.511,0.6513765,4.24,5.0,12.669683257918551,100.0,-5.0,Hidden Opportunity
M023,L13,Thai Green Curry,122,2598.12,0.36936706,3.31,1.0,23.270440251572328,100.0,8.0,Low Performer
M104,L02,Fish Tacos,1283,29325.78,0.7130007,4.11,11.0,9.711470795214638,100.0,-7.0,Hidden Opportunity
M017,L13,Butter Chicken,620,13765.98,0.65230227,4.24,5.0,12.79887482419128,100.0,-5.0,Hidden Opportunity
M001,L17,Truffle Fries,354,2349.79,0.5917337,4.26,5.0,14.903846153846153,100.0,-10.0,Hidden Opportunity
M068,L20,Grilled Chicken Wrap,624,8534.13,0.50791466,4.29,5.0,11.2375533428165,100.0,-7.0,Low Performer
M080,L05,Chicken Fried Rice,815,15814.601,0.60833657,4.3,8.0,11.509229098805646,100.0,-6.0,Hidden Opportunity
M110,L04,Chocolate Brownie,527,3694.35,0.5021506,3.46,5.0,12.748344370860929,100.0,-6.0,Low Performer
M054,L16,Lasagne al Forno,698,12256.15,0.6041905,4.65,8.0,11.30876747141042,100.0,-5.0,Hidden Opportunity
M141,L09,Garlic Naan,1972,13805.97,0.69147265,3.97,16.0,9.872611464968154,100.0,-6.0,Hidden Opportunity
M054,L01,Lasagne al Forno,1100,19172.95,0.6012612,4.65,8.0,10.569105691056912,100.0,-5.0,Hidden Opportunity
M119,L16,Carrot Cake,203,1359.4,0.5520083,3.67,3.0,18.14516129032258,100.0,-4.0,Hidden Opportunity
M010,L18,Stuffed Mushrooms,794,7475.49,0.668613,4.25,6.0,10.686164229471316,100.0,-10.0,Hidden Opportunity
M043,L07,Beef Short Ribs,131,3841.8,0.5655839,3.64,2.0,23.837209302325583,100.0,0.0,Hidden Opportunity
M069,L09,Fish Burger,173,1853.02,0.5602691,3.67,2.0,22.421524663677133,100.0,-7.0,Hidden Opportunity
M111,L19,Creme Brulee,761,4978.83,0.5215884,4.31,8.0,28.878504672897197,100.0,-7.0,Low Performer
M042,L20,Grilled Veg Platter,931,20918.98,0.6390641,3.59,9.0,10.652591170825335,100.0,-5.0,Hidden Opportunity
M075,L15,Halloumi Burger,572,8164.41,0.30640426,3.75,7.0,13.333333333333334,100.0,-9.0,Low Performer
M015,L18,Greek Salad,796,7624.38,0.5009588,3.72,6.0,29.181494661921707,100.0,-7.0,Low Performer
M016,L08,Signature Ribeye,334,7513.3,0.3056207,4.04,4.0,30.70539419087137,100.0,-6.0,Low Performer
M030,L01,Paneer Tikka Masala,1512,45869.78,0.65949345,4.59,12.0,10.21377672209026,100.0,-6.0,Hidden Opportunity
M141,L17,Garlic Naan,1599,11250.39,0.69300264,3.97,16.0,9.147727272727273,100.0,-6.0,Profit Driver
M149,L07,Dinner Roll,932,5601.11,0.46254227,3.44,10.0,11.068702290076336,100.0,-9.0,Low Performer
M085,L19,Vegetable Pulao,1502,19460.43,0.38331375,4.61,15.0,28.33969465648855,100.0,-6.0,Volume Driver
M008,L04,Bruschetta,340,2116.83,0.5309968,4.02,3.0,15.211970074812967,100.0,-8.0,Hidden Opportunity
M024,L16,Roast Chicken,450,8716.29,0.592143,4.34,3.0,13.127413127413126,100.0,-8.0,Hidden Opportunity
M130,L04,Green Tea,441,2175.4,0.600639,3.3,4.0,12.326043737574553,100.0,-3.0,Hidden Opportunity
M126,L16,Fresh Orange Juice,667,2387.66,0.5111323,4.11,9.0,12.005277044854882,100.0,-8.0,Low Performer
M005,L04,Chicken Wings,600,3799.0798,0.49461445,4.2,5.0,12.536443148688047,100.0,-9.0,Low Performer
M089,L14,Hyderabadi Biryani,536,7101.48,0.6052542,3.31,7.0,13.826366559485532,100.0,-4.0,Hidden Opportunity
M071,L05,Falafel Wrap,1495,18997.55,0.63957983,4.69,10.0,10.371702637889687,100.0,-9.0,Hidden Opportunity
M014,L18,Caesar Salad,744,3846.25,0.45644718,4.36,7.0,11.63895486935867,100.0,-3.0,Low Performer
M127,L16,Sparkling Water,338,1683.64,0.5222019,4.23,5.0,14.646464646464647,100.0,-8.0,Low Performer
M061,L01,Classic Beef Burger,195,2037.6,0.58848643,4.73,2.0,20.73170731707317,100.0,-4.0,Hidden Opportunity
M146,L04,Pita Bread,890,5927.98,0.6561898,4.7,8.0,11.0,100.0,-7.0,Hidden Opportunity
M073,L20,BBQ Bacon Burger,221,2882.28,0.63042456,3.16,2.0,19.92753623188406,100.0,-14.0,Hidden Opportunity
M012,L15,Onion Rings,832,5543.04,0.41161525,3.34,9.0,28.08988764044944,100.0,-9.0,Low Performer
M004,L05,Calamari Rings,245,1656.06,0.35201618,3.47,2.0,17.50841750841751,100.0,-3.0,Low Performer
M141,L01,Garlic Naan,1974,13768.399,0.690317,3.97,16.0,9.65675057208238,100.0,-6.0,Profit Driver
M128,L13,Cappuccino,141,559.56,0.45067552,4.23,1.0,23.118279569892472,100.0,-0.0,Low Performer
M148,L20,Extra Cheese,667,4706.15,0.58615005,4.46,7.0,12.23684210526316,100.0,-6.0,Hidden Opportunity
M049,L13,Four Cheese Pasta,1557,24823.48,0.42169508,3.38,13.0,10.155799192152337,100.0,-6.0,Low Performer
M073,L14,BBQ Bacon Burger,132,1732.72,0.6328085,3.16,2.0,21.893491124260358,100.0,-14.0,Hidden Opportunity
M049,L08,Four Cheese Pasta,988,15639.78,0.4175519,3.38,13.0,10.99099099099099,100.0,-6.0,Low Performer
M092,L05,Fish and Chips,529,14365.59,0.6737385,4.15,5.0,13.278688524590162,100.0,-5.0,Hidden Opportunity
M108,L14,Gelato Trio,1055,8770.96,0.47797045,4.62,9.0,10.819949281487743,100.0,-3.0,Low Performer
M039,L19,Char-Grilled Steak,1258,31426.7,0.477613,3.89,14.0,10.271041369472183,100.0,-7.0,Low Performer
M041,L05,Chicken Tikka Skewers,422,10195.73,0.4880072,4.29,4.0,13.877551020408163,100.0,-1.0,Low Performer
M089,L04,Hyderabadi Biryani,868,11463.75,0.60400045,3.31,7.0,10.882956878850102,100.0,-4.0,Hidden Opportunity
M129,L15,Strawberry Milkshake,817,3968.24,0.58617175,3.42,9.0,11.961206896551724,100.0,-6.0,Hidden Opportunity
M079,L11,Egg Fried Rice,725,11882.43,0.6766234,4.64,7.0,11.907654921020656,100.0,-4.0,Hidden Opportunity
M110,L18,Chocolate Brownie,561,3896.33,0.49750403,3.46,5.0,11.514195583596216,100.0,-6.0,Low Performer
M015,L17,Greek Salad,1221,11757.87,0.50361925,3.72,6.0,28.134196586227194,100.0,-7.0,Volume Driver
M085,L14,Vegetable Pulao,1171,15069.13,0.37910885,4.61,15.0,27.84966112138016,100.0,-6.0,Low Performer
M084,L06,Beef Pulao,413,4686.0503,0.46855235,3.71,5.0,14.315352697095435,100.0,-9.0,Low Performer
M112,L14,Apple Pie,639,5779.21,0.4880667,4.53,9.0,11.373092926490985,100.0,-12.0,Low Performer
M043,L13,Beef Short Ribs,191,5565.32,0.56276727,3.64,2.0,18.72340425531915,100.0,0.0,Hidden Opportunity
M042,L01,Grilled Veg Platter,1080,24318.77,0.63983375,3.59,9.0,10.669975186104217,100.0,-5.0,Hidden Opportunity
M100,L01,Prawn Curry,557,9454.03,0.47151744,3.43,4.0,12.832550860719873,100.0,-7.0,Low Performer
M150,L03,Pickle Plate,841,6062.65,0.28421405,4.73,8.0,11.099365750528541,100.0,-6.0,Low Performer
M127,L20,Sparkling Water,473,2388.83,0.52874833,4.23,5.0,13.051470588235295,100.0,-8.0,Hidden Opportunity
M090,L12,Steamed Basmati,754,11510.0205,0.6023656,4.45,6.0,11.398354876615747,100.0,-5.0,Hidden Opportunity
M106,L01,Molten Lava Cake,1339,12471.7,0.35689524,4.32,11.0,10.247823174815807,100.0,-3.0,Low Performer
M012,L14,Onion Rings,615,4108.22,0.41317648,3.34,9.0,29.310344827586203,100.0,-9.0,Low Performer
M032,L15,BBQ Ribs Full Rack,538,10809.54,0.6954024,4.28,6.0,13.08562197092084,100.0,-2.0,Hidden Opportunity
M023,L16,Thai Green Curry,75,1688.16,0.40334445,3.31,1.0,26.47058823529412,100.0,8.0,Low Performer
M133,L19,Espresso,134,597.49,0.53127253,4.56,2.0,35.26570048309179,100.0,-10.0,Low Performer
M068,L18,Grilled Chicken Wrap,717,9854.17,0.5103179,4.29,5.0,11.590628853267571,100.0,-7.0,Hidden Opportunity
M083,L18,Mushroom Rice,903,15054.04,0.65929145,3.28,7.0,10.327706057596822,100.0,-6.0,Hidden Opportunity
M142,L06,Buttered Corn,821,2980.13,0.53992945,4.53,9.0,11.243243243243244,100.0,-8.0,Hidden Opportunity
M128,L04,Cappuccino,142,565.06,0.45216435,4.23,1.0,21.978021978021978,100.0,-0.0,Low Performer
M052,L11,Spaghetti Bolognese,391,4886.41,0.4806842,3.68,2.0,14.25438596491228,100.0,-5.0,Low Performer
M127,L09,Sparkling Water,554,2754.44,0.52131104,4.23,5.0,12.618296529968454,100.0,-8.0,Hidden Opportunity
M128,L16,Cappuccino,74,292.99,0.44940102,4.23,1.0,24.489795918367346,100.0,-0.0,Low Performer
M012,L10,Onion Rings,926,6196.18,0.41416806,3.34,9.0,29.150726855394034,100.0,-9.0,Low Performer
M116,L01,Fruit Tart,139,830.75,0.5315077,3.55,1.0,20.57142857142857,100.0,-12.0,Low Performer
M007,L03,Garlic Bread,702,4017.9,0.30811614,3.84,6.0,29.09090909090909,100.0,-7.0,Low Performer
M075,L14,Halloumi Burger,442,6399.11,0.31618616,3.75,7.0,12.475247524752476,100.0,-9.0,Low Performer
M078,L20,Veg Biryani,331,3580.51,0.25396943,3.3,3.0,16.20253164556962,100.0,-7.0,Low Performer
M128,L17,Cappuccino,108,431.12,0.45388752,4.23,1.0,24.475524475524477,100.0,-0.0,Low Performer
M040,L13,Smoked Sausage Plate,2723,49291.41,0.498947,3.4,11.0,9.384359400998337,100.0,-8.0,Volume Driver
M124,L14,Iced Latte,1090,6020.5,0.4514243,4.6,15.0,10.874897792313982,100.0,-4.0,Low Performer
M057,L06,Mushroom Pizza,429,6990.54,0.46609274,4.74,5.0,13.157894736842104,100.0,-7.0,Low Performer
M037,L12,BBQ Pulled Pork,444,10568.38,0.5739972,4.73,4.0,13.78640776699029,100.0,0.0,Hidden Opportunity
M087,L16,Kabuli Pulao,429,4100.04,0.6724983,3.4,6.0,30.582524271844658,100.0,-5.0,Hidden Opportunity
M105,L07,Shrimp Scampi,775,22019.97,0.6248178,4.51,8.0,11.327231121281464,100.0,-9.0,Hidden Opportunity
M015,L09,Greek Salad,837,7967.37,0.49784434,3.72,6.0,28.510638297872344,100.0,-7.0,Low Performer
M039,L01,Char-Grilled Steak,1718,42814.19,0.47634414,3.89,14.0,10.09942438513867,100.0,-7.0,Low Performer
M099,L01,Salmon Teriyaki,465,13047.06,0.49426538,3.3,4.0,29.652042360060516,100.0,-8.0,Low Performer
M011,L06,Cheese Sticks,674,3472.35,0.5089147,3.57,7.0,12.1251629726206,100.0,-4.0,Low Performer
M113,L02,Sticky Toffee Pudding,1370,12906.04,0.50745547,4.7,11.0,9.85545335085414,100.0,-9.0,Hidden Opportunity
M050,L04,BBQ Chicken Pizza,606,7455.07,0.6642849,3.78,5.0,12.427745664739884,100.0,-3.0,Hidden Opportunity
M015,L04,Greek Salad,714,6859.52,0.50245494,3.72,6.0,28.52852852852853,100.0,-7.0,Low Performer
M098,L03,Seafood Platter,1208,37073.87,0.66569227,4.29,11.0,9.51310861423221,100.0,-6.0,Profit Driver
M021,L06,Chicken Alfredo,677,18330.38,0.5265161,4.08,8.0,11.387434554973822,100.0,-7.0,Hidden Opportunity
M075,L05,Halloumi Burger,796,11448.64,0.3116737,3.75,7.0,11.160714285714286,100.0,-9.0,Low Performer
M049,L17,Four Cheese Pasta,1246,19704.66,0.41698462,3.38,13.0,10.808876163206872,100.0,-6.0,Volume Driver
M042,L13,Grilled Veg Platter,2411,54048.34,0.63822734,3.59,9.0,10.104399701715137,100.0,-5.0,Profit Driver
M097,L07,Grilled Octopus,905,23763.32,0.5814579,3.65,10.0,10.9251968503937,100.0,-6.0,Hidden Opportunity
M041,L07,Chicken Tikka Skewers,334,8168.32,0.49419466,4.29,4.0,15.228426395939088,100.0,-1.0,Low Performer
M140,L09,Side Salad,2232,12399.22,0.47436693,4.02,18.0,9.120521172638437,100.0,-9.0,Low Performer
M061,L10,Classic Beef Burger,153,1630.11,0.59640765,4.73,2.0,21.53846153846154,100.0,-4.0,Hidden Opportunity
M083,L11,Mushroom Rice,750,12494.63,0.6590535,3.28,7.0,11.347517730496454,100.0,-6.0,Hidden Opportunity
M027,L06,Vegetable Korma,898,14523.46,0.3804534,3.68,11.0,10.912698412698413,100.0,-6.0,Low Performer
M143,L09,Cheese Dip,565,1652.4401,0.5520866,3.24,6.0,13.476263399693721,100.0,-6.0,Low Performer
M010,L20,Stuffed Mushrooms,706,6682.38,0.67036897,4.25,6.0,11.860174781523096,100.0,-10.0,Hidden Opportunity
M113,L10,Sticky Toffee Pudding,1235,11777.78,0.5134567,4.7,11.0,9.523809523809524,100.0,-9.0,Hidden Opportunity
M145,L11,Rice Bowl,1112,3963.57,0.511834,4.38,7.0,10.968775020016013,100.0,-9.0,Hidden Opportunity
M134,L09,Berry Smoothie,857,4737.96,0.6219618,4.22,6.0,11.375387797311271,100.0,-8.0,Hidden Opportunity
M121,L07,Fresh Lemonade,509,2718.71,0.5375638,3.69,6.0,11.32404181184669,100.0,-3.0,Hidden Opportunity
M020,L12,Beef Stroganoff,1069,17970.36,0.3123321,3.65,8.0,10.693400167084377,100.0,-9.0,Low Performer
M109,L19,Tiramisu,398,2463.27,0.52335715,4.07,4.0,14.224137931034484,100.0,-3.0,Hidden Opportunity
M080,L20,Chicken Fried Rice,776,15186.01,0.6116426,4.3,8.0,11.11111111111111,100.0,-6.0,Hidden Opportunity
M103,L14,Tuna Steak,1276,17352.14,0.64114624,3.49,17.0,10.056258790436006,100.0,-6.0,Hidden Opportunity
M008,L06,Bruschetta,275,1691.62,0.5253071,4.02,3.0,16.666666666666664,100.0,-8.0,Hidden Opportunity
M037,L04,BBQ Pulled Pork,433,10155.59,0.56766474,4.73,4.0,13.572854291417165,100.0,0.0,Hidden Opportunity
M015,L20,Greek Salad,719,6901.43,0.5020133,3.72,6.0,28.952569169960473,100.0,-7.0,Low Performer
M107,L05,New York Cheesecake,528,3910.58,0.26279995,4.02,4.0,13.866231647634583,100.0,-10.0,Low Performer
M070,L11,Steak Sandwich,1497,22547.93,0.5226422,4.56,15.0,10.13189448441247,100.0,-5.0,Profit Driver
M048,L05,Truffle Carbonara,1255,17920.11,0.3297837,3.6,10.0,10.676156583629894,100.0,-4.0,Low Performer
M086,L13,Schezwan Fried Rice,1112,12206.03,0.5863946,3.34,10.0,10.466988727858293,100.0,-8.0,Hidden Opportunity
M150,L02,Pickle Plate,1857,13343.73,0.28190094,4.73,8.0,9.547004383828543,100.0,-6.0,Low Performer
M057,L01,Mushroom Pizza,616,9866.65,0.4568369,4.74,5.0,11.74785100286533,100.0,-7.0,Low Performer
M072,L04,Philly Cheesesteak,1808,23082.78,0.2762605,4.45,9.0,9.915296462381665,100.0,-7.0,Volume Driver
M126,L01,Fresh Orange Juice,932,3348.47,0.51291186,4.11,9.0,11.238095238095239,100.0,-8.0,Hidden Opportunity
M031,L11,Smoked Brisket,226,6077.87,0.6482386,3.88,2.0,18.4115523465704,100.0,-2.0,Hidden Opportunity
M046,L20,Margherita Pizza,656,8705.08,0.6239621,3.55,6.0,11.11111111111111,100.0,-11.0,Hidden Opportunity
M020,L01,Beef Stroganoff,1041,17565.86,0.31492338,3.65,8.0,10.103626943005182,100.0,-9.0,Low Performer
M049,L12,Four Cheese Pasta,1587,24930.63,0.41308582,3.38,13.0,9.931895573212259,100.0,-6.0,Low Performer
M124,L11,Iced Latte,1514,8408.15,0.45440793,4.6,15.0,10.023724792408066,100.0,-4.0,Volume Driver
M032,L13,BBQ Ribs Full Rack,790,15836.2,0.6946995,4.28,6.0,11.434977578475337,100.0,-2.0,Hidden Opportunity
M147,L08,Grilled Corn,591,3468.68,0.68649745,4.68,8.0,13.088235294117649,100.0,-7.0,Hidden Opportunity
M140,L10,Side Salad,1878,10395.39,0.47248155,4.02,18.0,9.711538461538462,100.0,-9.0,Volume Driver
M094,L02,Crab Cakes,1765,47154.72,0.59575623,3.22,14.0,27.723177723177724,100.0,-5.0,Low Performer
M056,L07,Hawaiian Pizza,827,12159.44,0.638851,4.16,8.0,10.883620689655173,100.0,-6.0,Hidden Opportunity
M068,L02,Grilled Chicken Wrap,593,8211.439,0.51398414,4.29,5.0,11.88707280832095,100.0,-7.0,Hidden Opportunity
M100,L10,Prawn Curry,427,7075.57,0.45867404,3.43,4.0,13.911290322580644,100.0,-7.0,Low Performer
M069,L08,Fish Burger,89,961.15,0.56386614,3.67,2.0,25.210084033613445,100.0,-7.0,Hidden Opportunity
M128,L14,Cappuccino,87,342.52,0.44628054,4.23,1.0,26.89075630252101,100.0,-0.0,Low Performer
M014,L17,Caesar Salad,610,3149.19,0.4557013,4.36,7.0,11.849710982658959,100.0,-3.0,Low Performer
M136,L16,French Fries,449,3728.57,0.49422967,3.33,7.0,12.984496124031008,100.0,-4.0,Low Performer
M057,L12,Mushroom Pizza,669,10888.93,0.46548468,4.74,5.0,12.319790301441676,100.0,-7.0,Low Performer
M093,L17,Butter Garlic Shrimp,603,11733.05,0.6351077,4.07,6.0,12.608695652173912,100.0,-6.0,Hidden Opportunity
M128,L09,Cappuccino,147,577.42,0.44501403,4.23,1.0,22.22222222222222,100.0,-0.0,Low Performer
M102,L05,Mussels Marinara,2359,60005.16,0.69532204,4.38,12.0,9.547546012269938,100.0,-8.0,Hidden Opportunity
M092,L03,Fish and Chips,505,13560.3,0.6700442,4.15,5.0,12.629757785467127,100.0,-5.0,Hidden Opportunity
M030,L03,Paneer Tikka Masala,1327,40451.9,0.66113067,4.59,12.0,10.277214334009466,100.0,-6.0,Profit Driver
M013,L09,Prawn Tempura,793,5578.87,0.552248,3.52,7.0,11.692650334075724,100.0,-11.0,Low Performer
M118,L03,Baklava,1933,16135.7295,0.329141,3.97,17.0,9.588400374181479,100.0,-5.0,Volume Driver
M001,L03,Truffle Fries,331,2170.82,0.58678746,4.26,5.0,15.34526854219949,100.0,-10.0,Hidden Opportunity
M083,L02,Mushroom Rice,840,14137.64,0.6625179,3.28,7.0,10.828025477707007,100.0,-6.0,Hidden Opportunity
M111,L13,Creme Brulee,1049,6934.7197,0.5265317,4.31,8.0,27.27272727272727,100.0,-7.0,Low Performer
M109,L17,Tiramisu,416,2619.7,0.53154945,4.07,4.0,12.97071129707113,100.0,-3.0,Hidden Opportunity
M094,L16,Crab Cakes,1023,27308.91,0.5954287,3.22,14.0,28.511530398322847,100.0,-5.0,Low Performer
M042,L02,Grilled Veg Platter,895,20241.54,0.64140826,3.59,9.0,11.561264822134387,100.0,-5.0,Hidden Opportunity
M070,L16,Steak Sandwich,1048,15934.77,0.52712715,4.56,15.0,11.03565365025467,100.0,-5.0,Hidden Opportunity
M135,L04,Salted Caramel Frappe,1632,5180.57,0.68497676,3.22,13.0,10.231023102310232,100.0,-8.0,Profit Driver
M095,L12,Lobster Thermidor,451,7738.57,0.60777897,3.59,4.0,13.766730401529637,100.0,-5.0,Hidden Opportunity
M102,L03,Mussels Marinara,1274,32242.549,0.6937742,4.38,12.0,9.759547383309759,100.0,-8.0,Profit Driver
M043,L17,Beef Short Ribs,150,4277.36,0.5532291,3.64,2.0,20.634920634920633,100.0,0.0,Hidden Opportunity
M084,L08,Beef Pulao,356,4074.47,0.47313884,3.71,5.0,15.035799522673033,100.0,-9.0,Low Performer
M047,L16,Pepperoni Pizza,129,1811.61,0.63969064,3.7,2.0,21.818181818181817,100.0,-13.0,Hidden Opportunity
M138,L07,Steamed Vegetables,336,2380.53,0.5313985,4.18,3.0,16.0,100.0,-6.0,Hidden Opportunity
M002,L20,Loaded Nachos,758,3468.23,0.61315715,3.36,7.0,11.655011655011654,100.0,-2.0,Hidden Opportunity
M076,L09,Chicken Biryani,1449,15735.29,0.47695148,3.36,11.0,9.831985065339142,100.0,-8.0,Low Performer
M098,L10,Seafood Platter,1127,34778.21,0.6675211,4.29,11.0,10.555555555555555,100.0,-6.0,Hidden Opportunity
M135,L17,Salted Caramel Frappe,1328,4232.0,0.6862004,3.22,13.0,9.400544959128066,100.0,-8.0,Profit Driver
M052,L13,Spaghetti Bolognese,504,6215.6797,0.4737567,3.68,2.0,13.402061855670103,100.0,-5.0,Low Performer
M068,L12,Grilled Chicken Wrap,727,10094.31,0.5153002,4.29,5.0,11.449451887941535,100.0,-7.0,Hidden Opportunity
M008,L07,Bruschetta,289,1784.42,0.5270844,4.02,3.0,16.714697406340058,100.0,-8.0,Hidden Opportunity
M047,L02,Pepperoni Pizza,209,2861.57,0.6304336,3.7,2.0,18.67704280155642,100.0,-13.0,Hidden Opportunity
M126,L17,Fresh Orange Juice,866,3130.94,0.51596004,4.11,9.0,11.63265306122449,100.0,-8.0,Hidden Opportunity
M049,L01,Four Cheese Pasta,1548,24409.26,0.41528094,3.38,13.0,10.0,100.0,-6.0,Low Performer
M087,L11,Kabuli Pulao,802,7683.38,0.67328703,3.4,6.0,28.20053715308863,100.0,-5.0,Hidden Opportunity
M002,L09,Loaded Nachos,879,4060.83,0.616869,3.36,7.0,11.301715438950556,100.0,-2.0,Hidden Opportunity
M080,L02,Chicken Fried Rice,726,14178.7,0.61085284,4.3,8.0,11.246943765281173,100.0,-6.0,Hidden Opportunity
M048,L03,Truffle Carbonara,1005,14344.85,0.32952598,3.6,10.0,10.983170947741364,100.0,-4.0,Low Performer
M114,L19,Banoffee Pie,1046,9342.58,0.45027393,4.63,11.0,9.671848013816927,100.0,-8.0,Low Performer
M113,L07,Sticky Toffee Pudding,1028,9765.9,0.5115739,4.7,11.0,10.530896431679722,100.0,-9.0,Hidden Opportunity
M019,L19,Mushroom Risotto,573,8253.2295,0.5869072,4.67,6.0,11.574074074074074,100.0,-9.0,Hidden Opportunity
M053,L16,Penne Arrabbiata,753,11850.99,0.6600664,3.66,9.0,11.202830188679245,100.0,-6.0,Hidden Opportunity
M083,L04,Mushroom Rice,840,14039.87,0.66016775,3.28,7.0,10.73326248671626,100.0,-6.0,Hidden Opportunity
M072,L02,Philly Cheesesteak,968,12350.3,0.27578118,4.45,9.0,11.029411764705882,100.0,-7.0,Low Performer
M116,L15,Fruit Tart,136,823.97,0.5378473,3.55,1.0,22.285714285714285,100.0,-12.0,Low Performer
M036,L07,Tandoori Chicken,744,18390.01,0.63953036,4.64,8.0,11.428571428571429,100.0,-4.0,Hidden Opportunity
M108,L04,Gelato Trio,1090,9039.33,0.47666475,4.62,9.0,10.418375717801478,100.0,-3.0,Low Performer
M070,L13,Steak Sandwich,1606,24536.45,0.5293883,4.56,15.0,8.594194649971543,100.0,-5.0,Hidden Opportunity
M080,L09,Chicken Fried Rice,1647,32072.0,0.60971564,4.3,8.0,10.683297180043384,100.0,-6.0,Hidden Opportunity
M079,L09,Egg Fried Rice,830,13710.75,0.67915684,4.64,7.0,11.324786324786325,100.0,-4.0,Hidden Opportunity
M091,L01,Grilled Prawns,1014,15836.56,0.55948013,3.86,8.0,10.582010582010582,100.0,-5.0,Hidden Opportunity
M126,L18,Fresh Orange Juice,1222,4390.18,0.5128901,4.11,9.0,10.54172767203514,100.0,-8.0,Hidden Opportunity
M080,L08,Chicken Fried Rice,511,10014.9,0.6122178,4.3,8.0,13.242784380305602,100.0,-6.0,Hidden Opportunity
M068,L09,Grilled Chicken Wrap,600,8276.14,0.5120914,4.29,5.0,13.024602026049203,100.0,-7.0,Hidden Opportunity
M087,L02,Kabuli Pulao,627,5976.03,0.6716031,3.4,6.0,28.91156462585034,100.0,-5.0,Hidden Opportunity
M099,L09,Salmon Teriyaki,480,13177.56,0.4831213,3.3,4.0,29.721815519765737,100.0,-8.0,Low Performer
M016,L16,Signature Ribeye,332,7529.9897,0.3113085,4.04,4.0,30.105263157894736,100.0,-6.0,Low Performer
M011,L10,Cheese Sticks,729,3772.93,0.51115716,3.57,7.0,11.421628189550425,100.0,-4.0,Low Performer
M065,L08,Veggie Burger,820,12425.45,0.557183,3.95,11.0,10.087719298245613,100.0,-10.0,Hidden Opportunity
M079,L15,Egg Fried Rice,657,10814.61,0.67801887,4.64,7.0,12.149532710280374,100.0,-4.0,Hidden Opportunity
M103,L16,Tuna Steak,1421,19588.57,0.64599353,3.49,17.0,10.176991150442479,100.0,-6.0,Hidden Opportunity
M057,L18,Mushroom Pizza,652,10574.84,0.46359473,4.74,5.0,11.621621621621623,100.0,-7.0,Low Performer
M146,L14,Pita Bread,523,3497.1099,0.6575258,4.7,8.0,12.833333333333332,100.0,-7.0,Hidden Opportunity
M065,L04,Veggie Burger,1327,20025.4,0.55535614,3.95,11.0,9.666439754935329,100.0,-10.0,Hidden Opportunity
M067,L13,Club Sandwich,2079,31124.05,0.5090404,4.52,18.0,9.174311926605505,100.0,-5.0,Profit Driver
M078,L19,Veg Biryani,203,2182.68,0.24945027,3.3,3.0,18.8,100.0,-7.0,Low Performer
M094,L10,Crab Cakes,1432,38140.54,0.5945102,3.22,14.0,27.713276123170118,100.0,-5.0,Low Performer
M044,L03,Spicy Buffalo Wings,1399,40154.84,0.5209482,3.29,14.0,10.529674537332482,100.0,-6.0,Volume Driver
M089,L16,Hyderabadi Biryani,577,7689.04,0.607531,3.31,7.0,12.708018154311649,100.0,-4.0,Hidden Opportunity
M021,L04,Chicken Alfredo,1382,37700.47,0.5300526,4.08,8.0,10.65891472868217,100.0,-7.0,Hidden Opportunity
M008,L16,Bruschetta,237,1464.18,0.52735317,4.02,3.0,18.556701030927837,100.0,-8.0,Low Performer
M057,L17,Mushroom Pizza,496,8078.7,0.46585464,4.74,5.0,13.391304347826086,100.0,-7.0,Low Performer
M088,L17,Lemon Rice,1124,16550.45,0.5347921,4.36,12.0,11.426319936958235,100.0,-2.0,Hidden Opportunity
M116,L11,Fruit Tart,155,949.94,0.543129,3.55,1.0,19.689119170984455,100.0,-12.0,Low Performer
M051,L08,Veggie Supreme Pizza,554,10254.74,0.58887887,3.58,7.0,12.063492063492063,100.0,-5.0,Hidden Opportunity
M066,L04,Pulled Pork Sandwich,380,4308.57,0.4902253,4.34,2.0,14.798206278026907,100.0,-6.0,Low Performer
M125,L03,Masala Chai,384,2119.46,0.67750275,3.4,3.0,13.513513513513514,100.0,-0.0,Hidden Opportunity
M099,L15,Salmon Teriyaki,370,10341.91,0.49232784,3.3,4.0,29.254302103250478,100.0,-8.0,Low Performer
M061,L17,Classic Beef Burger,187,1979.93,0.5938745,4.73,2.0,18.695652173913043,100.0,-4.0,Hidden Opportunity
M033,L07,Peri Peri Chicken,533,15261.42,0.39894652,4.21,5.0,29.4973544973545,100.0,-7.0,Low Performer
M124,L10,Iced Latte,1587,8733.24,0.4493899,4.6,15.0,10.641891891891891,100.0,-4.0,Volume Driver
M095,L18,Lobster Thermidor,534,9070.7,0.60379905,3.59,4.0,12.459016393442624,100.0,-5.0,Hidden Opportunity
M018,L17,Grilled Salmon,1411,18957.17,0.6442201,3.36,14.0,9.897828863346104,100.0,-9.0,Profit Driver
M127,L02,Sparkling Water,599,2997.21,0.524351,4.23,5.0,12.041116005873716,100.0,-8.0,Hidden Opportunity
M137,L03,Mashed Potatoes,146,632.79,0.50625014,3.89,2.0,19.78021978021978,100.0,-7.0,Low Performer
M065,L05,Veggie Burger,1473,22386.99,0.5585012,3.95,11.0,10.292326431181486,100.0,-10.0,Hidden Opportunity
M055,L07,Meat Feast Pizza,538,8898.72,0.5405182,4.64,5.0,13.08562197092084,100.0,-3.0,Hidden Opportunity
M083,L19,Mushroom Rice,707,11849.61,0.6611061,3.28,7.0,11.403508771929824,100.0,-6.0,Hidden Opportunity
M148,L10,Extra Cheese,759,5381.29,0.5881508,4.46,7.0,11.435239206534423,100.0,-6.0,Hidden Opportunity
M047,L07,Pepperoni Pizza,123,1653.27,0.62354606,3.7,2.0,23.60248447204969,100.0,-13.0,Hidden Opportunity
M063,L20,Crispy Chicken Burger,523,7132.11,0.39575806,3.72,5.0,12.687813021702837,100.0,-6.0,Low Performer
M041,L19,Chicken Tikka Skewers,302,7370.68,0.49316207,4.29,4.0,15.87743732590529,100.0,-1.0,Low Performer
M090,L16,Steamed Basmati,444,6887.78,0.6087158,4.45,6.0,13.28125,100.0,-5.0,Hidden Opportunity
M124,L07,Iced Latte,1507,8259.18,0.44713524,4.6,15.0,10.616844602609728,100.0,-4.0,Volume Driver
M053,L02,Penne Arrabbiata,1147,17868.25,0.65657246,3.66,9.0,11.085271317829458,100.0,-6.0,Hidden Opportunity
M128,L02,Cappuccino,137,554.93,0.46180597,4.23,1.0,22.598870056497177,100.0,-0.0,Low Performer
M138,L03,Steamed Vegetables,337,2380.81,0.5300591,4.18,3.0,15.326633165829145,100.0,-6.0,Hidden Opportunity
M067,L07,Club Sandwich,1691,25162.3,0.5060527,4.52,18.0,10.185676392572944,100.0,-5.0,Profit Driver
M046,L14,Margherita Pizza,387,5213.39,0.62958264,3.55,6.0,14.380530973451327,100.0,-11.0,Hidden Opportunity
M030,L12,Paneer Tikka Masala,1439,43472.66,0.65806395,4.59,12.0,10.607940446650124,100.0,-6.0,Hidden Opportunity
M102,L01,Mussels Marinara,3245,82282.62,0.6943613,4.38,12.0,9.154535274356103,100.0,-8.0,Profit Driver
M065,L17,Veggie Burger,1115,16970.55,0.5591392,3.95,11.0,11.36724960254372,100.0,-10.0,Hidden Opportunity
M143,L13,Cheese Dip,620,1811.31,0.5515952,3.24,6.0,12.305516265912306,100.0,-6.0,Low Performer
M107,L18,New York Cheesecake,536,3981.49,0.26495865,4.02,4.0,12.131147540983607,100.0,-10.0,Low Performer
M133,L16,Espresso,92,407.69,0.52836716,4.56,2.0,34.751773049645394,100.0,-10.0,Low Performer
M025,L12,Beef Wellington,1679,38073.82,0.5113881,4.55,13.0,9.682625067240453,100.0,-4.0,Hidden Opportunity
M116,L14,Fruit Tart,94,584.49,0.5496929,3.55,1.0,25.396825396825395,100.0,-12.0,Low Performer
M148,L12,Extra Cheese,808,5681.3,0.5847148,4.46,7.0,10.915104740904079,100.0,-6.0,Hidden Opportunity
M034,L08,Lamb Chops,308,9150.92,0.61327165,3.44,5.0,15.151515151515152,100.0,-4.0,Hidden Opportunity
M048,L20,Truffle Carbonara,1011,14560.561,0.3355153,3.6,10.0,10.846560846560847,100.0,-4.0,Low Performer
M010,L01,Stuffed Mushrooms,744,7027.65,0.6696933,4.25,6.0,11.743772241992882,100.0,-10.0,Hidden Opportunity
M045,L13,Mixed Grill,1452,22951.18,0.54196346,3.7,13.0,27.761194029850746,100.0,-4.0,Low Performer
M067,L19,Club Sandwich,1673,25203.44,0.51210827,4.52,18.0,9.567567567567567,100.0,-5.0,Profit Driver
M055,L13,Meat Feast Pizza,545,9054.52,0.54254895,4.64,5.0,12.238325281803544,100.0,-3.0,Hidden Opportunity
M044,L11,Spicy Buffalo Wings,1352,38825.03,0.52118516,3.29,14.0,10.28533510285335,100.0,-6.0,Volume Driver
M034,L05,Lamb Chops,617,18442.57,0.6155997,3.44,5.0,13.098591549295774,100.0,-4.0,Hidden Opportunity
M006,L17,Spring Rolls,336,3494.72,0.5971523,3.33,3.0,14.720812182741117,100.0,-6.0,Hidden Opportunity
M070,L09,Steak Sandwich,1756,26633.09,0.5259416,4.56,15.0,10.040983606557377,100.0,-5.0,Hidden Opportunity
M065,L14,Veggie Burger,812,12342.68,0.5585627,3.95,11.0,11.546840958605664,100.0,-10.0,Hidden Opportunity
M045,L15,Mixed Grill,1075,16863.85,0.5384803,3.7,13.0,27.609427609427613,100.0,-4.0,Low Performer
M064,L01,Double Bacon Burger,398,3821.3801,0.4875778,3.27,4.0,13.665943600867678,100.0,-5.0,Low Performer
M021,L03,Chicken Alfredo,736,20144.24,0.5316021,4.08,8.0,10.895883777239709,100.0,-7.0,Hidden Opportunity
M062,L19,Cheeseburger Deluxe,629,10316.61,0.4909035,4.71,7.0,12.027972027972028,100.0,-6.0,Low Performer
M024,L17,Roast Chicken,272,5328.53,0.59673685,4.34,3.0,15.527950310559005,100.0,-8.0,Hidden Opportunity
M128,L06,Cappuccino,104,409.99,0.44701087,4.23,1.0,24.087591240875913,100.0,-0.0,Low Performer
M010,L06,Stuffed Mushrooms,527,5049.41,0.6743699,4.25,6.0,12.892561983471074,100.0,-10.0,Hidden Opportunity
M071,L10,Falafel Wrap,1181,14923.18,0.6375451,4.69,10.0,9.778456837280366,100.0,-9.0,Hidden Opportunity
M079,L07,Egg Fried Rice,638,10656.51,0.68269163,4.64,7.0,11.878453038674033,100.0,-4.0,Hidden Opportunity
M026,L02,Duck Confit,1263,22107.02,0.32928002,4.39,12.0,10.298295454545455,100.0,-5.0,Low Performer
M057,L09,Mushroom Pizza,571,9303.77,0.46605515,4.74,5.0,12.691131498470948,100.0,-7.0,Low Performer
M076,L01,Chicken Biryani,1394,15012.85,0.47259048,3.36,11.0,9.948320413436692,100.0,-8.0,Low Performer
M088,L11,Lemon Rice,1143,16758.95,0.53281385,4.36,12.0,10.07081038552321,100.0,-2.0,Hidden Opportunity
M058,L14,Seafood Linguine,1135,20699.35,0.5553073,4.7,15.0,10.980392156862745,100.0,-6.0,Hidden Opportunity
M030,L19,Paneer Tikka Masala,1114,33750.1,0.6590345,4.59,12.0,11.708860759493671,100.0,-6.0,Hidden Opportunity
M130,L11,Green Tea,360,1780.87,0.6017677,3.3,4.0,15.690866510538642,100.0,-3.0,Hidden Opportunity
M095,L07,Lobster Thermidor,355,6146.07,0.6112719,3.59,4.0,14.663461538461538,100.0,-5.0,Hidden Opportunity
M060,L10,Pesto Pasta,951,18040.05,0.7200778,3.25,11.0,11.369990680335508,100.0,-8.0,Hidden Opportunity
M087,L07,Kabuli Pulao,555,5326.16,0.6738457,3.4,6.0,28.680203045685282,100.0,-5.0,Hidden Opportunity
M132,L10,Virgin Mojito,1254,3647.02,0.6114581,4.41,12.0,10.747330960854093,100.0,-8.0,Hidden Opportunity
M030,L20,Paneer Tikka Masala,1350,40718.36,0.6575132,4.59,12.0,10.714285714285714,100.0,-6.0,Hidden Opportunity
M045,L07,Mixed Grill,1206,18983.04,0.54004,3.7,13.0,27.827648114901255,100.0,-4.0,Low Performer
M100,L05,Prawn Curry,554,9343.19,0.46812811,3.43,4.0,12.341772151898734,100.0,-7.0,Low Performer
M053,L13,Penne Arrabbiata,1226,19130.8,0.6571445,3.66,9.0,10.510948905109489,100.0,-6.0,Hidden Opportunity
M086,L01,Schezwan Fried Rice,1036,11390.7,0.5870807,3.34,10.0,10.689655172413794,100.0,-8.0,Hidden Opportunity
M076,L07,Chicken Biryani,1228,13253.97,0.47373956,3.36,11.0,10.942028985507246,100.0,-8.0,Low Performer
M055,L16,Meat Feast Pizza,425,6981.02,0.53731686,4.64,5.0,13.0879345603272,100.0,-3.0,Hidden Opportunity
M115,L01,Panna Cotta,531,2619.86,0.5763934,4.72,4.0,12.08609271523179,100.0,-3.0,Hidden Opportunity
M120,L15,Red Velvet Slice,620,4999.77,0.61682236,3.82,7.0,11.68091168091168,100.0,-7.0,Hidden Opportunity
M136,L03,French Fries,599,4944.76,0.491219,3.33,7.0,13.062409288824384,100.0,-4.0,Low Performer
M042,L14,Grilled Veg Platter,625,14056.96,0.6394135,3.59,9.0,11.938202247191011,100.0,-5.0,Hidden Opportunity
M026,L14,Duck Confit,794,13998.649,0.33411008,4.39,12.0,10.986547085201794,100.0,-5.0,Low Performer
M140,L04,Side Salad,2042,11286.57,0.47170484,4.02,18.0,9.163701067615659,100.0,-9.0,Volume Driver
M049,L15,Four Cheese Pasta,1238,19443.74,0.41295448,3.38,13.0,10.670511896178802,100.0,-6.0,Volume Driver
M149,L06,Dinner Roll,908,5405.2603,0.45741,3.44,10.0,11.587147030185005,100.0,-9.0,Low Performer
M123,L17,Mango Smoothie,204,1067.07,0.5086733,4.65,2.0,18.4,100.0,-8.0,Low Performer
M100,L12,Prawn Curry,511,8579.62,0.46574906,3.43,4.0,13.095238095238097,100.0,-7.0,Low Performer
M116,L02,Fruit Tart,154,918.74,0.5306616,3.55,1.0,21.025641025641026,100.0,-12.0,Low Performer
M105,L11,Shrimp Scampi,881,25027.91,0.6247605,4.51,8.0,11.546184738955825,100.0,-9.0,Hidden Opportunity
M107,L14,New York Cheesecake,281,2123.79,0.277584,4.02,4.0,15.868263473053892,100.0,-10.0,Low Performer
M107,L15,New York Cheesecake,353,2657.87,0.2748404,4.02,4.0,15.144230769230768,100.0,-10.0,Low Performer
M020,L16,Beef Stroganoff,559,9355.38,0.30927017,3.65,8.0,12.519561815336463,100.0,-9.0,Low Performer
M022,L05,Lamb Rogan Josh,500,9887.17,0.5251422,4.26,5.0,12.89198606271777,100.0,-4.0,Hidden Opportunity
M149,L03,Dinner Roll,1114,6656.18,0.4594167,3.44,10.0,11.235059760956176,100.0,-9.0,Low Performer
M142,L01,Buttered Corn,1019,3684.52,0.53814065,4.53,9.0,11.082024432809773,100.0,-8.0,Hidden Opportunity
M101,L18,Baked Cod,879,22766.2,0.52509856,3.55,7.0,28.594638505280262,100.0,-7.0,Low Performer
M055,L04,Meat Feast Pizza,637,10515.95,0.5396326,4.64,5.0,12.01657458563536,100.0,-3.0,Hidden Opportunity
M091,L03,Grilled Prawns,852,13327.33,0.56016994,3.86,8.0,10.855949895615867,100.0,-5.0,Hidden Opportunity
M033,L11,Peri Peri Chicken,537,15394.7705,0.39968118,4.21,5.0,28.68525896414343,100.0,-7.0,Low Performer
M066,L01,Pulled Pork Sandwich,166,1833.85,0.47679472,4.34,2.0,23.14814814814815,100.0,-6.0,Low Performer
M039,L06,Char-Grilled Steak,1213,30466.49,0.48042423,3.89,14.0,10.47970479704797,100.0,-7.0,Volume Driver
M081,L20,Prawn Biryani,233,4402.58,0.67399114,4.68,3.0,17.375886524822697,100.0,-6.0,Hidden Opportunity
M001,L15,Truffle Fries,324,2123.0,0.5864154,4.26,5.0,15.625,100.0,-10.0,Hidden Opportunity
M088,L18,Lemon Rice,1483,21714.77,0.53218246,4.36,12.0,10.380205190102595,100.0,-2.0,Hidden Opportunity
M018,L10,Grilled Salmon,1597,21367.27,0.64274055,3.36,14.0,9.77401129943503,100.0,-9.0,Profit Driver
M125,L04,Masala Chai,424,2334.41,0.67669773,3.4,3.0,13.821138211382115,100.0,-0.0,Hidden Opportunity
M091,L15,Grilled Prawns,869,13745.76,0.5650499,3.86,8.0,11.6869918699187,100.0,-5.0,Hidden Opportunity
M049,L18,Four Cheese Pasta,1664,26109.83,0.41240215,3.38,13.0,9.466811751904244,100.0,-6.0,Low Performer
M080,L15,Chicken Fried Rice,625,12202.0,0.61071956,4.3,8.0,12.342215988779802,100.0,-6.0,Hidden Opportunity
M049,L14,Four Cheese Pasta,899,14302.88,0.42048177,3.38,13.0,10.636182902584492,100.0,-6.0,Low Performer
M046,L06,Margherita Pizza,503,6649.52,0.6225336,3.55,6.0,13.573883161512027,100.0,-11.0,Hidden Opportunity
M146,L15,Pita Bread,694,4620.32,0.6560282,4.7,8.0,11.253196930946292,100.0,-7.0,Hidden Opportunity
M095,L10,Lobster Thermidor,447,7722.08,0.6104275,3.59,4.0,12.13307240704501,100.0,-5.0,Hidden Opportunity
M081,L04,Prawn Biryani,254,4726.78,0.668984,4.68,3.0,17.263843648208468,100.0,-6.0,Hidden Opportunity
M031,L02,Smoked Brisket,281,7531.44,0.64704496,3.88,2.0,16.61721068249258,100.0,-2.0,Hidden Opportunity
M057,L08,Mushroom Pizza,335,5408.88,0.4611639,4.74,5.0,14.86146095717884,100.0,-7.0,Low Performer
M080,L12,Chicken Fried Rice,938,18360.97,0.6117416,4.3,8.0,10.836501901140684,100.0,-6.0,Hidden Opportunity
M121,L10,Fresh Lemonade,507,2699.98,0.53618544,3.69,6.0,12.435233160621761,100.0,-3.0,Hidden Opportunity
M104,L09,Fish Tacos,1328,30519.09,0.71454984,4.11,11.0,10.437710437710438,100.0,-7.0,Hidden Opportunity
M086,L14,Schezwan Fried Rice,664,7312.27,0.5877395,3.34,10.0,11.466666666666667,100.0,-8.0,Hidden Opportunity
M126,L20,Fresh Orange Juice,949,3448.9,0.5184697,4.11,9.0,10.64030131826742,100.0,-8.0,Hidden Opportunity
M136,L07,French Fries,1297,10761.149,0.49379018,3.33,7.0,11.225188227241615,100.0,-4.0,Low Performer
M096,L10,Fried Calamari,995,22786.08,0.28560767,4.28,10.0,11.160714285714286,100.0,-4.0,Low Performer
M093,L09,Butter Garlic Shrimp,678,13272.01,0.63729686,4.07,6.0,12.4031007751938,100.0,-6.0,Hidden Opportunity
M008,L13,Bruschetta,386,2389.66,0.52833456,4.02,3.0,14.412416851441243,100.0,-8.0,Hidden Opportunity
M094,L14,Crab Cakes,963,25777.48,0.5965315,3.22,14.0,28.294862248696944,100.0,-5.0,Low Performer
M002,L18,Loaded Nachos,913,4177.38,0.61315227,3.36,7.0,11.013645224171539,100.0,-2.0,Hidden Opportunity
M047,L17,Pepperoni Pizza,137,1903.53,0.63582397,3.7,2.0,22.15909090909091,100.0,-13.0,Hidden Opportunity
M101,L07,Baked Cod,635,16345.28,0.5221556,3.55,7.0,28.97091722595078,100.0,-7.0,Low Performer
M025,L16,Beef Wellington,1062,23846.621,0.50655645,4.55,13.0,11.278195488721805,100.0,-4.0,Low Performer
M133,L04,Espresso,134,601.64,0.5345057,4.56,2.0,32.663316582914575,100.0,-10.0,Low Performer
M142,L19,Buttered Corn,824,3013.8599,0.5434161,4.53,9.0,10.725893824485373,100.0,-8.0,Hidden Opportunity
M142,L03,Buttered Corn,956,3473.99,0.5404362,4.53,9.0,11.069767441860465,100.0,-8.0,Hidden Opportunity
M108,L13,Gelato Trio,1047,8694.33,0.47736284,4.62,9.0,10.512820512820513,100.0,-3.0,Low Performer
M062,L20,Cheeseburger Deluxe,732,11795.12,0.48180264,4.71,7.0,11.594202898550725,100.0,-6.0,Low Performer
M020,L20,Beef Stroganoff,875,14762.75,0.31482956,3.65,8.0,11.616161616161616,100.0,-9.0,Low Performer
M123,L11,Mango Smoothie,217,1136.1,0.5091189,4.65,2.0,17.803030303030305,100.0,-8.0,Low Performer
M089,L10,Hyderabadi Biryani,738,9789.56,0.60572904,3.31,7.0,11.191335740072201,100.0,-4.0,Hidden Opportunity
M063,L03,Crispy Chicken Burger,475,6422.25,0.39055628,3.72,5.0,14.259927797833935,100.0,-6.0,Low Performer
M122,L11,Craft Cold Brew,1149,3177.24,0.6672961,4.55,11.0,10.999225406661504,100.0,-10.0,Hidden Opportunity
M036,L18,Tandoori Chicken,952,23657.52,0.64145356,4.64,8.0,10.861423220973784,100.0,-4.0,Hidden Opportunity
M135,L20,Salted Caramel Frappe,1386,4400.81,0.685058,3.22,13.0,10.465116279069768,100.0,-8.0,Hidden Opportunity
M009,L17,Hummus Platter,1587,16582.65,0.3846333,4.68,15.0,10.892756878158337,100.0,-8.0,Volume Driver
M040,L10,Smoked Sausage Plate,1126,20262.57,0.49597606,3.4,11.0,10.776545166402537,100.0,-8.0,Low Performer
M022,L20,Lamb Rogan Josh,450,8909.66,0.5257395,4.26,5.0,12.959381044487428,100.0,-4.0,Hidden Opportunity
M135,L13,Salted Caramel Frappe,1558,4977.44,0.6869877,3.22,13.0,10.046189376443419,100.0,-8.0,Hidden Opportunity
M062,L02,Cheeseburger Deluxe,758,12327.85,0.48658526,4.71,7.0,12.16685979142526,100.0,-6.0,Low Performer
M149,L11,Dinner Roll,1141,6822.82,0.45983776,3.44,10.0,10.92896174863388,100.0,-9.0,Low Performer
M142,L10,Buttered Corn,1003,3672.66,0.54392457,4.53,9.0,11.081560283687942,100.0,-8.0,Hidden Opportunity
M089,L13,Hyderabadi Biryani,929,12341.71,0.60632116,3.31,7.0,10.587102983638113,100.0,-4.0,Hidden Opportunity
M045,L16,Mixed Grill,879,13827.87,0.5397729,3.7,13.0,28.768233387358183,100.0,-4.0,Low Performer
M074,L07,Spicy Zinger Burger,358,3632.57,0.68758756,4.36,4.0,30.754352030947775,100.0,-9.0,Hidden Opportunity
M033,L13,Peri Peri Chicken,707,20249.48,0.39912185,4.21,5.0,28.15040650406504,100.0,-7.0,Low Performer
M043,L03,Beef Short Ribs,164,4801.66,0.56486714,3.64,2.0,20.388349514563107,100.0,0.0,Hidden Opportunity
M028,L20,Chicken Parmesan,549,14991.07,0.6363455,4.65,5.0,12.01923076923077,100.0,-12.0,Hidden Opportunity
M035,L17,Grilled Kebab Platter,174,3636.9,0.515351,4.25,2.0,20.909090909090907,100.0,1.0,Low Performer
M098,L19,Seafood Platter,1059,32543.06,0.66612417,4.29,11.0,10.025488530161427,100.0,-6.0,Hidden Opportunity
M123,L10,Mango Smoothie,210,1096.3,0.5077077,4.65,2.0,18.91891891891892,100.0,-8.0,Low Performer
M108,L03,Gelato Trio,986,8131.22,0.47372717,4.62,9.0,10.118505013673655,100.0,-3.0,Low Performer
M145,L01,Rice Bowl,879,3144.76,0.5136481,4.38,7.0,11.569416498993963,100.0,-9.0,Hidden Opportunity
M005,L12,Chicken Wings,575,3658.5,0.4970616,4.2,5.0,12.213740458015266,100.0,-9.0,Low Performer
M074,L10,Spicy Zinger Burger,434,4575.93,0.69934416,4.36,4.0,29.43089430894309,100.0,-9.0,Hidden Opportunity
M101,L17,Baked Cod,714,18519.43,0.52578455,3.55,7.0,28.313253012048197,100.0,-7.0,Low Performer
M001,L19,Truffle Fries,346,2269.5,0.5868429,4.26,5.0,15.815085158150852,100.0,-10.0,Hidden Opportunity
M062,L18,Cheeseburger Deluxe,882,14334.76,0.48623487,4.71,7.0,11.44578313253012,100.0,-6.0,Low Performer
M111,L12,Creme Brulee,1074,7081.48,0.5252941,4.31,8.0,28.447701532311793,100.0,-7.0,Low Performer
M112,L01,Apple Pie,1159,10416.28,0.48482853,4.53,9.0,10.63993831919815,100.0,-12.0,Low Performer
M081,L06,Prawn Biryani,409,7754.45,0.6750975,4.68,3.0,13.530655391120508,100.0,-6.0,Hidden Opportunity
M124,L13,Iced Latte,1950,10749.83,0.4503634,4.6,15.0,10.386029411764707,100.0,-4.0,Volume Driver
M077,L06,Mutton Biryani,587,6255.97,0.52240336,4.2,7.0,12.648809523809524,100.0,-7.0,Hidden Opportunity
M149,L12,Dinner Roll,1244,7406.5303,0.45748955,3.44,10.0,9.985528219971057,100.0,-9.0,Low Performer
M042,L12,Grilled Veg Platter,944,21303.69,0.64063317,3.59,9.0,10.095238095238095,100.0,-5.0,Hidden Opportunity
M029,L10,Pan-Seared Steak,1598,32789.84,0.51898944,4.45,16.0,10.369955156950672,100.0,-8.0,Profit Driver
M127,L19,Sparkling Water,498,2512.45,0.5282533,4.23,5.0,13.089005235602095,100.0,-8.0,Hidden Opportunity
M055,L12,Meat Feast Pizza,623,10335.72,0.5418994,4.64,5.0,11.379800853485063,100.0,-3.0,Hidden Opportunity
M002,L03,Loaded Nachos,761,3504.17,0.6156094,3.36,7.0,12.226066897347174,100.0,-2.0,Hidden Opportunity
M119,L03,Carrot Cake,276,1826.01,0.5465523,3.67,3.0,17.365269461077844,100.0,-4.0,Hidden Opportunity
M099,L10,Salmon Teriyaki,414,11695.84,0.49771374,3.3,4.0,29.949238578680205,100.0,-8.0,Low Performer
M016,L12,Signature Ribeye,481,10872.07,0.30894297,4.04,4.0,29.88338192419825,100.0,-6.0,Low Performer
M063,L11,Crispy Chicken Burger,429,5742.16,0.38438496,3.72,5.0,13.157894736842104,100.0,-6.0,Low Performer
M074,L04,Spicy Zinger Burger,433,4517.41,0.6961511,4.36,4.0,29.016393442622952,100.0,-9.0,Hidden Opportunity
M015,L19,Greek Salad,572,5559.67,0.5082154,3.72,6.0,28.767123287671232,100.0,-7.0,Low Performer
M031,L13,Smoked Brisket,242,6438.17,0.6444145,3.88,2.0,19.063545150501675,100.0,-2.0,Hidden Opportunity
M129,L19,Strawberry Milkshake,1686,8143.34,0.5838489,3.42,9.0,9.403546480386888,100.0,-6.0,Profit Driver
M105,L16,Shrimp Scampi,671,19270.09,0.6288102,4.51,8.0,11.360634081902246,100.0,-9.0,Hidden Opportunity
M146,L06,Pita Bread,634,4203.86,0.6546365,4.7,8.0,11.576011157601116,100.0,-7.0,Hidden Opportunity
M109,L01,Tiramisu,453,2764.06,0.5165264,4.07,4.0,13.001912045889103,100.0,-3.0,Hidden Opportunity
M050,L13,BBQ Chicken Pizza,516,6330.76,0.663377,3.78,5.0,11.945392491467576,100.0,-3.0,Hidden Opportunity
M004,L20,Calamari Rings,189,1248.16,0.33676767,3.47,2.0,19.230769230769234,100.0,-3.0,Low Performer
M134,L11,Berry Smoothie,686,3777.29,0.6204316,4.22,6.0,12.163892445582587,100.0,-8.0,Hidden Opportunity
M077,L01,Mutton Biryani,973,10300.85,0.51920766,4.2,7.0,11.625794732061761,100.0,-7.0,Hidden Opportunity
M066,L15,Pulled Pork Sandwich,140,1571.11,0.48495013,4.34,2.0,22.65193370165746,100.0,-6.0,Low Performer
M079,L06,Egg Fried Rice,654,10815.13,0.6795045,4.64,7.0,12.096774193548388,100.0,-4.0,Hidden Opportunity
M111,L18,Creme Brulee,1172,7665.38,0.52143794,4.31,8.0,28.186274509803923,100.0,-7.0,Low Performer
M098,L17,Seafood Platter,1052,32157.99,0.6643596,4.29,11.0,10.162254483347565,100.0,-6.0,Hidden Opportunity
M014,L19,Caesar Salad,624,3213.19,0.45429933,4.36,7.0,11.363636363636363,100.0,-3.0,Low Performer
M004,L18,Calamari Rings,263,1787.52,0.35556522,3.47,2.0,16.77215189873418,100.0,-3.0,Low Performer
M099,L20,Salmon Teriyaki,368,10190.66,0.48757786,3.3,4.0,30.038022813688215,100.0,-8.0,Low Performer
M110,L07,Chocolate Brownie,427,2979.17,0.4997835,3.46,5.0,13.562753036437247,100.0,-6.0,Low Performer
M013,L04,Prawn Tempura,763,5372.9,0.55267173,3.52,7.0,11.791907514450866,100.0,-11.0,Low Performer
M123,L07,Mango Smoothie,206,1074.79,0.50742,4.65,2.0,19.215686274509807,100.0,-8.0,Low Performer
M080,L16,Chicken Fried Rice,587,11412.15,0.6090833,4.3,8.0,12.518628912071536,100.0,-6.0,Hidden Opportunity
M088,L19,Lemon Rice,2394,35009.68,0.53158957,4.36,12.0,9.932279909706546,100.0,-2.0,Profit Driver
M083,L15,Mushroom Rice,683,11416.01,0.6601755,3.28,7.0,12.323491655969192,100.0,-6.0,Hidden Opportunity
M095,L06,Lobster Thermidor,363,6195.57,0.6056876,3.59,4.0,15.58139534883721,100.0,-5.0,Hidden Opportunity
M068,L14,Grilled Chicken Wrap,353,4853.26,0.510496,4.29,5.0,14.734299516908212,100.0,-7.0,Low Performer
M042,L10,Grilled Veg Platter,956,21400.59,0.6377128,3.59,9.0,10.986964618249534,100.0,-5.0,Hidden Opportunity
M132,L02,Virgin Mojito,1346,3952.57,0.6151922,4.41,12.0,10.919920582395765,100.0,-8.0,Hidden Opportunity
M118,L17,Baklava,1733,14519.93,0.33162215,3.97,17.0,10.392967942088935,100.0,-5.0,Volume Driver
M064,L15,Double Bacon Burger,337,3263.25,0.49190533,3.27,4.0,15.96009975062344,100.0,-5.0,Low Performer
M086,L08,Schezwan Fried Rice,689,7559.16,0.58618945,3.34,10.0,11.892583120204604,100.0,-8.0,Hidden Opportunity
M001,L08,Truffle Fries,242,1604.2,0.5911856,4.26,5.0,17.4061433447099,100.0,-10.0,Hidden Opportunity
M006,L04,Spring Rolls,464,4785.88,0.5937717,3.33,3.0,13.432835820895523,100.0,-6.0,Hidden Opportunity
M026,L13,Duck Confit,1230,21727.51,0.33539551,4.39,12.0,10.02194586686174,100.0,-5.0,Low Performer
M003,L07,Soup of the Day,195,1355.0,0.53948337,3.43,3.0,19.421487603305785,100.0,-12.0,Low Performer
M082,L09,Jeera Rice,125,2187.67,0.543464,3.73,1.0,35.233160621761655,100.0,-18.0,Low Performer
M060,L09,Pesto Pasta,1197,22624.72,0.71906525,3.25,11.0,10.135135135135135,100.0,-8.0,Hidden Opportunity
M129,L09,Strawberry Milkshake,1013,4870.06,0.58190864,3.42,9.0,11.45104895104895,100.0,-6.0,Hidden Opportunity
M062,L03,Cheeseburger Deluxe,1531,24662.51,0.48164847,4.71,7.0,9.83510011778563,100.0,-6.0,Volume Driver
M025,L13,Beef Wellington,1640,36940.29,0.50809264,4.55,13.0,9.79097909790979,100.0,-4.0,Hidden Opportunity
M117,L04,Ice Cream Sundae,1153,13009.41,0.54179245,4.69,10.0,10.595514307811293,100.0,-9.0,Hidden Opportunity
M083,L07,Mushroom Rice,773,12838.03,0.6579973,3.28,7.0,11.958997722095672,100.0,-6.0,Hidden Opportunity
M138,L14,Steamed Vegetables,259,1844.12,0.533718,4.18,3.0,16.181229773462782,100.0,-6.0,Hidden Opportunity
M144,L10,Sweet Potato Fries,127,698.77,0.5874322,4.37,0.0,25.730994152046783,100.0,-7.0,Hidden Opportunity
M055,L08,Meat Feast Pizza,369,6086.23,0.5392221,4.64,5.0,14.780600461893764,100.0,-3.0,Hidden Opportunity
M069,L16,Fish Burger,143,1539.13,0.56239563,3.67,2.0,21.85792349726776,100.0,-7.0,Hidden Opportunity
M120,L19,Red Velvet Slice,658,5274.7,0.6145335,3.82,7.0,11.677852348993287,100.0,-7.0,Hidden Opportunity
M068,L05,Grilled Chicken Wrap,681,9417.71,0.51334983,4.29,5.0,12.242268041237113,100.0,-7.0,Hidden Opportunity
M109,L05,Tiramisu,585,3609.22,0.5218496,4.07,4.0,12.816691505216097,100.0,-3.0,Hidden Opportunity
M024,L10,Roast Chicken,348,6737.79,0.59197307,4.34,3.0,15.328467153284672,100.0,-8.0,Hidden Opportunity
M050,L16,BBQ Chicken Pizza,368,4519.62,0.66372395,3.78,5.0,13.817330210772832,100.0,-3.0,Hidden Opportunity
M031,L16,Smoked Brisket,153,4153.79,0.65155196,3.88,2.0,20.3125,100.0,-2.0,Hidden Opportunity
M111,L04,Creme Brulee,1059,6930.9497,0.5217582,4.31,8.0,27.910142954390743,100.0,-7.0,Low Performer
M087,L08,Kabuli Pulao,395,3771.13,0.672154,3.4,6.0,29.590017825311943,100.0,-5.0,Hidden Opportunity
M031,L03,Smoked Brisket,240,6493.33,0.6503489,3.88,2.0,17.465753424657535,100.0,-2.0,Hidden Opportunity
M012,L19,Onion Rings,812,5400.0,0.41054815,3.34,9.0,28.14159292035398,100.0,-9.0,Low Performer
M110,L05,Chocolate Brownie,565,3917.34,0.49663547,3.46,5.0,13.210445468509985,100.0,-6.0,Low Performer
M077,L02,Mutton Biryani,877,9216.69,0.5156688,4.2,7.0,10.41879468845761,100.0,-7.0,Hidden Opportunity
M027,L03,Vegetable Korma,1013,16394.66,0.38088012,3.68,11.0,9.955555555555556,100.0,-6.0,Low Performer
M024,L12,Roast Chicken,331,6382.03,0.5902715,4.34,3.0,14.690721649484537,100.0,-8.0,Hidden Opportunity
M010,L17,Stuffed Mushrooms,626,5933.65,0.6708401,4.25,6.0,12.324929971988796,100.0,-10.0,Hidden Opportunity
M054,L17,Lasagne al Forno,727,12757.68,0.6039523,4.65,8.0,11.98547215496368,100.0,-5.0,Hidden Opportunity
M060,L20,Pesto Pasta,1982,37675.06,0.72065294,3.25,11.0,8.999081726354454,100.0,-8.0,Profit Driver
M137,L12,Mashed Potatoes,199,850.09,0.49904123,3.89,2.0,19.758064516129032,100.0,-7.0,Low Performer
M067,L16,Club Sandwich,1337,20041.09,0.5096599,4.52,18.0,10.448760884125921,100.0,-5.0,Hidden Opportunity
M015,L05,Greek Salad,785,7476.57,0.49812546,3.72,6.0,28.179322964318388,100.0,-7.0,Low Performer
M117,L16,Ice Cream Sundae,681,7577.13,0.5353425,4.69,10.0,11.901681759379043,100.0,-9.0,Hidden Opportunity
M019,L12,Mushroom Risotto,745,10779.92,0.58879566,4.67,6.0,10.778443113772456,100.0,-9.0,Hidden Opportunity
M003,L04,Soup of the Day,273,1864.1799,0.5313757,3.43,3.0,16.51376146788991,100.0,-12.0,Low Performer
M129,L13,Strawberry Milkshake,1017,4943.94,0.5865302,3.42,9.0,9.823008849557523,100.0,-6.0,Hidden Opportunity
M013,L14,Prawn Tempura,437,3037.3,0.54678494,3.52,7.0,13.293650793650794,100.0,-11.0,Low Performer
M094,L13,Crab Cakes,1632,43859.12,0.5981314,3.22,14.0,27.75564409030544,100.0,-5.0,Low Performer
M080,L01,Chicken Fried Rice,778,15166.5205,0.6101412,4.3,8.0,11.490329920364049,100.0,-6.0,Hidden Opportunity
M099,L08,Salmon Teriyaki,265,7439.98,0.49457526,3.3,4.0,31.876606683804624,100.0,-8.0,Low Performer
M098,L15,Seafood Platter,1014,31275.95,0.66735977,4.29,11.0,10.867659947414548,100.0,-6.0,Hidden Opportunity
M104,L01,Fish Tacos,1171,26887.71,0.7143022,4.11,11.0,10.130468150422104,100.0,-7.0,Hidden Opportunity
M002,L07,Loaded Nachos,751,3454.0999,0.6151617,3.36,7.0,11.124260355029586,100.0,-2.0,Hidden Opportunity
M008,L20,Bruschetta,326,2019.1901,0.52856344,4.02,3.0,16.195372750642672,100.0,-8.0,Low Performer
M035,L14,Grilled Kebab Platter,99,2071.89,0.51596373,4.25,2.0,27.205882352941174,100.0,1.0,Low Performer
M086,L20,Schezwan Fried Rice,989,10878.43,0.5872511,3.34,10.0,10.820559062218214,100.0,-8.0,Hidden Opportunity
M084,L11,Beef Pulao,530,6050.83,0.4718245,3.71,5.0,12.396694214876034,100.0,-9.0,Low Performer
M050,L05,BBQ Chicken Pizza,587,7260.65,0.6661029,3.78,5.0,13.293943870014772,100.0,-3.0,Hidden Opportunity
M143,L19,Cheese Dip,416,1214.33,0.5512258,3.24,6.0,14.579055441478438,100.0,-6.0,Low Performer
M026,L16,Duck Confit,822,14583.96,0.33829492,4.39,12.0,12.273212379935966,100.0,-5.0,Low Performer
M132,L06,Virgin Mojito,1016,2979.37,0.6146568,4.41,12.0,11.033274956217163,100.0,-8.0,Hidden Opportunity
M052,L17,Spaghetti Bolognese,274,3450.01,0.4845638,3.68,2.0,16.314199395770395,100.0,-5.0,Low Performer
M139,L01,Coleslaw,1017,4886.76,0.4214449,4.73,9.0,11.101398601398602,100.0,-9.0,Low Performer
M021,L09,Chicken Alfredo,2110,57455.68,0.5291989,4.08,8.0,10.40339702760085,100.0,-7.0,Hidden Opportunity
M131,L15,Coca-Cola,191,982.38,0.5294896,4.74,2.0,19.747899159663866,100.0,-6.0,Low Performer
M062,L12,Cheeseburger Deluxe,782,12692.39,0.48554212,4.71,7.0,11.136363636363637,100.0,-6.0,Low Performer
M035,L05,Grilled Kebab Platter,177,3650.31,0.5088061,4.25,2.0,17.674418604651162,100.0,1.0,Low Performer
M039,L07,Char-Grilled Steak,1328,33221.14,0.47833213,3.89,14.0,11.036789297658862,100.0,-7.0,Low Performer
M064,L20,Double Bacon Burger,324,3128.31,0.4904341,3.27,4.0,15.844155844155845,100.0,-5.0,Low Performer
M036,L14,Tandoori Chicken,622,15771.69,0.6486096,4.64,8.0,12.517580872011253,100.0,-4.0,Hidden Opportunity
M013,L13,Prawn Tempura,847,5912.1,0.5487136,3.52,7.0,11.678832116788321,100.0,-11.0,Low Performer
M126,L15,Fresh Orange Juice,803,2866.44,0.50975776,4.11,9.0,10.444444444444445,100.0,-8.0,Hidden Opportunity
M006,L13,Spring Rolls,455,4734.85,0.5973579,3.33,3.0,12.667946257197697,100.0,-6.0,Hidden Opportunity
M131,L09,Coca-Cola,255,1306.35,0.5276151,4.74,2.0,17.20779220779221,100.0,-6.0,Low Performer
M035,L18,Grilled Kebab Platter,195,4116.61,0.5201513,4.25,2.0,18.410041841004183,100.0,1.0,Low Performer
M094,L12,Crab Cakes,1740,46341.55,0.59448916,3.22,14.0,27.800829875518673,100.0,-5.0,Low Performer
M148,L19,Extra Cheese,700,5000.0,0.5912,4.46,7.0,11.16751269035533,100.0,-6.0,Hidden Opportunity
M073,L04,BBQ Bacon Burger,221,2839.34,0.6248353,3.16,2.0,18.45018450184502,100.0,-14.0,Hidden Opportunity
M096,L19,Fried Calamari,992,22696.58,0.28495303,4.28,10.0,11.11111111111111,100.0,-4.0,Low Performer
M133,L10,Espresso,126,561.87,0.5313151,4.56,2.0,34.715025906735754,100.0,-10.0,Low Performer
M041,L10,Chicken Tikka Skewers,432,10513.37,0.49171007,4.29,4.0,13.426853707414828,100.0,-1.0,Low Performer
M026,L10,Duck Confit,1061,18808.44,0.33773667,4.39,12.0,9.932088285229202,100.0,-5.0,Low Performer
M079,L05,Egg Fried Rice,901,14858.44,0.6786136,4.64,7.0,10.526315789473683,100.0,-4.0,Hidden Opportunity
M067,L06,Club Sandwich,1498,22433.43,0.5092012,4.52,18.0,9.322033898305085,100.0,-5.0,Profit Driver
M022,L04,Lamb Rogan Josh,497,9814.7,0.5245061,4.26,5.0,12.5,100.0,-4.0,Hidden Opportunity
M127,L08,Sparkling Water,411,2087.08,0.53131646,4.23,5.0,14.19624217118998,100.0,-8.0,Hidden Opportunity
M042,L03,Grilled Veg Platter,1594,35896.168,0.63986856,3.59,9.0,9.943502824858758,100.0,-5.0,Profit Driver
M040,L02,Smoked Sausage Plate,1356,24582.6,0.49969006,3.4,11.0,10.342555994729906,100.0,-8.0,Low Performer
M021,L10,Chicken Alfredo,762,20628.77,0.5264458,4.08,8.0,11.600928074245939,100.0,-7.0,Hidden Opportunity
M120,L08,Red Velvet Slice,514,4159.58,0.6181681,3.82,7.0,12.286689419795222,100.0,-7.0,Hidden Opportunity
M110,L09,Chocolate Brownie,580,4056.14,0.5009541,3.46,5.0,13.043478260869565,100.0,-6.0,Low Performer
M019,L20,Mushroom Risotto,616,8909.88,0.58863646,4.67,6.0,12.125534950071327,100.0,-9.0,Hidden Opportunity
M142,L08,Buttered Corn,714,2585.23,0.53877217,4.53,9.0,11.083437110834371,100.0,-8.0,Hidden Opportunity
M090,L15,Steamed Basmati,916,13961.67,0.60175824,4.45,6.0,10.371819960861057,100.0,-5.0,Hidden Opportunity
M012,L13,Onion Rings,1086,7240.91,0.41207388,3.34,9.0,28.031809145129227,100.0,-9.0,Low Performer
M068,L16,Grilled Chicken Wrap,387,5342.51,0.5124932,4.29,5.0,14.505494505494507,100.0,-7.0,Low Performer
M039,L14,Char-Grilled Steak,1007,25395.28,0.48252785,3.89,14.0,10.488888888888889,100.0,-7.0,Low Performer
M121,L08,Fresh Lemonade,360,1907.02,0.53372276,3.69,6.0,14.489311163895488,100.0,-3.0,Hidden Opportunity
M107,L01,New York Cheesecake,496,3713.27,0.27068058,4.02,4.0,12.82952548330404,100.0,-10.0,Low Performer
M094,L08,Crab Cakes,1021,27150.79,0.59386814,3.22,14.0,27.69121813031161,100.0,-5.0,Volume Driver
M064,L14,Double Bacon Burger,231,2214.57,0.4867988,3.27,4.0,17.793594306049823,100.0,-5.0,Low Performer
M007,L06,Garlic Bread,513,2941.88,0.30946195,3.84,6.0,29.726027397260275,100.0,-7.0,Low Performer
M003,L15,Soup of the Day,181,1238.87,0.53247714,3.43,3.0,18.46846846846847,100.0,-12.0,Low Performer
M063,L02,Crispy Chicken Burger,544,7304.09,0.38629454,3.72,5.0,12.399355877616747,100.0,-6.0,Low Performer
M043,L01,Beef Short Ribs,148,4339.45,0.5654933,3.64,2.0,21.27659574468085,100.0,0.0,Hidden Opportunity
M145,L03,Rice Bowl,705,2496.49,0.50863016,4.38,7.0,11.4321608040201,100.0,-9.0,Hidden Opportunity
M035,L06,Grilled Kebab Platter,118,2505.77,0.52296495,4.25,2.0,23.870967741935484,100.0,1.0,Low Performer
M104,L12,Fish Tacos,1230,28175.61,0.7136247,4.11,11.0,9.824046920821115,100.0,-7.0,Hidden Opportunity
M050,L02,BBQ Chicken Pizza,610,7492.9,0.6637751,3.78,5.0,11.594202898550725,100.0,-3.0,Hidden Opportunity
M127,L06,Sparkling Water,387,1947.03,0.526941,4.23,5.0,14.945054945054945,100.0,-8.0,Hidden Opportunity
M132,L16,Virgin Mojito,907,2638.77,0.6115956,4.41,12.0,10.552268244575936,100.0,-8.0,Hidden Opportunity
M130,L14,Green Tea,293,1467.6,0.60669804,3.3,4.0,15.561959654178676,100.0,-3.0,Hidden Opportunity
M059,L10,Mac and Cheese,1263,19111.299,0.6292544,3.85,12.0,10.298295454545455,100.0,-5.0,Hidden Opportunity
M066,L03,Pulled Pork Sandwich,191,2157.56,0.4883201,4.34,2.0,18.72340425531915,100.0,-6.0,Low Performer
M037,L02,BBQ Pulled Pork,391,9354.98,0.57618934,4.73,4.0,14.628820960698691,100.0,0.0,Hidden Opportunity
M076,L10,Chicken Biryani,1224,13255.97,0.47553292,3.36,11.0,10.98181818181818,100.0,-8.0,Low Performer
M137,L15,Mashed Potatoes,289,1257.64,0.50823766,3.89,2.0,15.743440233236154,100.0,-7.0,Low Performer
M121,L17,Fresh Lemonade,497,2606.6199,0.52904916,3.69,6.0,12.345679012345679,100.0,-3.0,Hidden Opportunity
M020,L17,Beef Stroganoff,832,14008.73,0.3134338,3.65,8.0,11.48936170212766,100.0,-9.0,Low Performer
M148,L15,Extra Cheese,562,3989.04,0.5886128,4.46,7.0,12.868217054263567,100.0,-6.0,Hidden Opportunity
M041,L18,Chicken Tikka Skewers,431,10415.32,0.4881127,4.29,4.0,13.627254509018035,100.0,-1.0,Low Performer
M002,L17,Loaded Nachos,813,3686.92,0.6096986,3.36,7.0,10.757409440175632,100.0,-2.0,Hidden Opportunity
M028,L16,Chicken Parmesan,475,13087.49,0.6395986,4.65,5.0,12.683823529411764,100.0,-12.0,Hidden Opportunity
M115,L13,Panna Cotta,458,2263.3,0.5770689,4.72,4.0,14.869888475836431,100.0,-3.0,Hidden Opportunity
M020,L08,Beef Stroganoff,561,9410.58,0.31086498,3.65,8.0,12.752721617418352,100.0,-9.0,Low Performer
M027,L15,Vegetable Korma,926,14958.09,0.37969887,3.68,11.0,10.617760617760617,100.0,-6.0,Low Performer
M050,L06,BBQ Chicken Pizza,387,4728.63,0.661993,3.78,5.0,14.19068736141907,100.0,-3.0,Hidden Opportunity
M081,L11,Prawn Biryani,245,4628.3,0.6739192,4.68,3.0,17.50841750841751,100.0,-6.0,Hidden Opportunity
M093,L20,Butter Garlic Shrimp,625,12196.84,0.6361762,4.07,6.0,11.598302687411598,100.0,-6.0,Hidden Opportunity
M119,L02,Carrot Cake,322,2112.95,0.5428193,3.67,3.0,14.133333333333335,100.0,-4.0,Hidden Opportunity
M109,L09,Tiramisu,553,3403.72,0.5207156,4.07,4.0,12.361331220285262,100.0,-3.0,Hidden Opportunity
M126,L03,Fresh Orange Juice,894,3246.25,0.5180593,4.11,9.0,9.969788519637463,100.0,-8.0,Hidden Opportunity
M141,L14,Garlic Naan,2658,18563.34,0.6907194,3.97,16.0,9.714673913043478,100.0,-6.0,Profit Driver
M020,L09,Beef Stroganoff,1099,18592.16,0.31667754,3.65,8.0,9.770114942528735,100.0,-9.0,Low Performer
M035,L15,Grilled Kebab Platter,120,2532.15,0.5199337,4.25,2.0,24.528301886792452,100.0,1.0,Low Performer
M001,L10,Truffle Fries,362,2366.81,0.58550954,4.26,5.0,15.023474178403756,100.0,-10.0,Hidden Opportunity
M093,L10,Butter Garlic Shrimp,569,11125.81,0.63688934,4.07,6.0,11.782945736434108,100.0,-6.0,Hidden Opportunity
M083,L10,Mushroom Rice,738,12241.44,0.65756965,3.28,7.0,11.510791366906476,100.0,-6.0,Hidden Opportunity
M130,L07,Green Tea,386,1903.0,0.60040987,3.3,4.0,13.646532438478747,100.0,-3.0,Hidden Opportunity
M067,L03,Club Sandwich,1851,27677.27,0.5084468,4.52,18.0,9.574987787005373,100.0,-5.0,Profit Driver
M039,L02,Char-Grilled Steak,1655,41455.55,0.47901422,3.89,14.0,9.858387799564271,100.0,-7.0,Low Performer
M084,L09,Beef Pulao,627,7201.2,0.474975,3.71,5.0,12.0617110799439,100.0,-9.0,Low Performer
M084,L12,Beef Pulao,573,6561.42,0.4734082,3.71,5.0,12.251148545176111,100.0,-9.0,Low Performer
M089,L15,Hyderabadi Biryani,708,9452.42,0.6082654,3.31,7.0,11.925465838509316,100.0,-4.0,Hidden Opportunity
M017,L05,Butter Chicken,596,12968.891,0.6452187,4.24,5.0,12.094395280235988,100.0,-5.0,Hidden Opportunity
M047,L10,Pepperoni Pizza,180,2479.28,0.6326353,3.7,2.0,19.642857142857142,100.0,-13.0,Hidden Opportunity
M045,L01,Mixed Grill,1468,23257.67,0.54301876,3.7,13.0,27.933235149729995,100.0,-4.0,Low Performer
M033,L17,Peri Peri Chicken,578,16629.83,0.40183514,4.21,5.0,29.426129426129428,100.0,-7.0,Low Performer
M034,L10,Lamb Chops,512,15242.6,0.6140501,3.44,5.0,13.949579831932773,100.0,-4.0,Hidden Opportunity
M008,L09,Bruschetta,311,1929.23,0.5292837,4.02,3.0,16.621983914209114,100.0,-8.0,Hidden Opportunity
M010,L19,Stuffed Mushrooms,569,5380.33,0.6700425,4.25,6.0,12.461538461538462,100.0,-10.0,Hidden Opportunity
M078,L12,Veg Biryani,390,4118.52,0.23581776,3.3,3.0,14.096916299559473,100.0,-7.0,Low Performer
M126,L07,Fresh Orange Juice,873,3096.31,0.50659007,4.11,9.0,10.816326530612246,100.0,-8.0,Hidden Opportunity
M093,L12,Butter Garlic Shrimp,739,14442.46,0.63670313,4.07,6.0,12.128418549346016,100.0,-6.0,Hidden Opportunity
M087,L18,Kabuli Pulao,678,6413.79,0.66912854,3.4,6.0,28.405491024287223,100.0,-5.0,Hidden Opportunity
M142,L05,Buttered Corn,1169,4231.54,0.53864783,4.53,9.0,10.763358778625955,100.0,-8.0,Hidden Opportunity
M117,L07,Ice Cream Sundae,867,9582.8,0.53224635,4.69,10.0,10.710607621009268,100.0,-9.0,Hidden Opportunity
M044,L15,Spicy Buffalo Wings,1268,36609.49,0.5237574,3.29,14.0,10.451977401129943,100.0,-6.0,Volume Driver
M105,L08,Shrimp Scampi,626,17848.91,0.62613064,4.51,8.0,12.569832402234638,100.0,-9.0,Hidden Opportunity
M001,L16,Truffle Fries,268,1781.98,0.5924309,4.26,5.0,17.027863777089784,100.0,-10.0,Hidden Opportunity
M111,L20,Creme Brulee,969,6400.79,0.5261569,4.31,8.0,28.169014084507044,100.0,-7.0,Low Performer
M025,L02,Beef Wellington,1703,38223.78,0.5063481,4.55,13.0,10.304942166140904,100.0,-4.0,Hidden Opportunity
M065,L06,Veggie Burger,1064,16045.0,0.5550364,3.95,11.0,11.774461028192372,100.0,-10.0,Hidden Opportunity
M028,L10,Chicken Parmesan,552,15002.39,0.6346342,4.65,5.0,13.20754716981132,100.0,-12.0,Hidden Opportunity
M129,L10,Strawberry Milkshake,831,4035.48,0.58609384,3.42,9.0,11.595744680851064,100.0,-6.0,Hidden Opportunity
M048,L02,Truffle Carbonara,1170,16568.91,0.3242223,3.6,10.0,10.891089108910892,100.0,-4.0,Low Performer
M149,L18,Dinner Roll,1235,7321.82,0.4551833,3.44,10.0,10.181818181818182,100.0,-9.0,Low Performer
M084,L10,Beef Pulao,555,6356.9,0.47354057,3.71,5.0,11.746031746031745,100.0,-9.0,Low Performer
M012,L09,Onion Rings,1040,6966.92,0.41483465,3.34,9.0,28.27586206896552,100.0,-9.0,Low Performer
M004,L17,Calamari Rings,192,1318.31,0.36209235,3.47,2.0,18.9873417721519,100.0,-3.0,Low Performer
M040,L06,Smoked Sausage Plate,919,16706.61,0.501076,3.4,11.0,10.689990281827017,100.0,-8.0,Low Performer
M123,L09,Mango Smoothie,256,1353.76,0.5140055,4.65,2.0,17.419354838709676,100.0,-8.0,Low Performer
M043,L11,Beef Short Ribs,176,5136.37,0.5634582,3.64,2.0,20.72072072072072,100.0,0.0,Hidden Opportunity
M123,L20,Mango Smoothie,198,1057.06,0.5186082,4.65,2.0,19.183673469387756,100.0,-8.0,Low Performer
