item_id,name,location_id,location,spark_model,python_model,agree
M025,Beef Wellington,L06,Grand Mall,Hidden Opportunity,Profit Driver,False
M114,Banoffee Pie,L03,Uptown,Low Performer,Volume Driver,False
M124,Iced Latte,L08,Lakeside,Low Performer,Volume Driver,False
M132,Virgin Mojito,L15,Central Station,Hidden Opportunity,Profit Driver,False
M106,Molten Lava Cake,L03,Uptown,Low Performer,Volume Driver,False
M102,Mussels Marinara,L03,Uptown,Hidden Opportunity,Profit Driver,False
M071,Falafel Wrap,L18,Business Bay,Profit Driver,Hidden Opportunity,False
M118,Baklava,L08,Lakeside,Low Performer,Volume Driver,False
M098,Seafood Platter,L03,Uptown,Hidden Opportunity,Profit Driver,False
M094,Crab Cakes,L03,Uptown,Low Performer,Volume Driver,False
M140,Side Salad,L08,Lakeside,Low Performer,Volume Driver,False
M141,Garlic Naan,L08,Lakeside,Hidden Opportunity,Profit Driver,False
M079,Egg Fried Rice,L03,Uptown,Hidden Opportunity,Profit Driver,False
M076,Chicken Biryani,L03,Uptown,Low Performer,Volume Driver,False
M072,Philly Cheesesteak,L03,Uptown,Low Performer,Volume Driver,False
M135,Salted Caramel Frappe,L08,Lakeside,Hidden Opportunity,Profit Driver,False
M070,Steak Sandwich,L03,Uptown,Hidden Opportunity,Profit Driver,False
M124,Iced Latte,L03,Uptown,Low Performer,Volume Driver,False
M132,Virgin Mojito,L03,Uptown,Hidden Opportunity,Profit Driver,False
M132,Virgin Mojito,L17,University District,Hidden Opportunity,Profit Driver,False
M049,Four Cheese Pasta,L08,Lakeside,Low Performer,Volume Driver,False
M045,Mixed Grill,L04,Airport Terminal,Volume Driver,Low Performer,False
M039,Char-Grilled Steak,L04,Airport Terminal,Volume Driver,Low Performer,False
M058,Seafood Linguine,L08,Lakeside,Hidden Opportunity,Profit Driver,False
M029,Pan-Seared Steak,L04,Airport Terminal,Hidden Opportunity,Profit Driver,False
M108,Gelato Trio,L08,Lakeside,Low Performer,Volume Driver,False
M068,Grilled Chicken Wrap,L08,Lakeside,Low Performer,Hidden Opportunity,False
M013,Prawn Tempura,L18,Business Bay,Low Performer,Profit Driver,False
M009,Hummus Platter,L04,Airport Terminal,Low Performer,Volume Driver,False
M085,Vegetable Pulao,L08,Lakeside,Low Performer,Volume Driver,False
M029,Pan-Seared Steak,L18,Business Bay,Hidden Opportunity,Profit Driver,False
M103,Tuna Steak,L08,Lakeside,Hidden Opportunity,Profit Driver,False
M135,Salted Caramel Frappe,L03,Uptown,Hidden Opportunity,Profit Driver,False
M006,Spring Rolls,L14,Sunset Plaza,Hidden Opportunity,Low Performer,False
M065,Veggie Burger,L03,Uptown,Hidden Opportunity,Profit Driver,False
M062,Cheeseburger Deluxe,L03,Uptown,Low Performer,Volume Driver,False
M070,Steak Sandwich,L13,Hillcrest,Profit Driver,Hidden Opportunity,False
M108,Gelato Trio,L12,Marina Bay,Low Performer,Volume Driver,False
M075,Halloumi Burger,L02,Harborview,Volume Driver,Low Performer,False
M140,Side Salad,L09,Tech Park,Volume Driver,Low Performer,False
M141,Garlic Naan,L09,Tech Park,Profit Driver,Hidden Opportunity,False
M088,Lemon Rice,L19,Silver Heights,Hidden Opportunity,Profit Driver,False
M145,Rice Bowl,L09,Tech Park,Hidden Opportunity,Low Performer,False
M124,Iced Latte,L09,Tech Park,Low Performer,Volume Driver,False
M088,Lemon Rice,L12,Marina Bay,Hidden Opportunity,Profit Driver,False
M008,Bruschetta,L10,Station Square,Hidden Opportunity,Low Performer,False
M009,Hummus Platter,L10,Station Square,Low Performer,Volume Driver,False
M070,Steak Sandwich,L12,Marina Bay,Hidden Opportunity,Profit Driver,False
M067,Club Sandwich,L12,Marina Bay,Profit Driver,Hidden Opportunity,False
M124,Iced Latte,L19,Silver Heights,Low Performer,Volume Driver,False
M145,Rice Bowl,L19,Silver Heights,Hidden Opportunity,Low Performer,False
M085,Vegetable Pulao,L12,Marina Bay,Volume Driver,Low Performer,False
M118,Baklava,L12,Marina Bay,Volume Driver,Low Performer,False
M118,Baklava,L09,Tech Park,Volume Driver,Low Performer,False
M044,Spicy Buffalo Wings,L19,Silver Heights,Low Performer,Volume Driver,False
M060,Pesto Pasta,L03,Uptown,Profit Driver,Hidden Opportunity,False
M058,Seafood Linguine,L13,Hillcrest,Profit Driver,Hidden Opportunity,False
M045,Mixed Grill,L03,Uptown,Low Performer,Volume Driver,False
M044,Spicy Buffalo Wings,L03,Uptown,Low Performer,Volume Driver,False
M029,Pan-Seared Steak,L09,Tech Park,Hidden Opportunity,Profit Driver,False
M036,Tandoori Chicken,L09,Tech Park,Hidden Opportunity,Profit Driver,False
M025,Beef Wellington,L03,Uptown,Profit Driver,Hidden Opportunity,False
M020,Beef Stroganoff,L13,Hillcrest,Volume Driver,Low Performer,False
M067,Club Sandwich,L09,Tech Park,Profit Driver,Hidden Opportunity,False
M018,Grilled Salmon,L19,Silver Heights,Hidden Opportunity,Profit Driver,False
M141,Garlic Naan,L02,Harborview,Profit Driver,Hidden Opportunity,False
M140,Side Salad,L02,Harborview,Low Performer,Volume Driver,False
M025,Beef Wellington,L19,Silver Heights,Hidden Opportunity,Profit Driver,False
M002,Loaded Nachos,L13,Hillcrest,Hidden Opportunity,Profit Driver,False
M118,Baklava,L02,Harborview,Volume Driver,Low Performer,False
M045,Mixed Grill,L08,Lakeside,Low Performer,Volume Driver,False
M039,Char-Grilled Steak,L12,Marina Bay,Low Performer,Volume Driver,False
M044,Spicy Buffalo Wings,L08,Lakeside,Low Performer,Volume Driver,False
M039,Char-Grilled Steak,L08,Lakeside,Low Performer,Volume Driver,False
M141,Garlic Naan,L05,Riverside,Hidden Opportunity,Profit Driver,False
M065,Veggie Burger,L15,Central Station,Hidden Opportunity,Profit Driver,False
M060,Pesto Pasta,L16,Green Valley,Profit Driver,Hidden Opportunity,False
M067,Club Sandwich,L16,Green Valley,Hidden Opportunity,Profit Driver,False
M008,Bruschetta,L07,Old Town,Low Performer,Hidden Opportunity,False
M018,Grilled Salmon,L07,Old Town,Hidden Opportunity,Profit Driver,False
M070,Steak Sandwich,L15,Central Station,Hidden Opportunity,Profit Driver,False
M029,Pan-Seared Steak,L07,Old Town,Hidden Opportunity,Profit Driver,False
M085,Vegetable Pulao,L05,Riverside,Volume Driver,Low Performer,False
M109,Tiramisu,L16,Green Valley,Hidden Opportunity,Low Performer,False
M018,Grilled Salmon,L15,Central Station,Hidden Opportunity,Profit Driver,False
M113,Sticky Toffee Pudding,L16,Green Valley,Hidden Opportunity,Low Performer,False
M118,Baklava,L16,Green Valley,Low Performer,Volume Driver,False
M049,Four Cheese Pasta,L07,Old Town,Volume Driver,Low Performer,False
M025,Beef Wellington,L15,Central Station,Hidden Opportunity,Profit Driver,False
M070,Steak Sandwich,L05,Riverside,Hidden Opportunity,Profit Driver,False
M124,Iced Latte,L06,Grand Mall,Low Performer,Volume Driver,False
M018,Grilled Salmon,L06,Grand Mall,Hidden Opportunity,Profit Driver,False
M135,Salted Caramel Frappe,L15,Central Station,Hidden Opportunity,Profit Driver,False
M138,Steamed Vegetables,L15,Central Station,Hidden Opportunity,Low Performer,False
M141,Garlic Naan,L15,Central Station,Hidden Opportunity,Profit Driver,False
M058,Seafood Linguine,L06,Grand Mall,Hidden Opportunity,Profit Driver,False
M124,Iced Latte,L15,Central Station,Low Performer,Volume Driver,False
M114,Banoffee Pie,L15,Central Station,Low Performer,Volume Driver,False
M013,Prawn Tempura,L06,Grand Mall,Hidden Opportunity,Low Performer,False
M006,Spring Rolls,L16,Green Valley,Hidden Opportunity,Low Performer,False
M009,Hummus Platter,L16,Green Valley,Low Performer,Volume Driver,False
M039,Char-Grilled Steak,L06,Grand Mall,Low Performer,Volume Driver,False
M109,Tiramisu,L15,Central Station,Hidden Opportunity,Low Performer,False
M102,Mussels Marinara,L15,Central Station,Hidden Opportunity,Profit Driver,False
M029,Pan-Seared Steak,L06,Grand Mall,Hidden Opportunity,Profit Driver,False
M022,Lamb Rogan Josh,L16,Green Valley,Hidden Opportunity,Low Performer,False
M044,Spicy Buffalo Wings,L06,Grand Mall,Volume Driver,Low Performer,False
M008,Bruschetta,L15,Central Station,Hidden Opportunity,Low Performer,False
M126,Fresh Orange Juice,L16,Green Valley,Hidden Opportunity,Low Performer,False
M138,Steamed Vegetables,L16,Green Valley,Hidden Opportunity,Low Performer,False
M124,Iced Latte,L04,Airport Terminal,Low Performer,Volume Driver,False
M135,Salted Caramel Frappe,L07,Old Town,Hidden Opportunity,Profit Driver,False
M076,Chicken Biryani,L17,University District,Low Performer,Volume Driver,False
M103,Tuna Steak,L04,Airport Terminal,Profit Driver,Hidden Opportunity,False
M094,Crab Cakes,L04,Airport Terminal,Volume Driver,Low Performer,False
M093,Butter Garlic Shrimp,L04,Airport Terminal,Profit Driver,Hidden Opportunity,False
M126,Fresh Orange Juice,L07,Old Town,Low Performer,Hidden Opportunity,False
M094,Crab Cakes,L17,University District,Low Performer,Volume Driver,False
M079,Egg Fried Rice,L04,Airport Terminal,Hidden Opportunity,Profit Driver,False
M025,Beef Wellington,L08,Lakeside,Hidden Opportunity,Profit Driver,False
M070,Steak Sandwich,L04,Airport Terminal,Hidden Opportunity,Profit Driver,False
M029,Pan-Seared Steak,L08,Lakeside,Hidden Opportunity,Profit Driver,False
M030,Paneer Tikka Masala,L08,Lakeside,Hidden Opportunity,Profit Driver,False
M058,Seafood Linguine,L04,Airport Terminal,Profit Driver,Hidden Opportunity,False
M009,Hummus Platter,L08,Lakeside,Low Performer,Volume Driver,False
M124,Iced Latte,L07,Old Town,Low Performer,Volume Driver,False
M049,Four Cheese Pasta,L17,University District,Low Performer,Volume Driver,False
M045,Mixed Grill,L17,University District,Low Performer,Volume Driver,False
M141,Garlic Naan,L16,Green Valley,Hidden Opportunity,Profit Driver,False
M068,Grilled Chicken Wrap,L07,Old Town,Hidden Opportunity,Low Performer,False
M140,Side Salad,L14,Sunset Plaza,Low Performer,Volume Driver,False
M071,Falafel Wrap,L07,Old Town,Profit Driver,Hidden Opportunity,False
M029,Pan-Seared Steak,L05,Riverside,Profit Driver,Hidden Opportunity,False
M015,Greek Salad,L17,University District,Volume Driver,Low Performer,False
M018,Grilled Salmon,L17,University District,Hidden Opportunity,Profit Driver,False
M094,Crab Cakes,L07,Old Town,Low Performer,Volume Driver,False
M025,Beef Wellington,L17,University District,Hidden Opportunity,Profit Driver,False
M027,Vegetable Korma,L17,University District,Low Performer,Volume Driver,False
M013,Prawn Tempura,L05,Riverside,Hidden Opportunity,Low Performer,False
M030,Paneer Tikka Masala,L17,University District,Hidden Opportunity,Profit Driver,False
M009,Hummus Platter,L05,Riverside,Low Performer,Volume Driver,False
M039,Char-Grilled Steak,L17,University District,Low Performer,Volume Driver,False
M103,Tuna Steak,L14,Sunset Plaza,Hidden Opportunity,Profit Driver,False
M043,Beef Short Ribs,L08,Lakeside,Hidden Opportunity,Low Performer,False
M009,Hummus Platter,L20,Palm Court,Low Performer,Volume Driver,False
M070,Steak Sandwich,L06,Grand Mall,Hidden Opportunity,Profit Driver,False
M135,Salted Caramel Frappe,L11,Beachfront,Hidden Opportunity,Profit Driver,False
M025,Beef Wellington,L11,Beachfront,Hidden Opportunity,Profit Driver,False
M124,Iced Latte,L01,Downtown,Low Performer,Volume Driver,False
M029,Pan-Seared Steak,L01,Downtown,Hidden Opportunity,Profit Driver,False
M094,Crab Cakes,L11,Beachfront,Low Performer,Volume Driver,False
M138,Steamed Vegetables,L10,Station Square,Hidden Opportunity,Low Performer,False
M029,Pan-Seared Steak,L20,Palm Court,Profit Driver,Hidden Opportunity,False
M009,Hummus Platter,L11,Beachfront,Low Performer,Volume Driver,False
M118,Baklava,L20,Palm Court,Volume Driver,Low Performer,False
M018,Grilled Salmon,L11,Beachfront,Hidden Opportunity,Profit Driver,False
M131,Coca-Cola,L01,Downtown,Hidden Opportunity,Low Performer,False
M094,Crab Cakes,L20,Palm Court,Low Performer,Volume Driver,False
M009,Hummus Platter,L01,Downtown,Low Performer,Volume Driver,False
M124,Iced Latte,L10,Station Square,Low Performer,Volume Driver,False
M119,Carrot Cake,L11,Beachfront,Hidden Opportunity,Low Performer,False
M103,Tuna Steak,L01,Downtown,Profit Driver,Hidden Opportunity,False
M044,Spicy Buffalo Wings,L11,Beachfront,Low Performer,Volume Driver,False
M145,Rice Bowl,L20,Palm Court,Hidden Opportunity,Low Performer,False
M058,Seafood Linguine,L01,Downtown,Profit Driver,Hidden Opportunity,False
M105,Shrimp Scampi,L14,Sunset Plaza,Hidden Opportunity,Hidden Opportunity,True
M104,Fish Tacos,L14,Sunset Plaza,Hidden Opportunity,Hidden Opportunity,True
M099,Salmon Teriyaki,L11,Beachfront,Low Performer,Low Performer,True
M093,Butter Garlic Shrimp,L11,Beachfront,Hidden Opportunity,Hidden Opportunity,True
M083,Mushroom Rice,L14,Sunset Plaza,Hidden Opportunity,Hidden Opportunity,True
M095,Lobster Thermidor,L11,Beachfront,Hidden Opportunity,Hidden Opportunity,True
M102,Mussels Marinara,L14,Sunset Plaza,Hidden Opportunity,Hidden Opportunity,True
M101,Baked Cod,L14,Sunset Plaza,Low Performer,Low Performer,True
M100,Prawn Curry,L14,Sunset Plaza,Low Performer,Low Performer,True
M085,Vegetable Pulao,L14,Sunset Plaza,Low Performer,Low Performer,True
M099,Salmon Teriyaki,L14,Sunset Plaza,Low Performer,Low Performer,True
M106,Molten Lava Cake,L14,Sunset Plaza,Low Performer,Low Performer,True
M084,Beef Pulao,L14,Sunset Plaza,Low Performer,Low Performer,True
M097,Grilled Octopus,L14,Sunset Plaza,Hidden Opportunity,Hidden Opportunity,True
M086,Schezwan Fried Rice,L14,Sunset Plaza,Hidden Opportunity,Hidden Opportunity,True
M087,Kabuli Pulao,L14,Sunset Plaza,Hidden Opportunity,Hidden Opportunity,True
M097,Grilled Octopus,L11,Beachfront,Hidden Opportunity,Hidden Opportunity,True
M088,Lemon Rice,L14,Sunset Plaza,Hidden Opportunity,Hidden Opportunity,True
M089,Hyderabadi Biryani,L14,Sunset Plaza,Hidden Opportunity,Hidden Opportunity,True
M090,Steamed Basmati,L14,Sunset Plaza,Hidden Opportunity,Hidden Opportunity,True
M091,Grilled Prawns,L14,Sunset Plaza,Hidden Opportunity,Hidden Opportunity,True
M098,Seafood Platter,L14,Sunset Plaza,Hidden Opportunity,Hidden Opportunity,True
M092,Fish and Chips,L14,Sunset Plaza,Hidden Opportunity,Hidden Opportunity,True
M094,Crab Cakes,L14,Sunset Plaza,Low Performer,Low Performer,True
M107,New York Cheesecake,L14,Sunset Plaza,Low Performer,Low Performer,True
M098,Seafood Platter,L11,Beachfront,Hidden Opportunity,Hidden Opportunity,True
M095,Lobster Thermidor,L14,Sunset Plaza,Hidden Opportunity,Hidden Opportunity,True
M096,Fried Calamari,L11,Beachfront,Low Performer,Low Performer,True
M096,Fried Calamari,L14,Sunset Plaza,Volume Driver,Volume Driver,True
M093,Butter Garlic Shrimp,L14,Sunset Plaza,Hidden Opportunity,Hidden Opportunity,True
M108,Gelato Trio,L14,Sunset Plaza,Low Performer,Low Performer,True
M112,Apple Pie,L14,Sunset Plaza,Low Performer,Low Performer,True
M110,Chocolate Brownie,L14,Sunset Plaza,Low Performer,Low Performer,True
M124,Iced Latte,L14,Sunset Plaza,Low Performer,Low Performer,True
M125,Masala Chai,L14,Sunset Plaza,Hidden Opportunity,Hidden Opportunity,True
M126,Fresh Orange Juice,L14,Sunset Plaza,Hidden Opportunity,Hidden Opportunity,True
M127,Sparkling Water,L14,Sunset Plaza,Low Performer,Low Performer,True
M128,Cappuccino,L14,Sunset Plaza,Low Performer,Low Performer,True
M129,Strawberry Milkshake,L14,Sunset Plaza,Hidden Opportunity,Hidden Opportunity,True
M130,Green Tea,L14,Sunset Plaza,Hidden Opportunity,Hidden Opportunity,True
M085,Vegetable Pulao,L11,Beachfront,Volume Driver,Volume Driver,True
M131,Coca-Cola,L14,Sunset Plaza,Low Performer,Low Performer,True
M133,Espresso,L14,Sunset Plaza,Low Performer,Low Performer,True
M134,Berry Smoothie,L14,Sunset Plaza,Hidden Opportunity,Hidden Opportunity,True
M135,Salted Caramel Frappe,L14,Sunset Plaza,Hidden Opportunity,Hidden Opportunity,True
M136,French Fries,L14,Sunset Plaza,Low Performer,Low Performer,True
M137,Mashed Potatoes,L14,Sunset Plaza,Low Performer,Low Performer,True
M138,Steamed Vegetables,L14,Sunset Plaza,Hidden Opportunity,Hidden Opportunity,True
M084,Beef Pulao,L11,Beachfront,Low Performer,Low Performer,True
M132,Virgin Mojito,L14,Sunset Plaza,Hidden Opportunity,Hidden Opportunity,True
M123,Mango Smoothie,L14,Sunset Plaza,Low Performer,Low Performer,True
M122,Craft Cold Brew,L14,Sunset Plaza,Hidden Opportunity,Hidden Opportunity,True
M086,Schezwan Fried Rice,L11,Beachfront,Profit Driver,Profit Driver,True
M111,Creme Brulee,L14,Sunset Plaza,Low Performer,Low Performer,True
M092,Fish and Chips,L11,Beachfront,Hidden Opportunity,Hidden Opportunity,True
M091,Grilled Prawns,L11,Beachfront,Hidden Opportunity,Hidden Opportunity,True
M082,Jeera Rice,L14,Sunset Plaza,Low Performer,Low Performer,True
M113,Sticky Toffee Pudding,L14,Sunset Plaza,Hidden Opportunity,Hidden Opportunity,True
M090,Steamed Basmati,L11,Beachfront,Hidden Opportunity,Hidden Opportunity,True
M089,Hyderabadi Biryani,L11,Beachfront,Hidden Opportunity,Hidden Opportunity,True
M114,Banoffee Pie,L14,Sunset Plaza,Low Performer,Low Performer,True
M088,Lemon Rice,L11,Beachfront,Hidden Opportunity,Hidden Opportunity,True
M115,Panna Cotta,L14,Sunset Plaza,Hidden Opportunity,Hidden Opportunity,True
M116,Fruit Tart,L14,Sunset Plaza,Low Performer,Low Performer,True
M087,Kabuli Pulao,L11,Beachfront,Hidden Opportunity,Hidden Opportunity,True
M117,Ice Cream Sundae,L14,Sunset Plaza,Hidden Opportunity,Hidden Opportunity,True
M118,Baklava,L14,Sunset Plaza,Low Performer,Low Performer,True
M119,Carrot Cake,L14,Sunset Plaza,Low Performer,Low Performer,True
M120,Red Velvet Slice,L14,Sunset Plaza,Hidden Opportunity,Hidden Opportunity,True
M121,Fresh Lemonade,L14,Sunset Plaza,Hidden Opportunity,Hidden Opportunity,True
M109,Tiramisu,L14,Sunset Plaza,Hidden Opportunity,Hidden Opportunity,True
M081,Prawn Biryani,L14,Sunset Plaza,Hidden Opportunity,Hidden Opportunity,True
M029,Pan-Seared Steak,L12,Marina Bay,Hidden Opportunity,Hidden Opportunity,True
M079,Egg Fried Rice,L14,Sunset Plaza,Hidden Opportunity,Hidden Opportunity,True
M031,Smoked Brisket,L14,Sunset Plaza,Hidden Opportunity,Hidden Opportunity,True
M032,BBQ Ribs Full Rack,L14,Sunset Plaza,Hidden Opportunity,Hidden Opportunity,True
M033,Peri Peri Chicken,L14,Sunset Plaza,Low Performer,Low Performer,True
M034,Lamb Chops,L14,Sunset Plaza,Hidden Opportunity,Hidden Opportunity,True
M035,Grilled Kebab Platter,L14,Sunset Plaza,Low Performer,Low Performer,True
M036,Tandoori Chicken,L14,Sunset Plaza,Hidden Opportunity,Hidden Opportunity,True
M037,BBQ Pulled Pork,L14,Sunset Plaza,Hidden Opportunity,Hidden Opportunity,True
M030,Paneer Tikka Masala,L14,Sunset Plaza,Hidden Opportunity,Hidden Opportunity,True
M108,Gelato Trio,L11,Beachfront,Low Performer,Low Performer,True
M038,Grilled Lamb Skewers,L14,Sunset Plaza,Low Performer,Low Performer,True
M039,Char-Grilled Steak,L14,Sunset Plaza,Low Performer,Low Performer,True
M040,Smoked Sausage Plate,L14,Sunset Plaza,Low Performer,Low Performer,True
M106,Molten Lava Cake,L11,Beachfront,Low Performer,Low Performer,True
M041,Chicken Tikka Skewers,L14,Sunset Plaza,Low Performer,Low Performer,True
M042,Grilled Veg Platter,L14,Sunset Plaza,Hidden Opportunity,Hidden Opportunity,True
M043,Beef Short Ribs,L14,Sunset Plaza,Hidden Opportunity,Hidden Opportunity,True
M107,New York Cheesecake,L11,Beachfront,Low Performer,Low Performer,True
M109,Tiramisu,L11,Beachfront,Hidden Opportunity,Hidden Opportunity,True
M110,Chocolate Brownie,L11,Beachfront,Low Performer,Low Performer,True
M029,Pan-Seared Steak,L14,Sunset Plaza,Hidden Opportunity,Hidden Opportunity,True
M117,Ice Cream Sundae,L11,Beachfront,Hidden Opportunity,Hidden Opportunity,True
M019,Mushroom Risotto,L14,Sunset Plaza,Hidden Opportunity,Hidden Opportunity,True
M020,Beef Stroganoff,L14,Sunset Plaza,Low Performer,Low Performer,True
M021,Chicken Alfredo,L14,Sunset Plaza,Hidden Opportunity,Hidden Opportunity,True
M022,Lamb Rogan Josh,L14,Sunset Plaza,Hidden Opportunity,Hidden Opportunity,True
M023,Thai Green Curry,L14,Sunset Plaza,Low Performer,Low Performer,True
M116,Fruit Tart,L11,Beachfront,Low Performer,Low Performer,True
M115,Panna Cotta,L11,Beachfront,Hidden Opportunity,Hidden Opportunity,True
M024,Roast Chicken,L14,Sunset Plaza,Hidden Opportunity,Hidden Opportunity,True
M025,Beef Wellington,L14,Sunset Plaza,Low Performer,Low Performer,True
M026,Duck Confit,L14,Sunset Plaza,Low Performer,Low Performer,True
M114,Banoffee Pie,L11,Beachfront,Low Performer,Low Performer,True
M113,Sticky Toffee Pudding,L11,Beachfront,Hidden Opportunity,Hidden Opportunity,True
M112,Apple Pie,L11,Beachfront,Low Performer,Low Performer,True
M111,Creme Brulee,L11,Beachfront,Low Performer,Low Performer,True
M027,Vegetable Korma,L14,Sunset Plaza,Low Performer,Low Performer,True
M028,Chicken Parmesan,L14,Sunset Plaza,Hidden Opportunity,Hidden Opportunity,True
M044,Spicy Buffalo Wings,L14,Sunset Plaza,Low Performer,Low Performer,True
M045,Mixed Grill,L14,Sunset Plaza,Low Performer,Low Performer,True
M105,Shrimp Scampi,L11,Beachfront,Hidden Opportunity,Hidden Opportunity,True
M046,Margherita Pizza,L14,Sunset Plaza,Hidden Opportunity,Hidden Opportunity,True
M064,Double Bacon Burger,L14,Sunset Plaza,Low Performer,Low Performer,True
M100,Prawn Curry,L11,Beachfront,Low Performer,Low Performer,True
M065,Veggie Burger,L14,Sunset Plaza,Hidden Opportunity,Hidden Opportunity,True
M066,Pulled Pork Sandwich,L14,Sunset Plaza,Low Performer,Low Performer,True
M067,Club Sandwich,L14,Sunset Plaza,Hidden Opportunity,Hidden Opportunity,True
M068,Grilled Chicken Wrap,L14,Sunset Plaza,Low Performer,Low Performer,True
M069,Fish Burger,L14,Sunset Plaza,Hidden Opportunity,Hidden Opportunity,True
M070,Steak Sandwich,L14,Sunset Plaza,Hidden Opportunity,Hidden Opportunity,True
M071,Falafel Wrap,L14,Sunset Plaza,Hidden Opportunity,Hidden Opportunity,True
M072,Philly Cheesesteak,L14,Sunset Plaza,Low Performer,Low Performer,True
M073,BBQ Bacon Burger,L14,Sunset Plaza,Hidden Opportunity,Hidden Opportunity,True
M074,Spicy Zinger Burger,L14,Sunset Plaza,Hidden Opportunity,Hidden Opportunity,True
M075,Halloumi Burger,L14,Sunset Plaza,Low Performer,Low Performer,True
M076,Chicken Biryani,L14,Sunset Plaza,Low Performer,Low Performer,True
M077,Mutton Biryani,L14,Sunset Plaza,Hidden Opportunity,Hidden Opportunity,True
M139,Coleslaw,L14,Sunset Plaza,Low Performer,Low Performer,True
M078,Veg Biryani,L14,Sunset Plaza,Low Performer,Low Performer,True
M063,Crispy Chicken Burger,L14,Sunset Plaza,Low Performer,Low Performer,True
M080,Chicken Fried Rice,L14,Sunset Plaza,Hidden Opportunity,Hidden Opportunity,True
M062,Cheeseburger Deluxe,L14,Sunset Plaza,Low Performer,Low Performer,True
M060,Pesto Pasta,L14,Sunset Plaza,Hidden Opportunity,Hidden Opportunity,True
M047,Pepperoni Pizza,L14,Sunset Plaza,Hidden Opportunity,Hidden Opportunity,True
M048,Truffle Carbonara,L14,Sunset Plaza,Low Performer,Low Performer,True
M049,Four Cheese Pasta,L14,Sunset Plaza,Low Performer,Low Performer,True
M050,BBQ Chicken Pizza,L14,Sunset Plaza,Hidden Opportunity,Hidden Opportunity,True
M051,Veggie Supreme Pizza,L14,Sunset Plaza,Hidden Opportunity,Hidden Opportunity,True
M052,Spaghetti Bolognese,L14,Sunset Plaza,Low Performer,Low Performer,True
M053,Penne Arrabbiata,L14,Sunset Plaza,Hidden Opportunity,Hidden Opportunity,True
M054,Lasagne al Forno,L14,Sunset Plaza,Hidden Opportunity,Hidden Opportunity,True
M055,Meat Feast Pizza,L14,Sunset Plaza,Hidden Opportunity,Hidden Opportunity,True
M104,Fish Tacos,L11,Beachfront,Hidden Opportunity,Hidden Opportunity,True
M103,Tuna Steak,L11,Beachfront,Profit Driver,Profit Driver,True
M056,Hawaiian Pizza,L14,Sunset Plaza,Hidden Opportunity,Hidden Opportunity,True
M102,Mussels Marinara,L11,Beachfront,Hidden Opportunity,Hidden Opportunity,True
M101,Baked Cod,L11,Beachfront,Low Performer,Low Performer,True
M057,Mushroom Pizza,L14,Sunset Plaza,Low Performer,Low Performer,True
M058,Seafood Linguine,L14,Sunset Plaza,Hidden Opportunity,Hidden Opportunity,True
M059,Mac and Cheese,L14,Sunset Plaza,Hidden Opportunity,Hidden Opportunity,True
M061,Classic Beef Burger,L14,Sunset Plaza,Hidden Opportunity,Hidden Opportunity,True
M083,Mushroom Rice,L11,Beachfront,Hidden Opportunity,Hidden Opportunity,True
M143,Cheese Dip,L14,Sunset Plaza,Low Performer,Low Performer,True
M141,Garlic Naan,L14,Sunset Plaza,Profit Driver,Profit Driver,True
M084,Beef Pulao,L15,Central Station,Low Performer,Low Performer,True
M085,Vegetable Pulao,L15,Central Station,Volume Driver,Volume Driver,True
M086,Schezwan Fried Rice,L15,Central Station,Profit Driver,Profit Driver,True
M087,Kabuli Pulao,L15,Central Station,Hidden Opportunity,Hidden Opportunity,True
M088,Lemon Rice,L15,Central Station,Hidden Opportunity,Hidden Opportunity,True
M064,Double Bacon Burger,L11,Beachfront,Low Performer,Low Performer,True
M089,Hyderabadi Biryani,L15,Central Station,Hidden Opportunity,Hidden Opportunity,True
M083,Mushroom Rice,L15,Central Station,Hidden Opportunity,Hidden Opportunity,True
M090,Steamed Basmati,L15,Central Station,Hidden Opportunity,Hidden Opportunity,True
M092,Fish and Chips,L15,Central Station,Hidden Opportunity,Hidden Opportunity,True
M063,Crispy Chicken Burger,L11,Beachfront,Low Performer,Low Performer,True
M093,Butter Garlic Shrimp,L15,Central Station,Hidden Opportunity,Hidden Opportunity,True
M094,Crab Cakes,L15,Central Station,Volume Driver,Volume Driver,True
M095,Lobster Thermidor,L15,Central Station,Hidden Opportunity,Hidden Opportunity,True
M096,Fried Calamari,L15,Central Station,Low Performer,Low Performer,True
M097,Grilled Octopus,L15,Central Station,Profit Driver,Profit Driver,True
M091,Grilled Prawns,L15,Central Station,Hidden Opportunity,Hidden Opportunity,True
M082,Jeera Rice,L15,Central Station,Low Performer,Low Performer,True
M081,Prawn Biryani,L15,Central Station,Hidden Opportunity,Hidden Opportunity,True
M080,Chicken Fried Rice,L15,Central Station,Hidden Opportunity,Hidden Opportunity,True
M068,Grilled Chicken Wrap,L11,Beachfront,Low Performer,Low Performer,True
M066,Pulled Pork Sandwich,L15,Central Station,Low Performer,Low Performer,True
M067,Club Sandwich,L15,Central Station,Profit Driver,Profit Driver,True
M068,Grilled Chicken Wrap,L15,Central Station,Hidden Opportunity,Hidden Opportunity,True
M067,Club Sandwich,L11,Beachfront,Profit Driver,Profit Driver,True
M069,Fish Burger,L15,Central Station,Hidden Opportunity,Hidden Opportunity,True
M066,Pulled Pork Sandwich,L11,Beachfront,Low Performer,Low Performer,True
M071,Falafel Wrap,L15,Central Station,Hidden Opportunity,Hidden Opportunity,True
M072,Philly Cheesesteak,L15,Central Station,Low Performer,Low Performer,True
M073,BBQ Bacon Burger,L15,Central Station,Hidden Opportunity,Hidden Opportunity,True
M074,Spicy Zinger Burger,L15,Central Station,Hidden Opportunity,Hidden Opportunity,True
M075,Halloumi Burger,L15,Central Station,Low Performer,Low Performer,True
M076,Chicken Biryani,L15,Central Station,Low Performer,Low Performer,True
M077,Mutton Biryani,L15,Central Station,Hidden Opportunity,Hidden Opportunity,True
M078,Veg Biryani,L15,Central Station,Low Performer,Low Performer,True
M079,Egg Fried Rice,L15,Central Station,Hidden Opportunity,Hidden Opportunity,True
M065,Veggie Burger,L11,Beachfront,Hidden Opportunity,Hidden Opportunity,True
M098,Seafood Platter,L15,Central Station,Hidden Opportunity,Hidden Opportunity,True
M064,Double Bacon Burger,L15,Central Station,Low Performer,Low Performer,True
M099,Salmon Teriyaki,L15,Central Station,Low Performer,Low Performer,True
M100,Prawn Curry,L15,Central Station,Low Performer,Low Performer,True
M118,Baklava,L15,Central Station,Volume Driver,Volume Driver,True
M119,Carrot Cake,L15,Central Station,Hidden Opportunity,Hidden Opportunity,True
M120,Red Velvet Slice,L15,Central Station,Hidden Opportunity,Hidden Opportunity,True
M121,Fresh Lemonade,L15,Central Station,Hidden Opportunity,Hidden Opportunity,True
M122,Craft Cold Brew,L15,Central Station,Hidden Opportunity,Hidden Opportunity,True
M123,Mango Smoothie,L15,Central Station,Low Performer,Low Performer,True
M125,Masala Chai,L15,Central Station,Hidden Opportunity,Hidden Opportunity,True
M117,Ice Cream Sundae,L15,Central Station,Hidden Opportunity,Hidden Opportunity,True
M126,Fresh Orange Juice,L15,Central Station,Hidden Opportunity,Hidden Opportunity,True
M054,Lasagne al Forno,L11,Beachfront,Hidden Opportunity,Hidden Opportunity,True
M128,Cappuccino,L15,Central Station,Low Performer,Low Performer,True
M129,Strawberry Milkshake,L15,Central Station,Hidden Opportunity,Hidden Opportunity,True
M053,Penne Arrabbiata,L11,Beachfront,Hidden Opportunity,Hidden Opportunity,True
M130,Green Tea,L15,Central Station,Hidden Opportunity,Hidden Opportunity,True
M131,Coca-Cola,L15,Central Station,Low Performer,Low Performer,True
M052,Spaghetti Bolognese,L11,Beachfront,Low Performer,Low Performer,True
M127,Sparkling Water,L15,Central Station,Hidden Opportunity,Hidden Opportunity,True
M116,Fruit Tart,L15,Central Station,Low Performer,Low Performer,True
M115,Panna Cotta,L15,Central Station,Hidden Opportunity,Hidden Opportunity,True
M055,Meat Feast Pizza,L11,Beachfront,Hidden Opportunity,Hidden Opportunity,True
M101,Baked Cod,L15,Central Station,Low Performer,Low Performer,True
M061,Classic Beef Burger,L11,Beachfront,Hidden Opportunity,Hidden Opportunity,True
M060,Pesto Pasta,L11,Beachfront,Hidden Opportunity,Hidden Opportunity,True
M103,Tuna Steak,L15,Central Station,Profit Driver,Profit Driver,True
M104,Fish Tacos,L15,Central Station,Hidden Opportunity,Hidden Opportunity,True
M105,Shrimp Scampi,L15,Central Station,Hidden Opportunity,Hidden Opportunity,True
M106,Molten Lava Cake,L15,Central Station,Low Performer,Low Performer,True
M107,New York Cheesecake,L15,Central Station,Low Performer,Low Performer,True
M108,Gelato Trio,L15,Central Station,Low Performer,Low Performer,True
M059,Mac and Cheese,L11,Beachfront,Hidden Opportunity,Hidden Opportunity,True
M110,Chocolate Brownie,L15,Central Station,Low Performer,Low Performer,True
M058,Seafood Linguine,L11,Beachfront,Profit Driver,Profit Driver,True
M111,Creme Brulee,L15,Central Station,Low Performer,Low Performer,True
M057,Mushroom Pizza,L11,Beachfront,Low Performer,Low Performer,True
M112,Apple Pie,L15,Central Station,Low Performer,Low Performer,True
M113,Sticky Toffee Pudding,L15,Central Station,Low Performer,Low Performer,True
M056,Hawaiian Pizza,L11,Beachfront,Hidden Opportunity,Hidden Opportunity,True
M062,Cheeseburger Deluxe,L11,Beachfront,Low Performer,Low Performer,True
M063,Crispy Chicken Burger,L15,Central Station,Low Performer,Low Performer,True
M069,Fish Burger,L11,Beachfront,Hidden Opportunity,Hidden Opportunity,True
M062,Cheeseburger Deluxe,L15,Central Station,Low Performer,Low Performer,True
M010,Stuffed Mushrooms,L15,Central Station,Hidden Opportunity,Hidden Opportunity,True
M011,Cheese Sticks,L15,Central Station,Low Performer,Low Performer,True
M077,Mutton Biryani,L11,Beachfront,Hidden Opportunity,Hidden Opportunity,True
M012,Onion Rings,L15,Central Station,Low Performer,Low Performer,True
M013,Prawn Tempura,L15,Central Station,Low Performer,Low Performer,True
M014,Caesar Salad,L15,Central Station,Low Performer,Low Performer,True
M015,Greek Salad,L15,Central Station,Low Performer,Low Performer,True
M009,Hummus Platter,L15,Central Station,Volume Driver,Volume Driver,True
M076,Chicken Biryani,L11,Beachfront,Low Performer,Low Performer,True
M017,Butter Chicken,L15,Central Station,Hidden Opportunity,Hidden Opportunity,True
M075,Halloumi Burger,L11,Beachfront,Low Performer,Low Performer,True
M074,Spicy Zinger Burger,L11,Beachfront,Hidden Opportunity,Hidden Opportunity,True
M019,Mushroom Risotto,L15,Central Station,Hidden Opportunity,Hidden Opportunity,True
M020,Beef Stroganoff,L15,Central Station,Low Performer,Low Performer,True
M021,Chicken Alfredo,L15,Central Station,Hidden Opportunity,Hidden Opportunity,True
M022,Lamb Rogan Josh,L15,Central Station,Hidden Opportunity,Hidden Opportunity,True
M016,Signature Ribeye,L15,Central Station,Low Performer,Low Performer,True
M078,Veg Biryani,L11,Beachfront,Low Performer,Low Performer,True
M007,Garlic Bread,L15,Central Station,Low Performer,Low Performer,True
M006,Spring Rolls,L15,Central Station,Hidden Opportunity,Hidden Opportunity,True
M142,Buttered Corn,L14,Sunset Plaza,Hidden Opportunity,Hidden Opportunity,True
M081,Prawn Biryani,L11,Beachfront,Hidden Opportunity,Hidden Opportunity,True
M018,Grilled Salmon,L14,Sunset Plaza,Hidden Opportunity,Hidden Opportunity,True
M144,Sweet Potato Fries,L14,Sunset Plaza,Hidden Opportunity,Hidden Opportunity,True
M080,Chicken Fried Rice,L11,Beachfront,Hidden Opportunity,Hidden Opportunity,True
M145,Rice Bowl,L14,Sunset Plaza,Low Performer,Low Performer,True
M146,Pita Bread,L14,Sunset Plaza,Hidden Opportunity,Hidden Opportunity,True
M147,Grilled Corn,L14,Sunset Plaza,Hidden Opportunity,Hidden Opportunity,True
M148,Extra Cheese,L14,Sunset Plaza,Hidden Opportunity,Hidden Opportunity,True
M149,Dinner Roll,L14,Sunset Plaza,Low Performer,Low Performer,True
M150,Pickle Plate,L14,Sunset Plaza,Low Performer,Low Performer,True
M001,Truffle Fries,L15,Central Station,Hidden Opportunity,Hidden Opportunity,True
M002,Loaded Nachos,L15,Central Station,Hidden Opportunity,Hidden Opportunity,True
M003,Soup of the Day,L15,Central Station,Low Performer,Low Performer,True
M004,Calamari Rings,L15,Central Station,Low Performer,Low Performer,True
M005,Chicken Wings,L15,Central Station,Low Performer,Low Performer,True
M079,Egg Fried Rice,L11,Beachfront,Hidden Opportunity,Hidden Opportunity,True
M023,Thai Green Curry,L15,Central Station,Low Performer,Low Performer,True
M024,Roast Chicken,L15,Central Station,Hidden Opportunity,Hidden Opportunity,True
M073,BBQ Bacon Burger,L11,Beachfront,Hidden Opportunity,Hidden Opportunity,True
M026,Duck Confit,L15,Central Station,Low Performer,Low Performer,True
M071,Falafel Wrap,L11,Beachfront,Hidden Opportunity,Hidden Opportunity,True
M047,Pepperoni Pizza,L15,Central Station,Hidden Opportunity,Hidden Opportunity,True
M048,Truffle Carbonara,L15,Central Station,Low Performer,Low Performer,True
M049,Four Cheese Pasta,L15,Central Station,Low Performer,Low Performer,True
M050,BBQ Chicken Pizza,L15,Central Station,Hidden Opportunity,Hidden Opportunity,True
M051,Veggie Supreme Pizza,L15,Central Station,Hidden Opportunity,Hidden Opportunity,True
M052,Spaghetti Bolognese,L15,Central Station,Low Performer,Low Performer,True
M053,Penne Arrabbiata,L15,Central Station,Hidden Opportunity,Hidden Opportunity,True
M054,Lasagne al Forno,L15,Central Station,Hidden Opportunity,Hidden Opportunity,True
M055,Meat Feast Pizza,L15,Central Station,Hidden Opportunity,Hidden Opportunity,True
M056,Hawaiian Pizza,L15,Central Station,Hidden Opportunity,Hidden Opportunity,True
M070,Steak Sandwich,L11,Beachfront,Profit Driver,Profit Driver,True
M057,Mushroom Pizza,L15,Central Station,Low Performer,Low Performer,True
M058,Seafood Linguine,L15,Central Station,Profit Driver,Profit Driver,True
M059,Mac and Cheese,L15,Central Station,Hidden Opportunity,Hidden Opportunity,True
M060,Pesto Pasta,L15,Central Station,Hidden Opportunity,Hidden Opportunity,True
M061,Classic Beef Burger,L15,Central Station,Hidden Opportunity,Hidden Opportunity,True
M046,Margherita Pizza,L15,Central Station,Hidden Opportunity,Hidden Opportunity,True
M082,Jeera Rice,L11,Beachfront,Low Performer,Low Performer,True
M045,Mixed Grill,L15,Central Station,Low Performer,Low Performer,True
M043,Beef Short Ribs,L15,Central Station,Hidden Opportunity,Hidden Opportunity,True
M027,Vegetable Korma,L15,Central Station,Low Performer,Low Performer,True
M028,Chicken Parmesan,L15,Central Station,Hidden Opportunity,Hidden Opportunity,True
M029,Pan-Seared Steak,L15,Central Station,Profit Driver,Profit Driver,True
M030,Paneer Tikka Masala,L15,Central Station,Hidden Opportunity,Hidden Opportunity,True
M031,Smoked Brisket,L15,Central Station,Hidden Opportunity,Hidden Opportunity,True
M032,BBQ Ribs Full Rack,L15,Central Station,Hidden Opportunity,Hidden Opportunity,True
M033,Peri Peri Chicken,L15,Central Station,Low Performer,Low Performer,True
M034,Lamb Chops,L15,Central Station,Hidden Opportunity,Hidden Opportunity,True
M035,Grilled Kebab Platter,L15,Central Station,Low Performer,Low Performer,True
M036,Tandoori Chicken,L15,Central Station,Hidden Opportunity,Hidden Opportunity,True
M037,BBQ Pulled Pork,L15,Central Station,Hidden Opportunity,Hidden Opportunity,True
M072,Philly Cheesesteak,L11,Beachfront,Low Performer,Low Performer,True
M038,Grilled Lamb Skewers,L15,Central Station,Low Performer,Low Performer,True
M039,Char-Grilled Steak,L15,Central Station,Volume Driver,Volume Driver,True
M040,Smoked Sausage Plate,L15,Central Station,Low Performer,Low Performer,True
M041,Chicken Tikka Skewers,L15,Central Station,Low Performer,Low Performer,True
M042,Grilled Veg Platter,L15,Central Station,Hidden Opportunity,Hidden Opportunity,True
M044,Spicy Buffalo Wings,L15,Central Station,Volume Driver,Volume Driver,True
M017,Butter Chicken,L14,Sunset Plaza,Hidden Opportunity,Hidden Opportunity,True
M014,Caesar Salad,L14,Sunset Plaza,Low Performer,Low Performer,True
M118,Baklava,L11,Beachfront,Volume Driver,Volume Driver,True
M126,Fresh Orange Juice,L12,Marina Bay,Hidden Opportunity,Hidden Opportunity,True
M127,Sparkling Water,L12,Marina Bay,Hidden Opportunity,Hidden Opportunity,True
M128,Cappuccino,L12,Marina Bay,Low Performer,Low Performer,True
M129,Strawberry Milkshake,L12,Marina Bay,Hidden Opportunity,Hidden Opportunity,True
M130,Green Tea,L12,Marina Bay,Hidden Opportunity,Hidden Opportunity,True
M131,Coca-Cola,L12,Marina Bay,Low Performer,Low Performer,True
M132,Virgin Mojito,L12,Marina Bay,Hidden Opportunity,Hidden Opportunity,True
M125,Masala Chai,L12,Marina Bay,Hidden Opportunity,Hidden Opportunity,True
M133,Espresso,L12,Marina Bay,Low Performer,Low Performer,True
M135,Salted Caramel Frappe,L12,Marina Bay,Hidden Opportunity,Hidden Opportunity,True
M136,French Fries,L12,Marina Bay,Low Performer,Low Performer,True
M137,Mashed Potatoes,L12,Marina Bay,Low Performer,Low Performer,True
M138,Steamed Vegetables,L12,Marina Bay,Hidden Opportunity,Hidden Opportunity,True
M011,Cheese Sticks,L12,Marina Bay,Low Performer,Low Performer,True
M139,Coleslaw,L12,Marina Bay,Low Performer,Low Performer,True
M140,Side Salad,L12,Marina Bay,Volume Driver,Volume Driver,True
M134,Berry Smoothie,L12,Marina Bay,Hidden Opportunity,Hidden Opportunity,True
M124,Iced Latte,L12,Marina Bay,Low Performer,Low Performer,True
M123,Mango Smoothie,L12,Marina Bay,Low Performer,Low Performer,True
M122,Craft Cold Brew,L12,Marina Bay,Hidden Opportunity,Hidden Opportunity,True
M107,New York Cheesecake,L12,Marina Bay,Low Performer,Low Performer,True
M015,Greek Salad,L12,Marina Bay,Low Performer,Low Performer,True
M109,Tiramisu,L12,Marina Bay,Hidden Opportunity,Hidden Opportunity,True
M110,Chocolate Brownie,L12,Marina Bay,Low Performer,Low Performer,True
M111,Creme Brulee,L12,Marina Bay,Low Performer,Low Performer,True
M112,Apple Pie,L12,Marina Bay,Low Performer,Low Performer,True
M113,Sticky Toffee Pudding,L12,Marina Bay,Hidden Opportunity,Hidden Opportunity,True
M014,Caesar Salad,L12,Marina Bay,Low Performer,Low Performer,True
M114,Banoffee Pie,L12,Marina Bay,Low Performer,Low Performer,True
M115,Panna Cotta,L12,Marina Bay,Hidden Opportunity,Hidden Opportunity,True
M116,Fruit Tart,L12,Marina Bay,Low Performer,Low Performer,True
M117,Ice Cream Sundae,L12,Marina Bay,Hidden Opportunity,Hidden Opportunity,True
M013,Prawn Tempura,L12,Marina Bay,Low Performer,Low Performer,True
M012,Onion Rings,L12,Marina Bay,Low Performer,Low Performer,True
M119,Carrot Cake,L12,Marina Bay,Hidden Opportunity,Hidden Opportunity,True
M120,Red Velvet Slice,L12,Marina Bay,Hidden Opportunity,Hidden Opportunity,True
M121,Fresh Lemonade,L12,Marina Bay,Hidden Opportunity,Hidden Opportunity,True
M141,Garlic Naan,L12,Marina Bay,Hidden Opportunity,Hidden Opportunity,True
M142,Buttered Corn,L12,Marina Bay,Hidden Opportunity,Hidden Opportunity,True
M143,Cheese Dip,L12,Marina Bay,Low Performer,Low Performer,True
M144,Sweet Potato Fries,L12,Marina Bay,Hidden Opportunity,Hidden Opportunity,True
M013,Prawn Tempura,L13,Hillcrest,Low Performer,Low Performer,True
M014,Caesar Salad,L13,Hillcrest,Low Performer,Low Performer,True
M015,Greek Salad,L13,Hillcrest,Low Performer,Low Performer,True
M016,Signature Ribeye,L13,Hillcrest,Low Performer,Low Performer,True
M017,Butter Chicken,L13,Hillcrest,Hidden Opportunity,Hidden Opportunity,True
M018,Grilled Salmon,L13,Hillcrest,Hidden Opportunity,Hidden Opportunity,True
M006,Spring Rolls,L12,Marina Bay,Hidden Opportunity,Hidden Opportunity,True
M019,Mushroom Risotto,L13,Hillcrest,Hidden Opportunity,Hidden Opportunity,True
M005,Chicken Wings,L12,Marina Bay,Low Performer,Low Performer,True
M021,Chicken Alfredo,L13,Hillcrest,Hidden Opportunity,Hidden Opportunity,True
M022,Lamb Rogan Josh,L13,Hillcrest,Hidden Opportunity,Hidden Opportunity,True
M023,Thai Green Curry,L13,Hillcrest,Low Performer,Low Performer,True
M024,Roast Chicken,L13,Hillcrest,Hidden Opportunity,Hidden Opportunity,True
M025,Beef Wellington,L13,Hillcrest,Hidden Opportunity,Hidden Opportunity,True
M026,Duck Confit,L13,Hillcrest,Low Performer,Low Performer,True
M027,Vegetable Korma,L13,Hillcrest,Volume Driver,Volume Driver,True
M028,Chicken Parmesan,L13,Hillcrest,Hidden Opportunity,Hidden Opportunity,True
M012,Onion Rings,L13,Hillcrest,Low Performer,Low Performer,True
M106,Molten Lava Cake,L12,Marina Bay,Low Performer,Low Performer,True
M011,Cheese Sticks,L13,Hillcrest,Low Performer,Low Performer,True
M009,Hummus Platter,L13,Hillcrest,Low Performer,Low Performer,True
M145,Rice Bowl,L12,Marina Bay,Hidden Opportunity,Hidden Opportunity,True
M146,Pita Bread,L12,Marina Bay,Hidden Opportunity,Hidden Opportunity,True
M147,Grilled Corn,L12,Marina Bay,Hidden Opportunity,Hidden Opportunity,True
M148,Extra Cheese,L12,Marina Bay,Hidden Opportunity,Hidden Opportunity,True
M149,Dinner Roll,L12,Marina Bay,Low Performer,Low Performer,True
M150,Pickle Plate,L12,Marina Bay,Low Performer,Low Performer,True
M001,Truffle Fries,L13,Hillcrest,Hidden Opportunity,Hidden Opportunity,True
M010,Stuffed Mushrooms,L12,Marina Bay,Hidden Opportunity,Hidden Opportunity,True
M003,Soup of the Day,L13,Hillcrest,Low Performer,Low Performer,True
M004,Calamari Rings,L13,Hillcrest,Low Performer,Low Performer,True
M005,Chicken Wings,L13,Hillcrest,Low Performer,Low Performer,True
M006,Spring Rolls,L13,Hillcrest,Hidden Opportunity,Hidden Opportunity,True
M007,Garlic Bread,L13,Hillcrest,Low Performer,Low Performer,True
M008,Bruschetta,L13,Hillcrest,Hidden Opportunity,Hidden Opportunity,True
M009,Hummus Platter,L12,Marina Bay,Low Performer,Low Performer,True
M008,Bruschetta,L12,Marina Bay,Hidden Opportunity,Hidden Opportunity,True
M007,Garlic Bread,L12,Marina Bay,Low Performer,Low Performer,True
M010,Stuffed Mushrooms,L13,Hillcrest,Hidden Opportunity,Hidden Opportunity,True
M105,Shrimp Scampi,L12,Marina Bay,Hidden Opportunity,Hidden Opportunity,True
M104,Fish Tacos,L12,Marina Bay,Hidden Opportunity,Hidden Opportunity,True
M103,Tuna Steak,L12,Marina Bay,Profit Driver,Profit Driver,True
M051,Veggie Supreme Pizza,L12,Marina Bay,Hidden Opportunity,Hidden Opportunity,True
M052,Spaghetti Bolognese,L12,Marina Bay,Low Performer,Low Performer,True
M053,Penne Arrabbiata,L12,Marina Bay,Hidden Opportunity,Hidden Opportunity,True
M054,Lasagne al Forno,L12,Marina Bay,Hidden Opportunity,Hidden Opportunity,True
M055,Meat Feast Pizza,L12,Marina Bay,Hidden Opportunity,Hidden Opportunity,True
M056,Hawaiian Pizza,L12,Marina Bay,Hidden Opportunity,Hidden Opportunity,True
M057,Mushroom Pizza,L12,Marina Bay,Low Performer,Low Performer,True
M058,Seafood Linguine,L12,Marina Bay,Hidden Opportunity,Hidden Opportunity,True
M059,Mac and Cheese,L12,Marina Bay,Hidden Opportunity,Hidden Opportunity,True
M060,Pesto Pasta,L12,Marina Bay,Hidden Opportunity,Hidden Opportunity,True
M061,Classic Beef Burger,L12,Marina Bay,Hidden Opportunity,Hidden Opportunity,True
M062,Cheeseburger Deluxe,L12,Marina Bay,Low Performer,Low Performer,True
M063,Crispy Chicken Burger,L12,Marina Bay,Low Performer,Low Performer,True
M026,Duck Confit,L12,Marina Bay,Low Performer,Low Performer,True
M064,Double Bacon Burger,L12,Marina Bay,Low Performer,Low Performer,True
M065,Veggie Burger,L12,Marina Bay,Hidden Opportunity,Hidden Opportunity,True
M066,Pulled Pork Sandwich,L12,Marina Bay,Low Performer,Low Performer,True
M050,BBQ Chicken Pizza,L12,Marina Bay,Hidden Opportunity,Hidden Opportunity,True
M025,Beef Wellington,L12,Marina Bay,Hidden Opportunity,Hidden Opportunity,True
M049,Four Cheese Pasta,L12,Marina Bay,Low Performer,Low Performer,True
M047,Pepperoni Pizza,L12,Marina Bay,Hidden Opportunity,Hidden Opportunity,True
M031,Smoked Brisket,L12,Marina Bay,Hidden Opportunity,Hidden Opportunity,True
M032,BBQ Ribs Full Rack,L12,Marina Bay,Hidden Opportunity,Hidden Opportunity,True
M033,Peri Peri Chicken,L12,Marina Bay,Low Performer,Low Performer,True
M034,Lamb Chops,L12,Marina Bay,Hidden Opportunity,Hidden Opportunity,True
M035,Grilled Kebab Platter,L12,Marina Bay,Low Performer,Low Performer,True
M036,Tandoori Chicken,L12,Marina Bay,Hidden Opportunity,Hidden Opportunity,True
M037,BBQ Pulled Pork,L12,Marina Bay,Hidden Opportunity,Hidden Opportunity,True
M038,Grilled Lamb Skewers,L12,Marina Bay,Low Performer,Low Performer,True
M028,Chicken Parmesan,L12,Marina Bay,Hidden Opportunity,Hidden Opportunity,True
M040,Smoked Sausage Plate,L12,Marina Bay,Low Performer,Low Performer,True
M041,Chicken Tikka Skewers,L12,Marina Bay,Low Performer,Low Performer,True
M042,Grilled Veg Platter,L12,Marina Bay,Hidden Opportunity,Hidden Opportunity,True
M043,Beef Short Ribs,L12,Marina Bay,Hidden Opportunity,Hidden Opportunity,True
M027,Vegetable Korma,L12,Marina Bay,Low Performer,Low Performer,True
M044,Spicy Buffalo Wings,L12,Marina Bay,Low Performer,Low Performer,True
M045,Mixed Grill,L12,Marina Bay,Low Performer,Low Performer,True
M046,Margherita Pizza,L12,Marina Bay,Hidden Opportunity,Hidden Opportunity,True
M048,Truffle Carbonara,L12,Marina Bay,Low Performer,Low Performer,True
M029,Pan-Seared Steak,L13,Hillcrest,Profit Driver,Profit Driver,True
M068,Grilled Chicken Wrap,L12,Marina Bay,Hidden Opportunity,Hidden Opportunity,True
M024,Roast Chicken,L12,Marina Bay,Hidden Opportunity,Hidden Opportunity,True
M090,Steamed Basmati,L12,Marina Bay,Hidden Opportunity,Hidden Opportunity,True
M091,Grilled Prawns,L12,Marina Bay,Hidden Opportunity,Hidden Opportunity,True
M092,Fish and Chips,L12,Marina Bay,Hidden Opportunity,Hidden Opportunity,True
M093,Butter Garlic Shrimp,L12,Marina Bay,Hidden Opportunity,Hidden Opportunity,True
M094,Crab Cakes,L12,Marina Bay,Low Performer,Low Performer,True
M095,Lobster Thermidor,L12,Marina Bay,Hidden Opportunity,Hidden Opportunity,True
M019,Mushroom Risotto,L12,Marina Bay,Hidden Opportunity,Hidden Opportunity,True
M018,Grilled Salmon,L12,Marina Bay,Hidden Opportunity,Hidden Opportunity,True
M096,Fried Calamari,L12,Marina Bay,Low Performer,Low Performer,True
M097,Grilled Octopus,L12,Marina Bay,Hidden Opportunity,Hidden Opportunity,True
M098,Seafood Platter,L12,Marina Bay,Hidden Opportunity,Hidden Opportunity,True
M017,Butter Chicken,L12,Marina Bay,Hidden Opportunity,Hidden Opportunity,True
M016,Signature Ribeye,L12,Marina Bay,Low Performer,Low Performer,True
M099,Salmon Teriyaki,L12,Marina Bay,Low Performer,Low Performer,True
M100,Prawn Curry,L12,Marina Bay,Low Performer,Low Performer,True
M101,Baked Cod,L12,Marina Bay,Low Performer,Low Performer,True
M102,Mussels Marinara,L12,Marina Bay,Hidden Opportunity,Hidden Opportunity,True
M089,Hyderabadi Biryani,L12,Marina Bay,Hidden Opportunity,Hidden Opportunity,True
M069,Fish Burger,L12,Marina Bay,Hidden Opportunity,Hidden Opportunity,True
M020,Beef Stroganoff,L12,Marina Bay,Low Performer,Low Performer,True
M086,Schezwan Fried Rice,L12,Marina Bay,Hidden Opportunity,Hidden Opportunity,True
M071,Falafel Wrap,L12,Marina Bay,Hidden Opportunity,Hidden Opportunity,True
M072,Philly Cheesesteak,L12,Marina Bay,Low Performer,Low Performer,True
M073,BBQ Bacon Burger,L12,Marina Bay,Hidden Opportunity,Hidden Opportunity,True
M074,Spicy Zinger Burger,L12,Marina Bay,Hidden Opportunity,Hidden Opportunity,True
M075,Halloumi Burger,L12,Marina Bay,Low Performer,Low Performer,True
M076,Chicken Biryani,L12,Marina Bay,Low Performer,Low Performer,True
M077,Mutton Biryani,L12,Marina Bay,Hidden Opportunity,Hidden Opportunity,True
M078,Veg Biryani,L12,Marina Bay,Low Performer,Low Performer,True
M079,Egg Fried Rice,L12,Marina Bay,Hidden Opportunity,Hidden Opportunity,True
M080,Chicken Fried Rice,L12,Marina Bay,Hidden Opportunity,Hidden Opportunity,True
M081,Prawn Biryani,L12,Marina Bay,Hidden Opportunity,Hidden Opportunity,True
M082,Jeera Rice,L12,Marina Bay,Low Performer,Low Performer,True
M083,Mushroom Rice,L12,Marina Bay,Hidden Opportunity,Hidden Opportunity,True
M023,Thai Green Curry,L12,Marina Bay,Low Performer,Low Performer,True
M022,Lamb Rogan Josh,L12,Marina Bay,Hidden Opportunity,Hidden Opportunity,True
M084,Beef Pulao,L12,Marina Bay,Low Performer,Low Performer,True
M021,Chicken Alfredo,L12,Marina Bay,Hidden Opportunity,Hidden Opportunity,True
M087,Kabuli Pulao,L12,Marina Bay,Hidden Opportunity,Hidden Opportunity,True
M016,Signature Ribeye,L14,Sunset Plaza,Low Performer,Low Performer,True
M030,Paneer Tikka Masala,L13,Hillcrest,Hidden Opportunity,Hidden Opportunity,True
M032,BBQ Ribs Full Rack,L13,Hillcrest,Hidden Opportunity,Hidden Opportunity,True
M116,Fruit Tart,L13,Hillcrest,Low Performer,Low Performer,True
M117,Ice Cream Sundae,L13,Hillcrest,Hidden Opportunity,Hidden Opportunity,True
M118,Baklava,L13,Hillcrest,Volume Driver,Volume Driver,True
M119,Carrot Cake,L13,Hillcrest,Hidden Opportunity,Hidden Opportunity,True
M128,Cappuccino,L11,Beachfront,Low Performer,Low Performer,True
M120,Red Velvet Slice,L13,Hillcrest,Hidden Opportunity,Hidden Opportunity,True
M121,Fresh Lemonade,L13,Hillcrest,Hidden Opportunity,Hidden Opportunity,True
M129,Strawberry Milkshake,L11,Beachfront,Hidden Opportunity,Hidden Opportunity,True
M127,Sparkling Water,L11,Beachfront,Hidden Opportunity,Hidden Opportunity,True
M123,Mango Smoothie,L13,Hillcrest,Low Performer,Low Performer,True
M126,Fresh Orange Juice,L11,Beachfront,Hidden Opportunity,Hidden Opportunity,True
M125,Masala Chai,L11,Beachfront,Hidden Opportunity,Hidden Opportunity,True
M124,Iced Latte,L13,Hillcrest,Volume Driver,Volume Driver,True
M125,Masala Chai,L13,Hillcrest,Hidden Opportunity,Hidden Opportunity,True
M126,Fresh Orange Juice,L13,Hillcrest,Hidden Opportunity,Hidden Opportunity,True
M127,Sparkling Water,L13,Hillcrest,Hidden Opportunity,Hidden Opportunity,True
M122,Craft Cold Brew,L13,Hillcrest,Hidden Opportunity,Hidden Opportunity,True
M115,Panna Cotta,L13,Hillcrest,Hidden Opportunity,Hidden Opportunity,True
M114,Banoffee Pie,L13,Hillcrest,Low Performer,Low Performer,True
M113,Sticky Toffee Pudding,L13,Hillcrest,Hidden Opportunity,Hidden Opportunity,True
M100,Prawn Curry,L13,Hillcrest,Low Performer,Low Performer,True
M101,Baked Cod,L13,Hillcrest,Low Performer,Low Performer,True
M134,Berry Smoothie,L11,Beachfront,Hidden Opportunity,Hidden Opportunity,True
M102,Mussels Marinara,L13,Hillcrest,Hidden Opportunity,Hidden Opportunity,True
M103,Tuna Steak,L13,Hillcrest,Profit Driver,Profit Driver,True
M104,Fish Tacos,L13,Hillcrest,Hidden Opportunity,Hidden Opportunity,True
M133,Espresso,L11,Beachfront,Low Performer,Low Performer,True
M132,Virgin Mojito,L11,Beachfront,Hidden Opportunity,Hidden Opportunity,True
M106,Molten Lava Cake,L13,Hillcrest,Low Performer,Low Performer,True
M107,New York Cheesecake,L13,Hillcrest,Low Performer,Low Performer,True
M131,Coca-Cola,L11,Beachfront,Low Performer,Low Performer,True
M108,Gelato Trio,L13,Hillcrest,Low Performer,Low Performer,True
M109,Tiramisu,L13,Hillcrest,Hidden Opportunity,Hidden Opportunity,True
M110,Chocolate Brownie,L13,Hillcrest,Low Performer,Low Performer,True
M130,Green Tea,L11,Beachfront,Hidden Opportunity,Hidden Opportunity,True
M111,Creme Brulee,L13,Hillcrest,Low Performer,Low Performer,True
M112,Apple Pie,L13,Hillcrest,Low Performer,Low Performer,True
M128,Cappuccino,L13,Hillcrest,Low Performer,Low Performer,True
M129,Strawberry Milkshake,L13,Hillcrest,Hidden Opportunity,Hidden Opportunity,True
M130,Green Tea,L13,Hillcrest,Hidden Opportunity,Hidden Opportunity,True
M131,Coca-Cola,L13,Hillcrest,Low Performer,Low Performer,True
M121,Fresh Lemonade,L11,Beachfront,Hidden Opportunity,Hidden Opportunity,True
M150,Pickle Plate,L13,Hillcrest,Low Performer,Low Performer,True
M001,Truffle Fries,L14,Sunset Plaza,Hidden Opportunity,Hidden Opportunity,True
M002,Loaded Nachos,L14,Sunset Plaza,Hidden Opportunity,Hidden Opportunity,True
M003,Soup of the Day,L14,Sunset Plaza,Low Performer,Low Performer,True
M004,Calamari Rings,L14,Sunset Plaza,Low Performer,Low Performer,True
M005,Chicken Wings,L14,Sunset Plaza,Low Performer,Low Performer,True
M120,Red Velvet Slice,L11,Beachfront,Hidden Opportunity,Hidden Opportunity,True
M007,Garlic Bread,L14,Sunset Plaza,Low Performer,Low Performer,True
M008,Bruschetta,L14,Sunset Plaza,Low Performer,Low Performer,True
M009,Hummus Platter,L14,Sunset Plaza,Low Performer,Low Performer,True
M010,Stuffed Mushrooms,L14,Sunset Plaza,Hidden Opportunity,Hidden Opportunity,True
M011,Cheese Sticks,L14,Sunset Plaza,Low Performer,Low Performer,True
M012,Onion Rings,L14,Sunset Plaza,Low Performer,Low Performer,True
M013,Prawn Tempura,L14,Sunset Plaza,Low Performer,Low Performer,True
M030,Paneer Tikka Masala,L12,Marina Bay,Hidden Opportunity,Hidden Opportunity,True
M015,Greek Salad,L14,Sunset Plaza,Low Performer,Low Performer,True
M149,Dinner Roll,L13,Hillcrest,Low Performer,Low Performer,True
M099,Salmon Teriyaki,L13,Hillcrest,Low Performer,Low Performer,True
M148,Extra Cheese,L13,Hillcrest,Hidden Opportunity,Hidden Opportunity,True
M146,Pita Bread,L13,Hillcrest,Hidden Opportunity,Hidden Opportunity,True
M132,Virgin Mojito,L13,Hillcrest,Hidden Opportunity,Hidden Opportunity,True
M133,Espresso,L13,Hillcrest,Low Performer,Low Performer,True
M134,Berry Smoothie,L13,Hillcrest,Hidden Opportunity,Hidden Opportunity,True
M135,Salted Caramel Frappe,L13,Hillcrest,Hidden Opportunity,Hidden Opportunity,True
M124,Iced Latte,L11,Beachfront,Volume Driver,Volume Driver,True
M136,French Fries,L13,Hillcrest,Low Performer,Low Performer,True
M137,Mashed Potatoes,L13,Hillcrest,Low Performer,Low Performer,True
M138,Steamed Vegetables,L13,Hillcrest,Hidden Opportunity,Hidden Opportunity,True
M139,Coleslaw,L13,Hillcrest,Low Performer,Low Performer,True
M140,Side Salad,L13,Hillcrest,Volume Driver,Volume Driver,True
M123,Mango Smoothie,L11,Beachfront,Low Performer,Low Performer,True
M141,Garlic Naan,L13,Hillcrest,Profit Driver,Profit Driver,True
M142,Buttered Corn,L13,Hillcrest,Hidden Opportunity,Hidden Opportunity,True
M143,Cheese Dip,L13,Hillcrest,Low Performer,Low Performer,True
M122,Craft Cold Brew,L11,Beachfront,Hidden Opportunity,Hidden Opportunity,True
M144,Sweet Potato Fries,L13,Hillcrest,Hidden Opportunity,Hidden Opportunity,True
M145,Rice Bowl,L13,Hillcrest,Hidden Opportunity,Hidden Opportunity,True
M147,Grilled Corn,L13,Hillcrest,Hidden Opportunity,Hidden Opportunity,True
M136,French Fries,L11,Beachfront,Low Performer,Low Performer,True
M098,Seafood Platter,L13,Hillcrest,Hidden Opportunity,Hidden Opportunity,True
M097,Grilled Octopus,L13,Hillcrest,Hidden Opportunity,Hidden Opportunity,True
M052,Spaghetti Bolognese,L13,Hillcrest,Low Performer,Low Performer,True
M053,Penne Arrabbiata,L13,Hillcrest,Hidden Opportunity,Hidden Opportunity,True
M054,Lasagne al Forno,L13,Hillcrest,Hidden Opportunity,Hidden Opportunity,True
M002,Loaded Nachos,L12,Marina Bay,Hidden Opportunity,Hidden Opportunity,True
M055,Meat Feast Pizza,L13,Hillcrest,Hidden Opportunity,Hidden Opportunity,True
M001,Truffle Fries,L12,Marina Bay,Hidden Opportunity,Hidden Opportunity,True
M150,Pickle Plate,L11,Beachfront,Low Performer,Low Performer,True
M056,Hawaiian Pizza,L13,Hillcrest,Hidden Opportunity,Hidden Opportunity,True
M057,Mushroom Pizza,L13,Hillcrest,Low Performer,Low Performer,True
M149,Dinner Roll,L11,Beachfront,Low Performer,Low Performer,True
M059,Mac and Cheese,L13,Hillcrest,Hidden Opportunity,Hidden Opportunity,True
M060,Pesto Pasta,L13,Hillcrest,Hidden Opportunity,Hidden Opportunity,True
M061,Classic Beef Burger,L13,Hillcrest,Hidden Opportunity,Hidden Opportunity,True
M062,Cheeseburger Deluxe,L13,Hillcrest,Low Performer,Low Performer,True
M063,Crispy Chicken Burger,L13,Hillcrest,Low Performer,Low Performer,True
M064,Double Bacon Burger,L13,Hillcrest,Low Performer,Low Performer,True
M065,Veggie Burger,L13,Hillcrest,Hidden Opportunity,Hidden Opportunity,True
M051,Veggie Supreme Pizza,L13,Hillcrest,Hidden Opportunity,Hidden Opportunity,True
M066,Pulled Pork Sandwich,L13,Hillcrest,Low Performer,Low Performer,True
M050,BBQ Chicken Pizza,L13,Hillcrest,Hidden Opportunity,Hidden Opportunity,True
M003,Soup of the Day,L12,Marina Bay,Low Performer,Low Performer,True
M033,Peri Peri Chicken,L13,Hillcrest,Low Performer,Low Performer,True
M034,Lamb Chops,L13,Hillcrest,Hidden Opportunity,Hidden Opportunity,True
M035,Grilled Kebab Platter,L13,Hillcrest,Low Performer,Low Performer,True
M036,Tandoori Chicken,L13,Hillcrest,Hidden Opportunity,Hidden Opportunity,True
M037,BBQ Pulled Pork,L13,Hillcrest,Hidden Opportunity,Hidden Opportunity,True
M038,Grilled Lamb Skewers,L13,Hillcrest,Low Performer,Low Performer,True
M039,Char-Grilled Steak,L13,Hillcrest,Low Performer,Low Performer,True
M004,Calamari Rings,L12,Marina Bay,Low Performer,Low Performer,True
M040,Smoked Sausage Plate,L13,Hillcrest,Volume Driver,Volume Driver,True
M041,Chicken Tikka Skewers,L13,Hillcrest,Low Performer,Low Performer,True
M042,Grilled Veg Platter,L13,Hillcrest,Profit Driver,Profit Driver,True
M043,Beef Short Ribs,L13,Hillcrest,Hidden Opportunity,Hidden Opportunity,True
M044,Spicy Buffalo Wings,L13,Hillcrest,Low Performer,Low Performer,True
M045,Mixed Grill,L13,Hillcrest,Low Performer,Low Performer,True
M046,Margherita Pizza,L13,Hillcrest,Hidden Opportunity,Hidden Opportunity,True
M047,Pepperoni Pizza,L13,Hillcrest,Hidden Opportunity,Hidden Opportunity,True
M048,Truffle Carbonara,L13,Hillcrest,Low Performer,Low Performer,True
M049,Four Cheese Pasta,L13,Hillcrest,Low Performer,Low Performer,True
M031,Smoked Brisket,L13,Hillcrest,Hidden Opportunity,Hidden Opportunity,True
M067,Club Sandwich,L13,Hillcrest,Profit Driver,Profit Driver,True
M069,Fish Burger,L13,Hillcrest,Hidden Opportunity,Hidden Opportunity,True
M084,Beef Pulao,L13,Hillcrest,Low Performer,Low Performer,True
M085,Vegetable Pulao,L13,Hillcrest,Volume Driver,Volume Driver,True
M086,Schezwan Fried Rice,L13,Hillcrest,Hidden Opportunity,Hidden Opportunity,True
M087,Kabuli Pulao,L13,Hillcrest,Hidden Opportunity,Hidden Opportunity,True
M088,Lemon Rice,L13,Hillcrest,Hidden Opportunity,Hidden Opportunity,True
M089,Hyderabadi Biryani,L13,Hillcrest,Hidden Opportunity,Hidden Opportunity,True
M090,Steamed Basmati,L13,Hillcrest,Hidden Opportunity,Hidden Opportunity,True
M091,Grilled Prawns,L13,Hillcrest,Hidden Opportunity,Hidden Opportunity,True
M140,Side Salad,L11,Beachfront,Volume Driver,Volume Driver,True
M092,Fish and Chips,L13,Hillcrest,Hidden Opportunity,Hidden Opportunity,True
M093,Butter Garlic Shrimp,L13,Hillcrest,Hidden Opportunity,Hidden Opportunity,True
M094,Crab Cakes,L13,Hillcrest,Low Performer,Low Performer,True
M139,Coleslaw,L11,Beachfront,Low Performer,Low Performer,True
M095,Lobster Thermidor,L13,Hillcrest,Hidden Opportunity,Hidden Opportunity,True
M138,Steamed Vegetables,L11,Beachfront,Hidden Opportunity,Hidden Opportunity,True
M096,Fried Calamari,L13,Hillcrest,Low Performer,Low Performer,True
M137,Mashed Potatoes,L11,Beachfront,Low Performer,Low Performer,True
M083,Mushroom Rice,L13,Hillcrest,Hidden Opportunity,Hidden Opportunity,True
M068,Grilled Chicken Wrap,L13,Hillcrest,Hidden Opportunity,Hidden Opportunity,True
M141,Garlic Naan,L11,Beachfront,Profit Driver,Profit Driver,True
M081,Prawn Biryani,L13,Hillcrest,Hidden Opportunity,Hidden Opportunity,True
M148,Extra Cheese,L11,Beachfront,Hidden Opportunity,Hidden Opportunity,True
M147,Grilled Corn,L11,Beachfront,Hidden Opportunity,Hidden Opportunity,True
M146,Pita Bread,L11,Beachfront,Hidden Opportunity,Hidden Opportunity,True
M071,Falafel Wrap,L13,Hillcrest,Hidden Opportunity,Hidden Opportunity,True
M072,Philly Cheesesteak,L13,Hillcrest,Low Performer,Low Performer,True
M145,Rice Bowl,L11,Beachfront,Hidden Opportunity,Hidden Opportunity,True
M073,BBQ Bacon Burger,L13,Hillcrest,Hidden Opportunity,Hidden Opportunity,True
M074,Spicy Zinger Burger,L13,Hillcrest,Hidden Opportunity,Hidden Opportunity,True
M075,Halloumi Burger,L13,Hillcrest,Low Performer,Low Performer,True
M076,Chicken Biryani,L13,Hillcrest,Low Performer,Low Performer,True
M144,Sweet Potato Fries,L11,Beachfront,Hidden Opportunity,Hidden Opportunity,True
M077,Mutton Biryani,L13,Hillcrest,Hidden Opportunity,Hidden Opportunity,True
M143,Cheese Dip,L11,Beachfront,Low Performer,Low Performer,True
M078,Veg Biryani,L13,Hillcrest,Low Performer,Low Performer,True
M079,Egg Fried Rice,L13,Hillcrest,Hidden Opportunity,Hidden Opportunity,True
M080,Chicken Fried Rice,L13,Hillcrest,Hidden Opportunity,Hidden Opportunity,True
M142,Buttered Corn,L11,Beachfront,Hidden Opportunity,Hidden Opportunity,True
M082,Jeera Rice,L13,Hillcrest,Low Performer,Low Performer,True
M105,Shrimp Scampi,L13,Hillcrest,Hidden Opportunity,Hidden Opportunity,True
M001,Truffle Fries,L01,Downtown,Hidden Opportunity,Hidden Opportunity,True
M134,Berry Smoothie,L15,Central Station,Hidden Opportunity,Hidden Opportunity,True
M043,Beef Short Ribs,L19,Silver Heights,Hidden Opportunity,Hidden Opportunity,True
M045,Mixed Grill,L19,Silver Heights,Low Performer,Low Performer,True
M046,Margherita Pizza,L19,Silver Heights,Hidden Opportunity,Hidden Opportunity,True
M047,Pepperoni Pizza,L19,Silver Heights,Hidden Opportunity,Hidden Opportunity,True
M048,Truffle Carbonara,L19,Silver Heights,Low Performer,Low Performer,True
M049,Four Cheese Pasta,L19,Silver Heights,Low Performer,Low Performer,True
M050,BBQ Chicken Pizza,L19,Silver Heights,Hidden Opportunity,Hidden Opportunity,True
M051,Veggie Supreme Pizza,L19,Silver Heights,Hidden Opportunity,Hidden Opportunity,True
M042,Grilled Veg Platter,L19,Silver Heights,Hidden Opportunity,Hidden Opportunity,True
M052,Spaghetti Bolognese,L19,Silver Heights,Low Performer,Low Performer,True
M054,Lasagne al Forno,L19,Silver Heights,Hidden Opportunity,Hidden Opportunity,True
M055,Meat Feast Pizza,L19,Silver Heights,Hidden Opportunity,Hidden Opportunity,True
M056,Hawaiian Pizza,L19,Silver Heights,Hidden Opportunity,Hidden Opportunity,True
M057,Mushroom Pizza,L19,Silver Heights,Low Performer,Low Performer,True
M058,Seafood Linguine,L19,Silver Heights,Profit Driver,Profit Driver,True
M059,Mac and Cheese,L19,Silver Heights,Hidden Opportunity,Hidden Opportunity,True
M060,Pesto Pasta,L19,Silver Heights,Hidden Opportunity,Hidden Opportunity,True
M061,Classic Beef Burger,L19,Silver Heights,Hidden Opportunity,Hidden Opportunity,True
M053,Penne Arrabbiata,L19,Silver Heights,Hidden Opportunity,Hidden Opportunity,True
M041,Chicken Tikka Skewers,L19,Silver Heights,Low Performer,Low Performer,True
M040,Smoked Sausage Plate,L19,Silver Heights,Low Performer,Low Performer,True
M039,Char-Grilled Steak,L19,Silver Heights,Low Performer,Low Performer,True
M019,Mushroom Risotto,L19,Silver Heights,Hidden Opportunity,Hidden Opportunity,True
M020,Beef Stroganoff,L19,Silver Heights,Low Performer,Low Performer,True
M021,Chicken Alfredo,L19,Silver Heights,Hidden Opportunity,Hidden Opportunity,True
M022,Lamb Rogan Josh,L19,Silver Heights,Hidden Opportunity,Hidden Opportunity,True
M023,Thai Green Curry,L19,Silver Heights,Low Performer,Low Performer,True
M024,Roast Chicken,L19,Silver Heights,Hidden Opportunity,Hidden Opportunity,True
M026,Duck Confit,L19,Silver Heights,Low Performer,Low Performer,True
M027,Vegetable Korma,L19,Silver Heights,Low Performer,Low Performer,True
M028,Chicken Parmesan,L19,Silver Heights,Hidden Opportunity,Hidden Opportunity,True
M029,Pan-Seared Steak,L19,Silver Heights,Profit Driver,Profit Driver,True
M030,Paneer Tikka Masala,L19,Silver Heights,Hidden Opportunity,Hidden Opportunity,True
M031,Smoked Brisket,L19,Silver Heights,Hidden Opportunity,Hidden Opportunity,True
M032,BBQ Ribs Full Rack,L19,Silver Heights,Hidden Opportunity,Hidden Opportunity,True
M033,Peri Peri Chicken,L19,Silver Heights,Low Performer,Low Performer,True
M034,Lamb Chops,L19,Silver Heights,Hidden Opportunity,Hidden Opportunity,True
M035,Grilled Kebab Platter,L19,Silver Heights,Low Performer,Low Performer,True
M036,Tandoori Chicken,L19,Silver Heights,Hidden Opportunity,Hidden Opportunity,True
M037,BBQ Pulled Pork,L19,Silver Heights,Hidden Opportunity,Hidden Opportunity,True
M038,Grilled Lamb Skewers,L19,Silver Heights,Low Performer,Low Performer,True
M062,Cheeseburger Deluxe,L19,Silver Heights,Low Performer,Low Performer,True
M063,Crispy Chicken Burger,L19,Silver Heights,Low Performer,Low Performer,True
M064,Double Bacon Burger,L19,Silver Heights,Low Performer,Low Performer,True
M065,Veggie Burger,L19,Silver Heights,Hidden Opportunity,Hidden Opportunity,True
M090,Steamed Basmati,L19,Silver Heights,Hidden Opportunity,Hidden Opportunity,True
M091,Grilled Prawns,L19,Silver Heights,Hidden Opportunity,Hidden Opportunity,True
M092,Fish and Chips,L19,Silver Heights,Hidden Opportunity,Hidden Opportunity,True
M093,Butter Garlic Shrimp,L19,Silver Heights,Hidden Opportunity,Hidden Opportunity,True
M094,Crab Cakes,L19,Silver Heights,Low Performer,Low Performer,True
M095,Lobster Thermidor,L19,Silver Heights,Hidden Opportunity,Hidden Opportunity,True
M096,Fried Calamari,L19,Silver Heights,Low Performer,Low Performer,True
M097,Grilled Octopus,L19,Silver Heights,Hidden Opportunity,Hidden Opportunity,True
M098,Seafood Platter,L19,Silver Heights,Hidden Opportunity,Hidden Opportunity,True
M099,Salmon Teriyaki,L19,Silver Heights,Low Performer,Low Performer,True
M100,Prawn Curry,L19,Silver Heights,Low Performer,Low Performer,True
M101,Baked Cod,L19,Silver Heights,Low Performer,Low Performer,True
M102,Mussels Marinara,L19,Silver Heights,Hidden Opportunity,Hidden Opportunity,True
M103,Tuna Steak,L19,Silver Heights,Profit Driver,Profit Driver,True
M104,Fish Tacos,L19,Silver Heights,Hidden Opportunity,Hidden Opportunity,True
M105,Shrimp Scampi,L19,Silver Heights,Hidden Opportunity,Hidden Opportunity,True
M106,Molten Lava Cake,L19,Silver Heights,Low Performer,Low Performer,True
M107,New York Cheesecake,L19,Silver Heights,Low Performer,Low Performer,True
M108,Gelato Trio,L19,Silver Heights,Low Performer,Low Performer,True
M089,Hyderabadi Biryani,L19,Silver Heights,Hidden Opportunity,Hidden Opportunity,True
M017,Butter Chicken,L19,Silver Heights,Hidden Opportunity,Hidden Opportunity,True
M087,Kabuli Pulao,L19,Silver Heights,Hidden Opportunity,Hidden Opportunity,True
M085,Vegetable Pulao,L19,Silver Heights,Volume Driver,Volume Driver,True
M066,Pulled Pork Sandwich,L19,Silver Heights,Low Performer,Low Performer,True
M067,Club Sandwich,L19,Silver Heights,Profit Driver,Profit Driver,True
M068,Grilled Chicken Wrap,L19,Silver Heights,Low Performer,Low Performer,True
M069,Fish Burger,L19,Silver Heights,Hidden Opportunity,Hidden Opportunity,True
M070,Steak Sandwich,L19,Silver Heights,Hidden Opportunity,Hidden Opportunity,True
M071,Falafel Wrap,L19,Silver Heights,Hidden Opportunity,Hidden Opportunity,True
M072,Philly Cheesesteak,L19,Silver Heights,Low Performer,Low Performer,True
M073,BBQ Bacon Burger,L19,Silver Heights,Hidden Opportunity,Hidden Opportunity,True
M074,Spicy Zinger Burger,L19,Silver Heights,Hidden Opportunity,Hidden Opportunity,True
M075,Halloumi Burger,L19,Silver Heights,Low Performer,Low Performer,True
M076,Chicken Biryani,L19,Silver Heights,Low Performer,Low Performer,True
M077,Mutton Biryani,L19,Silver Heights,Hidden Opportunity,Hidden Opportunity,True
M078,Veg Biryani,L19,Silver Heights,Low Performer,Low Performer,True
M079,Egg Fried Rice,L19,Silver Heights,Hidden Opportunity,Hidden Opportunity,True
M080,Chicken Fried Rice,L19,Silver Heights,Hidden Opportunity,Hidden Opportunity,True
M081,Prawn Biryani,L19,Silver Heights,Hidden Opportunity,Hidden Opportunity,True
M082,Jeera Rice,L19,Silver Heights,Low Performer,Low Performer,True
M083,Mushroom Rice,L19,Silver Heights,Hidden Opportunity,Hidden Opportunity,True
M084,Beef Pulao,L19,Silver Heights,Low Performer,Low Performer,True
M086,Schezwan Fried Rice,L19,Silver Heights,Hidden Opportunity,Hidden Opportunity,True
M109,Tiramisu,L19,Silver Heights,Hidden Opportunity,Hidden Opportunity,True
M016,Signature Ribeye,L19,Silver Heights,Low Performer,Low Performer,True
M014,Caesar Salad,L19,Silver Heights,Low Performer,Low Performer,True
M100,Prawn Curry,L18,Business Bay,Low Performer,Low Performer,True
M101,Baked Cod,L18,Business Bay,Low Performer,Low Performer,True
M102,Mussels Marinara,L18,Business Bay,Hidden Opportunity,Hidden Opportunity,True
M103,Tuna Steak,L18,Business Bay,Profit Driver,Profit Driver,True
M104,Fish Tacos,L18,Business Bay,Hidden Opportunity,Hidden Opportunity,True
M105,Shrimp Scampi,L18,Business Bay,Hidden Opportunity,Hidden Opportunity,True
M106,Molten Lava Cake,L18,Business Bay,Low Performer,Low Performer,True
M107,New York Cheesecake,L18,Business Bay,Low Performer,Low Performer,True
M099,Salmon Teriyaki,L18,Business Bay,Low Performer,Low Performer,True
M108,Gelato Trio,L18,Business Bay,Low Performer,Low Performer,True
M110,Chocolate Brownie,L18,Business Bay,Low Performer,Low Performer,True
M111,Creme Brulee,L18,Business Bay,Low Performer,Low Performer,True
M112,Apple Pie,L18,Business Bay,Low Performer,Low Performer,True
M113,Sticky Toffee Pudding,L18,Business Bay,Hidden Opportunity,Hidden Opportunity,True
M114,Banoffee Pie,L18,Business Bay,Low Performer,Low Performer,True
M115,Panna Cotta,L18,Business Bay,Hidden Opportunity,Hidden Opportunity,True
M116,Fruit Tart,L18,Business Bay,Low Performer,Low Performer,True
M117,Ice Cream Sundae,L18,Business Bay,Hidden Opportunity,Hidden Opportunity,True
M109,Tiramisu,L18,Business Bay,Hidden Opportunity,Hidden Opportunity,True
M098,Seafood Platter,L18,Business Bay,Hidden Opportunity,Hidden Opportunity,True
M097,Grilled Octopus,L18,Business Bay,Hidden Opportunity,Hidden Opportunity,True
M096,Fried Calamari,L18,Business Bay,Low Performer,Low Performer,True
M077,Mutton Biryani,L18,Business Bay,Hidden Opportunity,Hidden Opportunity,True
M078,Veg Biryani,L18,Business Bay,Low Performer,Low Performer,True
M079,Egg Fried Rice,L18,Business Bay,Hidden Opportunity,Hidden Opportunity,True
M080,Chicken Fried Rice,L18,Business Bay,Hidden Opportunity,Hidden Opportunity,True
M081,Prawn Biryani,L18,Business Bay,Hidden Opportunity,Hidden Opportunity,True
M082,Jeera Rice,L18,Business Bay,Low Performer,Low Performer,True
M083,Mushroom Rice,L18,Business Bay,Hidden Opportunity,Hidden Opportunity,True
M084,Beef Pulao,L18,Business Bay,Low Performer,Low Performer,True
M085,Vegetable Pulao,L18,Business Bay,Volume Driver,Volume Driver,True
M086,Schezwan Fried Rice,L18,Business Bay,Hidden Opportunity,Hidden Opportunity,True
M087,Kabuli Pulao,L18,Business Bay,Hidden Opportunity,Hidden Opportunity,True
M088,Lemon Rice,L18,Business Bay,Hidden Opportunity,Hidden Opportunity,True
M089,Hyderabadi Biryani,L18,Business Bay,Hidden Opportunity,Hidden Opportunity,True
M090,Steamed Basmati,L18,Business Bay,Hidden Opportunity,Hidden Opportunity,True
M091,Grilled Prawns,L18,Business Bay,Hidden Opportunity,Hidden Opportunity,True
M092,Fish and Chips,L18,Business Bay,Hidden Opportunity,Hidden Opportunity,True
M093,Butter Garlic Shrimp,L18,Business Bay,Hidden Opportunity,Hidden Opportunity,True
M094,Crab Cakes,L18,Business Bay,Volume Driver,Volume Driver,True
M095,Lobster Thermidor,L18,Business Bay,Hidden Opportunity,Hidden Opportunity,True
M118,Baklava,L18,Business Bay,Volume Driver,Volume Driver,True
M119,Carrot Cake,L18,Business Bay,Hidden Opportunity,Hidden Opportunity,True
M120,Red Velvet Slice,L18,Business Bay,Hidden Opportunity,Hidden Opportunity,True
M121,Fresh Lemonade,L18,Business Bay,Hidden Opportunity,Hidden Opportunity,True
M145,Rice Bowl,L18,Business Bay,Hidden Opportunity,Hidden Opportunity,True
M146,Pita Bread,L18,Business Bay,Hidden Opportunity,Hidden Opportunity,True
M147,Grilled Corn,L18,Business Bay,Hidden Opportunity,Hidden Opportunity,True
M148,Extra Cheese,L18,Business Bay,Hidden Opportunity,Hidden Opportunity,True
M149,Dinner Roll,L18,Business Bay,Low Performer,Low Performer,True
M150,Pickle Plate,L18,Business Bay,Low Performer,Low Performer,True
M001,Truffle Fries,L19,Silver Heights,Hidden Opportunity,Hidden Opportunity,True
M002,Loaded Nachos,L19,Silver Heights,Hidden Opportunity,Hidden Opportunity,True
M003,Soup of the Day,L19,Silver Heights,Low Performer,Low Performer,True
M004,Calamari Rings,L19,Silver Heights,Low Performer,Low Performer,True
M005,Chicken Wings,L19,Silver Heights,Low Performer,Low Performer,True
M006,Spring Rolls,L19,Silver Heights,Hidden Opportunity,Hidden Opportunity,True
M007,Garlic Bread,L19,Silver Heights,Low Performer,Low Performer,True
M008,Bruschetta,L19,Silver Heights,Low Performer,Low Performer,True
M009,Hummus Platter,L19,Silver Heights,Volume Driver,Volume Driver,True
M010,Stuffed Mushrooms,L19,Silver Heights,Hidden Opportunity,Hidden Opportunity,True
M011,Cheese Sticks,L19,Silver Heights,Low Performer,Low Performer,True
M012,Onion Rings,L19,Silver Heights,Low Performer,Low Performer,True
M013,Prawn Tempura,L19,Silver Heights,Low Performer,Low Performer,True
M144,Sweet Potato Fries,L18,Business Bay,Hidden Opportunity,Hidden Opportunity,True
M015,Greek Salad,L19,Silver Heights,Low Performer,Low Performer,True
M143,Cheese Dip,L18,Business Bay,Low Performer,Low Performer,True
M141,Garlic Naan,L18,Business Bay,Profit Driver,Profit Driver,True
M122,Craft Cold Brew,L18,Business Bay,Hidden Opportunity,Hidden Opportunity,True
M123,Mango Smoothie,L18,Business Bay,Hidden Opportunity,Hidden Opportunity,True
M124,Iced Latte,L18,Business Bay,Low Performer,Low Performer,True
M125,Masala Chai,L18,Business Bay,Hidden Opportunity,Hidden Opportunity,True
M126,Fresh Orange Juice,L18,Business Bay,Hidden Opportunity,Hidden Opportunity,True
M127,Sparkling Water,L18,Business Bay,Hidden Opportunity,Hidden Opportunity,True
M128,Cappuccino,L18,Business Bay,Low Performer,Low Performer,True
M129,Strawberry Milkshake,L18,Business Bay,Hidden Opportunity,Hidden Opportunity,True
M130,Green Tea,L18,Business Bay,Hidden Opportunity,Hidden Opportunity,True
M131,Coca-Cola,L18,Business Bay,Hidden Opportunity,Hidden Opportunity,True
M132,Virgin Mojito,L18,Business Bay,Hidden Opportunity,Hidden Opportunity,True
M133,Espresso,L18,Business Bay,Low Performer,Low Performer,True
M134,Berry Smoothie,L18,Business Bay,Hidden Opportunity,Hidden Opportunity,True
M135,Salted Caramel Frappe,L18,Business Bay,Hidden Opportunity,Hidden Opportunity,True
M136,French Fries,L18,Business Bay,Low Performer,Low Performer,True
M137,Mashed Potatoes,L18,Business Bay,Low Performer,Low Performer,True
M138,Steamed Vegetables,L18,Business Bay,Hidden Opportunity,Hidden Opportunity,True
M139,Coleslaw,L18,Business Bay,Low Performer,Low Performer,True
M140,Side Salad,L18,Business Bay,Volume Driver,Volume Driver,True
M142,Buttered Corn,L18,Business Bay,Hidden Opportunity,Hidden Opportunity,True
M110,Chocolate Brownie,L19,Silver Heights,Low Performer,Low Performer,True
M111,Creme Brulee,L19,Silver Heights,Low Performer,Low Performer,True
M112,Apple Pie,L19,Silver Heights,Low Performer,Low Performer,True
M082,Jeera Rice,L20,Palm Court,Low Performer,Low Performer,True
M083,Mushroom Rice,L20,Palm Court,Hidden Opportunity,Hidden Opportunity,True
M084,Beef Pulao,L20,Palm Court,Low Performer,Low Performer,True
M085,Vegetable Pulao,L20,Palm Court,Volume Driver,Volume Driver,True
M086,Schezwan Fried Rice,L20,Palm Court,Hidden Opportunity,Hidden Opportunity,True
M087,Kabuli Pulao,L20,Palm Court,Hidden Opportunity,Hidden Opportunity,True
M088,Lemon Rice,L20,Palm Court,Hidden Opportunity,Hidden Opportunity,True
M089,Hyderabadi Biryani,L20,Palm Court,Hidden Opportunity,Hidden Opportunity,True
M081,Prawn Biryani,L20,Palm Court,Hidden Opportunity,Hidden Opportunity,True
M090,Steamed Basmati,L20,Palm Court,Hidden Opportunity,Hidden Opportunity,True
M092,Fish and Chips,L20,Palm Court,Hidden Opportunity,Hidden Opportunity,True
M093,Butter Garlic Shrimp,L20,Palm Court,Hidden Opportunity,Hidden Opportunity,True
M095,Lobster Thermidor,L20,Palm Court,Hidden Opportunity,Hidden Opportunity,True
M096,Fried Calamari,L20,Palm Court,Low Performer,Low Performer,True
M097,Grilled Octopus,L20,Palm Court,Hidden Opportunity,Hidden Opportunity,True
M098,Seafood Platter,L20,Palm Court,Hidden Opportunity,Hidden Opportunity,True
M099,Salmon Teriyaki,L20,Palm Court,Low Performer,Low Performer,True
M100,Prawn Curry,L20,Palm Court,Low Performer,Low Performer,True
M091,Grilled Prawns,L20,Palm Court,Hidden Opportunity,Hidden Opportunity,True
M080,Chicken Fried Rice,L20,Palm Court,Hidden Opportunity,Hidden Opportunity,True
M079,Egg Fried Rice,L20,Palm Court,Hidden Opportunity,Hidden Opportunity,True
M078,Veg Biryani,L20,Palm Court,Low Performer,Low Performer,True
M059,Mac and Cheese,L20,Palm Court,Hidden Opportunity,Hidden Opportunity,True
M060,Pesto Pasta,L20,Palm Court,Profit Driver,Profit Driver,True
M061,Classic Beef Burger,L20,Palm Court,Hidden Opportunity,Hidden Opportunity,True
M062,Cheeseburger Deluxe,L20,Palm Court,Low Performer,Low Performer,True
M063,Crispy Chicken Burger,L20,Palm Court,Low Performer,Low Performer,True
M064,Double Bacon Burger,L20,Palm Court,Low Performer,Low Performer,True
M065,Veggie Burger,L20,Palm Court,Hidden Opportunity,Hidden Opportunity,True
M066,Pulled Pork Sandwich,L20,Palm Court,Low Performer,Low Performer,True
M067,Club Sandwich,L20,Palm Court,Profit Driver,Profit Driver,True
M068,Grilled Chicken Wrap,L20,Palm Court,Low Performer,Low Performer,True
M069,Fish Burger,L20,Palm Court,Hidden Opportunity,Hidden Opportunity,True
M070,Steak Sandwich,L20,Palm Court,Hidden Opportunity,Hidden Opportunity,True
M071,Falafel Wrap,L20,Palm Court,Hidden Opportunity,Hidden Opportunity,True
M072,Philly Cheesesteak,L20,Palm Court,Low Performer,Low Performer,True
M073,BBQ Bacon Burger,L20,Palm Court,Hidden Opportunity,Hidden Opportunity,True
M074,Spicy Zinger Burger,L20,Palm Court,Hidden Opportunity,Hidden Opportunity,True
M075,Halloumi Burger,L20,Palm Court,Low Performer,Low Performer,True
M076,Chicken Biryani,L20,Palm Court,Low Performer,Low Performer,True
M077,Mutton Biryani,L20,Palm Court,Hidden Opportunity,Hidden Opportunity,True
M101,Baked Cod,L20,Palm Court,Low Performer,Low Performer,True
M102,Mussels Marinara,L20,Palm Court,Hidden Opportunity,Hidden Opportunity,True
M103,Tuna Steak,L20,Palm Court,Hidden Opportunity,Hidden Opportunity,True
M104,Fish Tacos,L20,Palm Court,Profit Driver,Profit Driver,True
M129,Strawberry Milkshake,L20,Palm Court,Hidden Opportunity,Hidden Opportunity,True
M130,Green Tea,L20,Palm Court,Hidden Opportunity,Hidden Opportunity,True
M131,Coca-Cola,L20,Palm Court,Low Performer,Low Performer,True
M132,Virgin Mojito,L20,Palm Court,Hidden Opportunity,Hidden Opportunity,True
M133,Espresso,L20,Palm Court,Low Performer,Low Performer,True
M134,Berry Smoothie,L20,Palm Court,Hidden Opportunity,Hidden Opportunity,True
M135,Salted Caramel Frappe,L20,Palm Court,Hidden Opportunity,Hidden Opportunity,True
M136,French Fries,L20,Palm Court,Low Performer,Low Performer,True
M137,Mashed Potatoes,L20,Palm Court,Low Performer,Low Performer,True
M138,Steamed Vegetables,L20,Palm Court,Hidden Opportunity,Hidden Opportunity,True
M139,Coleslaw,L20,Palm Court,Low Performer,Low Performer,True
M140,Side Salad,L20,Palm Court,Volume Driver,Volume Driver,True
M141,Garlic Naan,L20,Palm Court,Profit Driver,Profit Driver,True
M142,Buttered Corn,L20,Palm Court,Hidden Opportunity,Hidden Opportunity,True
M143,Cheese Dip,L20,Palm Court,Low Performer,Low Performer,True
M144,Sweet Potato Fries,L20,Palm Court,Hidden Opportunity,Hidden Opportunity,True
M146,Pita Bread,L20,Palm Court,Hidden Opportunity,Hidden Opportunity,True
M147,Grilled Corn,L20,Palm Court,Hidden Opportunity,Hidden Opportunity,True
M148,Extra Cheese,L20,Palm Court,Hidden Opportunity,Hidden Opportunity,True
M128,Cappuccino,L20,Palm Court,Low Performer,Low Performer,True
M058,Seafood Linguine,L20,Palm Court,Hidden Opportunity,Hidden Opportunity,True
M127,Sparkling Water,L20,Palm Court,Hidden Opportunity,Hidden Opportunity,True
M125,Masala Chai,L20,Palm Court,Hidden Opportunity,Hidden Opportunity,True
M105,Shrimp Scampi,L20,Palm Court,Hidden Opportunity,Hidden Opportunity,True
M106,Molten Lava Cake,L20,Palm Court,Low Performer,Low Performer,True
M107,New York Cheesecake,L20,Palm Court,Low Performer,Low Performer,True
M108,Gelato Trio,L20,Palm Court,Low Performer,Low Performer,True
M109,Tiramisu,L20,Palm Court,Hidden Opportunity,Hidden Opportunity,True
M110,Chocolate Brownie,L20,Palm Court,Low Performer,Low Performer,True
M111,Creme Brulee,L20,Palm Court,Low Performer,Low Performer,True
M112,Apple Pie,L20,Palm Court,Low Performer,Low Performer,True
M113,Sticky Toffee Pudding,L20,Palm Court,Hidden Opportunity,Hidden Opportunity,True
M114,Banoffee Pie,L20,Palm Court,Low Performer,Low Performer,True
M115,Panna Cotta,L20,Palm Court,Hidden Opportunity,Hidden Opportunity,True
M116,Fruit Tart,L20,Palm Court,Low Performer,Low Performer,True
M117,Ice Cream Sundae,L20,Palm Court,Hidden Opportunity,Hidden Opportunity,True
M119,Carrot Cake,L20,Palm Court,Hidden Opportunity,Hidden Opportunity,True
M120,Red Velvet Slice,L20,Palm Court,Hidden Opportunity,Hidden Opportunity,True
M121,Fresh Lemonade,L20,Palm Court,Hidden Opportunity,Hidden Opportunity,True
M122,Craft Cold Brew,L20,Palm Court,Hidden Opportunity,Hidden Opportunity,True
M123,Mango Smoothie,L20,Palm Court,Low Performer,Low Performer,True
M124,Iced Latte,L20,Palm Court,Low Performer,Low Performer,True
M126,Fresh Orange Juice,L20,Palm Court,Hidden Opportunity,Hidden Opportunity,True
M057,Mushroom Pizza,L20,Palm Court,Low Performer,Low Performer,True
M056,Hawaiian Pizza,L20,Palm Court,Hidden Opportunity,Hidden Opportunity,True
M055,Meat Feast Pizza,L20,Palm Court,Hidden Opportunity,Hidden Opportunity,True
M137,Mashed Potatoes,L19,Silver Heights,Low Performer,Low Performer,True
M138,Steamed Vegetables,L19,Silver Heights,Hidden Opportunity,Hidden Opportunity,True
M139,Coleslaw,L19,Silver Heights,Low Performer,Low Performer,True
M140,Side Salad,L19,Silver Heights,Volume Driver,Volume Driver,True
M141,Garlic Naan,L19,Silver Heights,Profit Driver,Profit Driver,True
M142,Buttered Corn,L19,Silver Heights,Hidden Opportunity,Hidden Opportunity,True
M143,Cheese Dip,L19,Silver Heights,Low Performer,Low Performer,True
M144,Sweet Potato Fries,L19,Silver Heights,Hidden Opportunity,Hidden Opportunity,True
M146,Pita Bread,L19,Silver Heights,Hidden Opportunity,Hidden Opportunity,True
M147,Grilled Corn,L19,Silver Heights,Hidden Opportunity,Hidden Opportunity,True
M148,Extra Cheese,L19,Silver Heights,Hidden Opportunity,Hidden Opportunity,True
M149,Dinner Roll,L19,Silver Heights,Low Performer,Low Performer,True
M150,Pickle Plate,L19,Silver Heights,Low Performer,Low Performer,True
M001,Truffle Fries,L20,Palm Court,Hidden Opportunity,Hidden Opportunity,True
M002,Loaded Nachos,L20,Palm Court,Hidden Opportunity,Hidden Opportunity,True
M003,Soup of the Day,L20,Palm Court,Low Performer,Low Performer,True
M004,Calamari Rings,L20,Palm Court,Low Performer,Low Performer,True
M005,Chicken Wings,L20,Palm Court,Low Performer,Low Performer,True
M006,Spring Rolls,L20,Palm Court,Hidden Opportunity,Hidden Opportunity,True
M136,French Fries,L19,Silver Heights,Low Performer,Low Performer,True
M007,Garlic Bread,L20,Palm Court,Low Performer,Low Performer,True
M135,Salted Caramel Frappe,L19,Silver Heights,Hidden Opportunity,Hidden Opportunity,True
M133,Espresso,L19,Silver Heights,Low Performer,Low Performer,True
M113,Sticky Toffee Pudding,L19,Silver Heights,Hidden Opportunity,Hidden Opportunity,True
M114,Banoffee Pie,L19,Silver Heights,Low Performer,Low Performer,True
M115,Panna Cotta,L19,Silver Heights,Hidden Opportunity,Hidden Opportunity,True
M116,Fruit Tart,L19,Silver Heights,Low Performer,Low Performer,True
M117,Ice Cream Sundae,L19,Silver Heights,Hidden Opportunity,Hidden Opportunity,True
M118,Baklava,L19,Silver Heights,Volume Driver,Volume Driver,True
M119,Carrot Cake,L19,Silver Heights,Hidden Opportunity,Hidden Opportunity,True
M120,Red Velvet Slice,L19,Silver Heights,Hidden Opportunity,Hidden Opportunity,True
M121,Fresh Lemonade,L19,Silver Heights,Hidden Opportunity,Hidden Opportunity,True
M122,Craft Cold Brew,L19,Silver Heights,Hidden Opportunity,Hidden Opportunity,True
M123,Mango Smoothie,L19,Silver Heights,Low Performer,Low Performer,True
M125,Masala Chai,L19,Silver Heights,Hidden Opportunity,Hidden Opportunity,True
M126,Fresh Orange Juice,L19,Silver Heights,Hidden Opportunity,Hidden Opportunity,True
M127,Sparkling Water,L19,Silver Heights,Hidden Opportunity,Hidden Opportunity,True
M128,Cappuccino,L19,Silver Heights,Low Performer,Low Performer,True
M129,Strawberry Milkshake,L19,Silver Heights,Profit Driver,Profit Driver,True
M130,Green Tea,L19,Silver Heights,Hidden Opportunity,Hidden Opportunity,True
M131,Coca-Cola,L19,Silver Heights,Low Performer,Low Performer,True
M132,Virgin Mojito,L19,Silver Heights,Hidden Opportunity,Hidden Opportunity,True
M134,Berry Smoothie,L19,Silver Heights,Hidden Opportunity,Hidden Opportunity,True
M076,Chicken Biryani,L18,Business Bay,Low Performer,Low Performer,True
M008,Bruschetta,L20,Palm Court,Low Performer,Low Performer,True
M011,Cheese Sticks,L20,Palm Court,Low Performer,Low Performer,True
M036,Tandoori Chicken,L20,Palm Court,Hidden Opportunity,Hidden Opportunity,True
M037,BBQ Pulled Pork,L20,Palm Court,Hidden Opportunity,Hidden Opportunity,True
M038,Grilled Lamb Skewers,L20,Palm Court,Low Performer,Low Performer,True
M039,Char-Grilled Steak,L20,Palm Court,Low Performer,Low Performer,True
M040,Smoked Sausage Plate,L20,Palm Court,Low Performer,Low Performer,True
M041,Chicken Tikka Skewers,L20,Palm Court,Low Performer,Low Performer,True
M042,Grilled Veg Platter,L20,Palm Court,Hidden Opportunity,Hidden Opportunity,True
M043,Beef Short Ribs,L20,Palm Court,Hidden Opportunity,Hidden Opportunity,True
M044,Spicy Buffalo Wings,L20,Palm Court,Volume Driver,Volume Driver,True
M045,Mixed Grill,L20,Palm Court,Low Performer,Low Performer,True
M046,Margherita Pizza,L20,Palm Court,Hidden Opportunity,Hidden Opportunity,True
M047,Pepperoni Pizza,L20,Palm Court,Hidden Opportunity,Hidden Opportunity,True
M048,Truffle Carbonara,L20,Palm Court,Low Performer,Low Performer,True
M049,Four Cheese Pasta,L20,Palm Court,Low Performer,Low Performer,True
M050,BBQ Chicken Pizza,L20,Palm Court,Hidden Opportunity,Hidden Opportunity,True
M051,Veggie Supreme Pizza,L20,Palm Court,Hidden Opportunity,Hidden Opportunity,True
M052,Spaghetti Bolognese,L20,Palm Court,Low Performer,Low Performer,True
M053,Penne Arrabbiata,L20,Palm Court,Hidden Opportunity,Hidden Opportunity,True
M054,Lasagne al Forno,L20,Palm Court,Hidden Opportunity,Hidden Opportunity,True
M035,Grilled Kebab Platter,L20,Palm Court,Low Performer,Low Performer,True
M010,Stuffed Mushrooms,L20,Palm Court,Hidden Opportunity,Hidden Opportunity,True
M034,Lamb Chops,L20,Palm Court,Hidden Opportunity,Hidden Opportunity,True
M032,BBQ Ribs Full Rack,L20,Palm Court,Hidden Opportunity,Hidden Opportunity,True
M012,Onion Rings,L20,Palm Court,Low Performer,Low Performer,True
M013,Prawn Tempura,L20,Palm Court,Low Performer,Low Performer,True
M014,Caesar Salad,L20,Palm Court,Low Performer,Low Performer,True
M015,Greek Salad,L20,Palm Court,Low Performer,Low Performer,True
M016,Signature Ribeye,L20,Palm Court,Low Performer,Low Performer,True
M017,Butter Chicken,L20,Palm Court,Hidden Opportunity,Hidden Opportunity,True
M018,Grilled Salmon,L20,Palm Court,Hidden Opportunity,Hidden Opportunity,True
M019,Mushroom Risotto,L20,Palm Court,Hidden Opportunity,Hidden Opportunity,True
M020,Beef Stroganoff,L20,Palm Court,Low Performer,Low Performer,True
M021,Chicken Alfredo,L20,Palm Court,Hidden Opportunity,Hidden Opportunity,True
M022,Lamb Rogan Josh,L20,Palm Court,Hidden Opportunity,Hidden Opportunity,True
M023,Thai Green Curry,L20,Palm Court,Low Performer,Low Performer,True
M024,Roast Chicken,L20,Palm Court,Hidden Opportunity,Hidden Opportunity,True
M025,Beef Wellington,L20,Palm Court,Hidden Opportunity,Hidden Opportunity,True
M026,Duck Confit,L20,Palm Court,Volume Driver,Volume Driver,True
M027,Vegetable Korma,L20,Palm Court,Low Performer,Low Performer,True
M028,Chicken Parmesan,L20,Palm Court,Hidden Opportunity,Hidden Opportunity,True
M030,Paneer Tikka Masala,L20,Palm Court,Hidden Opportunity,Hidden Opportunity,True
M031,Smoked Brisket,L20,Palm Court,Hidden Opportunity,Hidden Opportunity,True
M033,Peri Peri Chicken,L20,Palm Court,Low Performer,Low Performer,True
M133,Espresso,L15,Central Station,Low Performer,Low Performer,True
M075,Halloumi Burger,L18,Business Bay,Low Performer,Low Performer,True
M073,BBQ Bacon Burger,L18,Business Bay,Hidden Opportunity,Hidden Opportunity,True
M106,Molten Lava Cake,L16,Green Valley,Low Performer,Low Performer,True
M107,New York Cheesecake,L16,Green Valley,Low Performer,Low Performer,True
M108,Gelato Trio,L16,Green Valley,Low Performer,Low Performer,True
M110,Chocolate Brownie,L16,Green Valley,Low Performer,Low Performer,True
M111,Creme Brulee,L16,Green Valley,Low Performer,Low Performer,True
M112,Apple Pie,L16,Green Valley,Low Performer,Low Performer,True
M114,Banoffee Pie,L16,Green Valley,Low Performer,Low Performer,True
M115,Panna Cotta,L16,Green Valley,Hidden Opportunity,Hidden Opportunity,True
M105,Shrimp Scampi,L16,Green Valley,Hidden Opportunity,Hidden Opportunity,True
M116,Fruit Tart,L16,Green Valley,Low Performer,Low Performer,True
M119,Carrot Cake,L16,Green Valley,Hidden Opportunity,Hidden Opportunity,True
M120,Red Velvet Slice,L16,Green Valley,Hidden Opportunity,Hidden Opportunity,True
M121,Fresh Lemonade,L16,Green Valley,Hidden Opportunity,Hidden Opportunity,True
M122,Craft Cold Brew,L16,Green Valley,Hidden Opportunity,Hidden Opportunity,True
M123,Mango Smoothie,L16,Green Valley,Low Performer,Low Performer,True
M124,Iced Latte,L16,Green Valley,Low Performer,Low Performer,True
M125,Masala Chai,L16,Green Valley,Hidden Opportunity,Hidden Opportunity,True
M127,Sparkling Water,L16,Green Valley,Low Performer,Low Performer,True
M117,Ice Cream Sundae,L16,Green Valley,Hidden Opportunity,Hidden Opportunity,True
M104,Fish Tacos,L16,Green Valley,Hidden Opportunity,Hidden Opportunity,True
M103,Tuna Steak,L16,Green Valley,Hidden Opportunity,Hidden Opportunity,True
M102,Mussels Marinara,L16,Green Valley,Hidden Opportunity,Hidden Opportunity,True
M083,Mushroom Rice,L16,Green Valley,Hidden Opportunity,Hidden Opportunity,True
M084,Beef Pulao,L16,Green Valley,Low Performer,Low Performer,True
M085,Vegetable Pulao,L16,Green Valley,Low Performer,Low Performer,True
M086,Schezwan Fried Rice,L16,Green Valley,Hidden Opportunity,Hidden Opportunity,True
M087,Kabuli Pulao,L16,Green Valley,Hidden Opportunity,Hidden Opportunity,True
M088,Lemon Rice,L16,Green Valley,Hidden Opportunity,Hidden Opportunity,True
M089,Hyderabadi Biryani,L16,Green Valley,Hidden Opportunity,Hidden Opportunity,True
M090,Steamed Basmati,L16,Green Valley,Hidden Opportunity,Hidden Opportunity,True
M091,Grilled Prawns,L16,Green Valley,Hidden Opportunity,Hidden Opportunity,True
M092,Fish and Chips,L16,Green Valley,Hidden Opportunity,Hidden Opportunity,True
M093,Butter Garlic Shrimp,L16,Green Valley,Hidden Opportunity,Hidden Opportunity,True
M094,Crab Cakes,L16,Green Valley,Low Performer,Low Performer,True
M095,Lobster Thermidor,L16,Green Valley,Hidden Opportunity,Hidden Opportunity,True
M096,Fried Calamari,L16,Green Valley,Low Performer,Low Performer,True
M097,Grilled Octopus,L16,Green Valley,Hidden Opportunity,Hidden Opportunity,True
M098,Seafood Platter,L16,Green Valley,Hidden Opportunity,Hidden Opportunity,True
M099,Salmon Teriyaki,L16,Green Valley,Low Performer,Low Performer,True
M100,Prawn Curry,L16,Green Valley,Low Performer,Low Performer,True
M101,Baked Cod,L16,Green Valley,Low Performer,Low Performer,True
M128,Cappuccino,L16,Green Valley,Low Performer,Low Performer,True
M129,Strawberry Milkshake,L16,Green Valley,Hidden Opportunity,Hidden Opportunity,True
M130,Green Tea,L16,Green Valley,Hidden Opportunity,Hidden Opportunity,True
M131,Coca-Cola,L16,Green Valley,Low Performer,Low Performer,True
M007,Garlic Bread,L17,University District,Low Performer,Low Performer,True
M008,Bruschetta,L17,University District,Hidden Opportunity,Hidden Opportunity,True
M009,Hummus Platter,L17,University District,Volume Driver,Volume Driver,True
M010,Stuffed Mushrooms,L17,University District,Hidden Opportunity,Hidden Opportunity,True
M011,Cheese Sticks,L17,University District,Low Performer,Low Performer,True
M012,Onion Rings,L17,University District,Low Performer,Low Performer,True
M013,Prawn Tempura,L17,University District,Low Performer,Low Performer,True
M014,Caesar Salad,L17,University District,Low Performer,Low Performer,True
M016,Signature Ribeye,L17,University District,Low Performer,Low Performer,True
M017,Butter Chicken,L17,University District,Hidden Opportunity,Hidden Opportunity,True
M019,Mushroom Risotto,L17,University District,Hidden Opportunity,Hidden Opportunity,True
M020,Beef Stroganoff,L17,University District,Low Performer,Low Performer,True
M021,Chicken Alfredo,L17,University District,Hidden Opportunity,Hidden Opportunity,True
M022,Lamb Rogan Josh,L17,University District,Hidden Opportunity,Hidden Opportunity,True
M023,Thai Green Curry,L17,University District,Low Performer,Low Performer,True
M024,Roast Chicken,L17,University District,Hidden Opportunity,Hidden Opportunity,True
M026,Duck Confit,L17,University District,Low Performer,Low Performer,True
M028,Chicken Parmesan,L17,University District,Hidden Opportunity,Hidden Opportunity,True
M029,Pan-Seared Steak,L17,University District,Profit Driver,Profit Driver,True
M006,Spring Rolls,L17,University District,Hidden Opportunity,Hidden Opportunity,True
M082,Jeera Rice,L16,Green Valley,Low Performer,Low Performer,True
M005,Chicken Wings,L17,University District,Low Performer,Low Performer,True
M003,Soup of the Day,L17,University District,Low Performer,Low Performer,True
M132,Virgin Mojito,L16,Green Valley,Hidden Opportunity,Hidden Opportunity,True
M133,Espresso,L16,Green Valley,Low Performer,Low Performer,True
M134,Berry Smoothie,L16,Green Valley,Hidden Opportunity,Hidden Opportunity,True
M135,Salted Caramel Frappe,L16,Green Valley,Hidden Opportunity,Hidden Opportunity,True
M136,French Fries,L16,Green Valley,Low Performer,Low Performer,True
M137,Mashed Potatoes,L16,Green Valley,Low Performer,Low Performer,True
M139,Coleslaw,L16,Green Valley,Low Performer,Low Performer,True
M140,Side Salad,L16,Green Valley,Low Performer,Low Performer,True
M142,Buttered Corn,L16,Green Valley,Hidden Opportunity,Hidden Opportunity,True
M143,Cheese Dip,L16,Green Valley,Low Performer,Low Performer,True
M144,Sweet Potato Fries,L16,Green Valley,Hidden Opportunity,Hidden Opportunity,True
M145,Rice Bowl,L16,Green Valley,Low Performer,Low Performer,True
M146,Pita Bread,L16,Green Valley,Hidden Opportunity,Hidden Opportunity,True
M147,Grilled Corn,L16,Green Valley,Hidden Opportunity,Hidden Opportunity,True
M148,Extra Cheese,L16,Green Valley,Hidden Opportunity,Hidden Opportunity,True
M149,Dinner Roll,L16,Green Valley,Low Performer,Low Performer,True
M150,Pickle Plate,L16,Green Valley,Low Performer,Low Performer,True
M001,Truffle Fries,L17,University District,Hidden Opportunity,Hidden Opportunity,True
M002,Loaded Nachos,L17,University District,Hidden Opportunity,Hidden Opportunity,True
M004,Calamari Rings,L17,University District,Low Performer,Low Performer,True
M031,Smoked Brisket,L17,University District,Hidden Opportunity,Hidden Opportunity,True
M081,Prawn Biryani,L16,Green Valley,Hidden Opportunity,Hidden Opportunity,True
M079,Egg Fried Rice,L16,Green Valley,Hidden Opportunity,Hidden Opportunity,True
M013,Prawn Tempura,L16,Green Valley,Low Performer,Low Performer,True
M014,Caesar Salad,L16,Green Valley,Low Performer,Low Performer,True
M015,Greek Salad,L16,Green Valley,Low Performer,Low Performer,True
M016,Signature Ribeye,L16,Green Valley,Low Performer,Low Performer,True
M017,Butter Chicken,L16,Green Valley,Hidden Opportunity,Hidden Opportunity,True
M018,Grilled Salmon,L16,Green Valley,Hidden Opportunity,Hidden Opportunity,True
M019,Mushroom Risotto,L16,Green Valley,Hidden Opportunity,Hidden Opportunity,True
M020,Beef Stroganoff,L16,Green Valley,Low Performer,Low Performer,True
M012,Onion Rings,L16,Green Valley,Low Performer,Low Performer,True
M021,Chicken Alfredo,L16,Green Valley,Hidden Opportunity,Hidden Opportunity,True
M023,Thai Green Curry,L16,Green Valley,Low Performer,Low Performer,True
M024,Roast Chicken,L16,Green Valley,Hidden Opportunity,Hidden Opportunity,True
M025,Beef Wellington,L16,Green Valley,Low Performer,Low Performer,True
M026,Duck Confit,L16,Green Valley,Low Performer,Low Performer,True
M027,Vegetable Korma,L16,Green Valley,Low Performer,Low Performer,True
M028,Chicken Parmesan,L16,Green Valley,Hidden Opportunity,Hidden Opportunity,True
M029,Pan-Seared Steak,L16,Green Valley,Hidden Opportunity,Hidden Opportunity,True
M030,Paneer Tikka Masala,L16,Green Valley,Profit Driver,Profit Driver,True
M051,Veggie Supreme Pizza,L11,Beachfront,Hidden Opportunity,Hidden Opportunity,True
M011,Cheese Sticks,L16,Green Valley,Low Performer,Low Performer,True
M010,Stuffed Mushrooms,L16,Green Valley,Hidden Opportunity,Hidden Opportunity,True
M008,Bruschetta,L16,Green Valley,Low Performer,Low Performer,True
M136,French Fries,L15,Central Station,Low Performer,Low Performer,True
M137,Mashed Potatoes,L15,Central Station,Low Performer,Low Performer,True
M139,Coleslaw,L15,Central Station,Low Performer,Low Performer,True
M140,Side Salad,L15,Central Station,Volume Driver,Volume Driver,True
M142,Buttered Corn,L15,Central Station,Hidden Opportunity,Hidden Opportunity,True
M143,Cheese Dip,L15,Central Station,Low Performer,Low Performer,True
M144,Sweet Potato Fries,L15,Central Station,Hidden Opportunity,Hidden Opportunity,True
M145,Rice Bowl,L15,Central Station,Hidden Opportunity,Hidden Opportunity,True
M146,Pita Bread,L15,Central Station,Hidden Opportunity,Hidden Opportunity,True
M147,Grilled Corn,L15,Central Station,Hidden Opportunity,Hidden Opportunity,True
M148,Extra Cheese,L15,Central Station,Hidden Opportunity,Hidden Opportunity,True
M149,Dinner Roll,L15,Central Station,Low Performer,Low Performer,True
M150,Pickle Plate,L15,Central Station,Low Performer,Low Performer,True
M001,Truffle Fries,L16,Green Valley,Hidden Opportunity,Hidden Opportunity,True
M002,Loaded Nachos,L16,Green Valley,Hidden Opportunity,Hidden Opportunity,True
M003,Soup of the Day,L16,Green Valley,Low Performer,Low Performer,True
M004,Calamari Rings,L16,Green Valley,Low Performer,Low Performer,True
M005,Chicken Wings,L16,Green Valley,Low Performer,Low Performer,True
M007,Garlic Bread,L16,Green Valley,Low Performer,Low Performer,True
M031,Smoked Brisket,L16,Green Valley,Hidden Opportunity,Hidden Opportunity,True
M032,BBQ Ribs Full Rack,L16,Green Valley,Hidden Opportunity,Hidden Opportunity,True
M033,Peri Peri Chicken,L16,Green Valley,Low Performer,Low Performer,True
M034,Lamb Chops,L16,Green Valley,Hidden Opportunity,Hidden Opportunity,True
M058,Seafood Linguine,L16,Green Valley,Profit Driver,Profit Driver,True
M059,Mac and Cheese,L16,Green Valley,Hidden Opportunity,Hidden Opportunity,True
M061,Classic Beef Burger,L16,Green Valley,Hidden Opportunity,Hidden Opportunity,True
M062,Cheeseburger Deluxe,L16,Green Valley,Low Performer,Low Performer,True
M063,Crispy Chicken Burger,L16,Green Valley,Low Performer,Low Performer,True
M064,Double Bacon Burger,L16,Green Valley,Low Performer,Low Performer,True
M065,Veggie Burger,L16,Green Valley,Hidden Opportunity,Hidden Opportunity,True
M066,Pulled Pork Sandwich,L16,Green Valley,Low Performer,Low Performer,True
M068,Grilled Chicken Wrap,L16,Green Valley,Low Performer,Low Performer,True
M069,Fish Burger,L16,Green Valley,Hidden Opportunity,Hidden Opportunity,True
M070,Steak Sandwich,L16,Green Valley,Hidden Opportunity,Hidden Opportunity,True
M071,Falafel Wrap,L16,Green Valley,Hidden Opportunity,Hidden Opportunity,True
M072,Philly Cheesesteak,L16,Green Valley,Low Performer,Low Performer,True
M073,BBQ Bacon Burger,L16,Green Valley,Hidden Opportunity,Hidden Opportunity,True
M074,Spicy Zinger Burger,L16,Green Valley,Hidden Opportunity,Hidden Opportunity,True
M075,Halloumi Burger,L16,Green Valley,Low Performer,Low Performer,True
M076,Chicken Biryani,L16,Green Valley,Low Performer,Low Performer,True
M077,Mutton Biryani,L16,Green Valley,Hidden Opportunity,Hidden Opportunity,True
M078,Veg Biryani,L16,Green Valley,Low Performer,Low Performer,True
M057,Mushroom Pizza,L16,Green Valley,Low Performer,Low Performer,True
M080,Chicken Fried Rice,L16,Green Valley,Hidden Opportunity,Hidden Opportunity,True
M056,Hawaiian Pizza,L16,Green Valley,Hidden Opportunity,Hidden Opportunity,True
M054,Lasagne al Forno,L16,Green Valley,Hidden Opportunity,Hidden Opportunity,True
M035,Grilled Kebab Platter,L16,Green Valley,Low Performer,Low Performer,True
M036,Tandoori Chicken,L16,Green Valley,Hidden Opportunity,Hidden Opportunity,True
M037,BBQ Pulled Pork,L16,Green Valley,Hidden Opportunity,Hidden Opportunity,True
M038,Grilled Lamb Skewers,L16,Green Valley,Low Performer,Low Performer,True
M039,Char-Grilled Steak,L16,Green Valley,Volume Driver,Volume Driver,True
M040,Smoked Sausage Plate,L16,Green Valley,Low Performer,Low Performer,True
M041,Chicken Tikka Skewers,L16,Green Valley,Low Performer,Low Performer,True
M042,Grilled Veg Platter,L16,Green Valley,Hidden Opportunity,Hidden Opportunity,True
M043,Beef Short Ribs,L16,Green Valley,Hidden Opportunity,Hidden Opportunity,True
M044,Spicy Buffalo Wings,L16,Green Valley,Low Performer,Low Performer,True
M045,Mixed Grill,L16,Green Valley,Low Performer,Low Performer,True
M046,Margherita Pizza,L16,Green Valley,Hidden Opportunity,Hidden Opportunity,True
M047,Pepperoni Pizza,L16,Green Valley,Hidden Opportunity,Hidden Opportunity,True
M048,Truffle Carbonara,L16,Green Valley,Low Performer,Low Performer,True
M049,Four Cheese Pasta,L16,Green Valley,Low Performer,Low Performer,True
M050,BBQ Chicken Pizza,L16,Green Valley,Hidden Opportunity,Hidden Opportunity,True
M051,Veggie Supreme Pizza,L16,Green Valley,Hidden Opportunity,Hidden Opportunity,True
M052,Spaghetti Bolognese,L16,Green Valley,Low Performer,Low Performer,True
M053,Penne Arrabbiata,L16,Green Valley,Hidden Opportunity,Hidden Opportunity,True
M055,Meat Feast Pizza,L16,Green Valley,Hidden Opportunity,Hidden Opportunity,True
M032,BBQ Ribs Full Rack,L17,University District,Hidden Opportunity,Hidden Opportunity,True
M033,Peri Peri Chicken,L17,University District,Low Performer,Low Performer,True
M034,Lamb Chops,L17,University District,Hidden Opportunity,Hidden Opportunity,True
M006,Spring Rolls,L18,Business Bay,Hidden Opportunity,Hidden Opportunity,True
M007,Garlic Bread,L18,Business Bay,Low Performer,Low Performer,True
M008,Bruschetta,L18,Business Bay,Hidden Opportunity,Hidden Opportunity,True
M009,Hummus Platter,L18,Business Bay,Low Performer,Low Performer,True
M010,Stuffed Mushrooms,L18,Business Bay,Hidden Opportunity,Hidden Opportunity,True
M011,Cheese Sticks,L18,Business Bay,Low Performer,Low Performer,True
M012,Onion Rings,L18,Business Bay,Low Performer,Low Performer,True
M014,Caesar Salad,L18,Business Bay,Low Performer,Low Performer,True
M005,Chicken Wings,L18,Business Bay,Low Performer,Low Performer,True
M015,Greek Salad,L18,Business Bay,Low Performer,Low Performer,True
M017,Butter Chicken,L18,Business Bay,Hidden Opportunity,Hidden Opportunity,True
M018,Grilled Salmon,L18,Business Bay,Profit Driver,Profit Driver,True
M019,Mushroom Risotto,L18,Business Bay,Hidden Opportunity,Hidden Opportunity,True
M020,Beef Stroganoff,L18,Business Bay,Low Performer,Low Performer,True
M021,Chicken Alfredo,L18,Business Bay,Hidden Opportunity,Hidden Opportunity,True
M022,Lamb Rogan Josh,L18,Business Bay,Hidden Opportunity,Hidden Opportunity,True
M023,Thai Green Curry,L18,Business Bay,Low Performer,Low Performer,True
M024,Roast Chicken,L18,Business Bay,Hidden Opportunity,Hidden Opportunity,True
M016,Signature Ribeye,L18,Business Bay,Low Performer,Low Performer,True
M004,Calamari Rings,L18,Business Bay,Low Performer,Low Performer,True
M003,Soup of the Day,L18,Business Bay,Low Performer,Low Performer,True
M002,Loaded Nachos,L18,Business Bay,Hidden Opportunity,Hidden Opportunity,True
M133,Espresso,L17,University District,Low Performer,Low Performer,True
M134,Berry Smoothie,L17,University District,Hidden Opportunity,Hidden Opportunity,True
M135,Salted Caramel Frappe,L17,University District,Profit Driver,Profit Driver,True
M136,French Fries,L17,University District,Low Performer,Low Performer,True
M137,Mashed Potatoes,L17,University District,Low Performer,Low Performer,True
M138,Steamed Vegetables,L17,University District,Hidden Opportunity,Hidden Opportunity,True
M139,Coleslaw,L17,University District,Low Performer,Low Performer,True
M140,Side Salad,L17,University District,Volume Driver,Volume Driver,True
M141,Garlic Naan,L17,University District,Profit Driver,Profit Driver,True
M142,Buttered Corn,L17,University District,Hidden Opportunity,Hidden Opportunity,True
M143,Cheese Dip,L17,University District,Low Performer,Low Performer,True
M144,Sweet Potato Fries,L17,University District,Hidden Opportunity,Hidden Opportunity,True
M145,Rice Bowl,L17,University District,Hidden Opportunity,Hidden Opportunity,True
M146,Pita Bread,L17,University District,Hidden Opportunity,Hidden Opportunity,True
M147,Grilled Corn,L17,University District,Hidden Opportunity,Hidden Opportunity,True
M148,Extra Cheese,L17,University District,Hidden Opportunity,Hidden Opportunity,True
M149,Dinner Roll,L17,University District,Low Performer,Low Performer,True
M150,Pickle Plate,L17,University District,Low Performer,Low Performer,True
M001,Truffle Fries,L18,Business Bay,Hidden Opportunity,Hidden Opportunity,True
M025,Beef Wellington,L18,Business Bay,Hidden Opportunity,Hidden Opportunity,True
M026,Duck Confit,L18,Business Bay,Low Performer,Low Performer,True
M027,Vegetable Korma,L18,Business Bay,Low Performer,Low Performer,True
M028,Chicken Parmesan,L18,Business Bay,Hidden Opportunity,Hidden Opportunity,True
M053,Penne Arrabbiata,L18,Business Bay,Hidden Opportunity,Hidden Opportunity,True
M054,Lasagne al Forno,L18,Business Bay,Hidden Opportunity,Hidden Opportunity,True
M055,Meat Feast Pizza,L18,Business Bay,Hidden Opportunity,Hidden Opportunity,True
M056,Hawaiian Pizza,L18,Business Bay,Hidden Opportunity,Hidden Opportunity,True
M057,Mushroom Pizza,L18,Business Bay,Low Performer,Low Performer,True
M058,Seafood Linguine,L18,Business Bay,Hidden Opportunity,Hidden Opportunity,True
M059,Mac and Cheese,L18,Business Bay,Hidden Opportunity,Hidden Opportunity,True
M060,Pesto Pasta,L18,Business Bay,Hidden Opportunity,Hidden Opportunity,True
M061,Classic Beef Burger,L18,Business Bay,Hidden Opportunity,Hidden Opportunity,True
M062,Cheeseburger Deluxe,L18,Business Bay,Low Performer,Low Performer,True
M063,Crispy Chicken Burger,L18,Business Bay,Low Performer,Low Performer,True
M064,Double Bacon Burger,L18,Business Bay,Low Performer,Low Performer,True
M065,Veggie Burger,L18,Business Bay,Hidden Opportunity,Hidden Opportunity,True
M066,Pulled Pork Sandwich,L18,Business Bay,Low Performer,Low Performer,True
M067,Club Sandwich,L18,Business Bay,Profit Driver,Profit Driver,True
M068,Grilled Chicken Wrap,L18,Business Bay,Hidden Opportunity,Hidden Opportunity,True
M069,Fish Burger,L18,Business Bay,Hidden Opportunity,Hidden Opportunity,True
M070,Steak Sandwich,L18,Business Bay,Hidden Opportunity,Hidden Opportunity,True
M072,Philly Cheesesteak,L18,Business Bay,Low Performer,Low Performer,True
M052,Spaghetti Bolognese,L18,Business Bay,Low Performer,Low Performer,True
M131,Coca-Cola,L17,University District,Low Performer,Low Performer,True
M051,Veggie Supreme Pizza,L18,Business Bay,Hidden Opportunity,Hidden Opportunity,True
M049,Four Cheese Pasta,L18,Business Bay,Low Performer,Low Performer,True
M030,Paneer Tikka Masala,L18,Business Bay,Hidden Opportunity,Hidden Opportunity,True
M031,Smoked Brisket,L18,Business Bay,Hidden Opportunity,Hidden Opportunity,True
M032,BBQ Ribs Full Rack,L18,Business Bay,Hidden Opportunity,Hidden Opportunity,True
M033,Peri Peri Chicken,L18,Business Bay,Low Performer,Low Performer,True
M034,Lamb Chops,L18,Business Bay,Hidden Opportunity,Hidden Opportunity,True
M035,Grilled Kebab Platter,L18,Business Bay,Low Performer,Low Performer,True
M036,Tandoori Chicken,L18,Business Bay,Hidden Opportunity,Hidden Opportunity,True
M037,BBQ Pulled Pork,L18,Business Bay,Hidden Opportunity,Hidden Opportunity,True
M038,Grilled Lamb Skewers,L18,Business Bay,Low Performer,Low Performer,True
M039,Char-Grilled Steak,L18,Business Bay,Low Performer,Low Performer,True
M040,Smoked Sausage Plate,L18,Business Bay,Low Performer,Low Performer,True
M041,Chicken Tikka Skewers,L18,Business Bay,Low Performer,Low Performer,True
M042,Grilled Veg Platter,L18,Business Bay,Hidden Opportunity,Hidden Opportunity,True
M043,Beef Short Ribs,L18,Business Bay,Hidden Opportunity,Hidden Opportunity,True
M044,Spicy Buffalo Wings,L18,Business Bay,Low Performer,Low Performer,True
M045,Mixed Grill,L18,Business Bay,Low Performer,Low Performer,True
M046,Margherita Pizza,L18,Business Bay,Hidden Opportunity,Hidden Opportunity,True
M047,Pepperoni Pizza,L18,Business Bay,Hidden Opportunity,Hidden Opportunity,True
M048,Truffle Carbonara,L18,Business Bay,Low Performer,Low Performer,True
M050,BBQ Chicken Pizza,L18,Business Bay,Hidden Opportunity,Hidden Opportunity,True
M130,Green Tea,L17,University District,Hidden Opportunity,Hidden Opportunity,True
M129,Strawberry Milkshake,L17,University District,Hidden Opportunity,Hidden Opportunity,True
M128,Cappuccino,L17,University District,Low Performer,Low Performer,True
M061,Classic Beef Burger,L17,University District,Hidden Opportunity,Hidden Opportunity,True
M062,Cheeseburger Deluxe,L17,University District,Low Performer,Low Performer,True
M063,Crispy Chicken Burger,L17,University District,Low Performer,Low Performer,True
M064,Double Bacon Burger,L17,University District,Low Performer,Low Performer,True
M065,Veggie Burger,L17,University District,Hidden Opportunity,Hidden Opportunity,True
M066,Pulled Pork Sandwich,L17,University District,Low Performer,Low Performer,True
M067,Club Sandwich,L17,University District,Profit Driver,Profit Driver,True
M068,Grilled Chicken Wrap,L17,University District,Hidden Opportunity,Hidden Opportunity,True
M069,Fish Burger,L17,University District,Hidden Opportunity,Hidden Opportunity,True
M070,Steak Sandwich,L17,University District,Profit Driver,Profit Driver,True
M071,Falafel Wrap,L17,University District,Hidden Opportunity,Hidden Opportunity,True
M072,Philly Cheesesteak,L17,University District,Low Performer,Low Performer,True
M073,BBQ Bacon Burger,L17,University District,Hidden Opportunity,Hidden Opportunity,True
M074,Spicy Zinger Burger,L17,University District,Hidden Opportunity,Hidden Opportunity,True
M075,Halloumi Burger,L17,University District,Low Performer,Low Performer,True
M077,Mutton Biryani,L17,University District,Hidden Opportunity,Hidden Opportunity,True
M078,Veg Biryani,L17,University District,Low Performer,Low Performer,True
M079,Egg Fried Rice,L17,University District,Profit Driver,Profit Driver,True
M080,Chicken Fried Rice,L17,University District,Hidden Opportunity,Hidden Opportunity,True
M060,Pesto Pasta,L17,University District,Hidden Opportunity,Hidden Opportunity,True
M081,Prawn Biryani,L17,University District,Hidden Opportunity,Hidden Opportunity,True
M059,Mac and Cheese,L17,University District,Hidden Opportunity,Hidden Opportunity,True
M057,Mushroom Pizza,L17,University District,Low Performer,Low Performer,True
M035,Grilled Kebab Platter,L17,University District,Low Performer,Low Performer,True
M036,Tandoori Chicken,L17,University District,Hidden Opportunity,Hidden Opportunity,True
M037,BBQ Pulled Pork,L17,University District,Hidden Opportunity,Hidden Opportunity,True
M038,Grilled Lamb Skewers,L17,University District,Low Performer,Low Performer,True
M040,Smoked Sausage Plate,L17,University District,Low Performer,Low Performer,True
M041,Chicken Tikka Skewers,L17,University District,Low Performer,Low Performer,True
M042,Grilled Veg Platter,L17,University District,Hidden Opportunity,Hidden Opportunity,True
M043,Beef Short Ribs,L17,University District,Hidden Opportunity,Hidden Opportunity,True
M044,Spicy Buffalo Wings,L17,University District,Volume Driver,Volume Driver,True
M046,Margherita Pizza,L17,University District,Hidden Opportunity,Hidden Opportunity,True
M047,Pepperoni Pizza,L17,University District,Hidden Opportunity,Hidden Opportunity,True
M048,Truffle Carbonara,L17,University District,Low Performer,Low Performer,True
M050,BBQ Chicken Pizza,L17,University District,Hidden Opportunity,Hidden Opportunity,True
M051,Veggie Supreme Pizza,L17,University District,Hidden Opportunity,Hidden Opportunity,True
M052,Spaghetti Bolognese,L17,University District,Low Performer,Low Performer,True
M053,Penne Arrabbiata,L17,University District,Hidden Opportunity,Hidden Opportunity,True
M054,Lasagne al Forno,L17,University District,Hidden Opportunity,Hidden Opportunity,True
M055,Meat Feast Pizza,L17,University District,Hidden Opportunity,Hidden Opportunity,True
M056,Hawaiian Pizza,L17,University District,Hidden Opportunity,Hidden Opportunity,True
M058,Seafood Linguine,L17,University District,Profit Driver,Profit Driver,True
M074,Spicy Zinger Burger,L18,Business Bay,Hidden Opportunity,Hidden Opportunity,True
M082,Jeera Rice,L17,University District,Low Performer,Low Performer,True
M084,Beef Pulao,L17,University District,Low Performer,Low Performer,True
M109,Tiramisu,L17,University District,Hidden Opportunity,Hidden Opportunity,True
M110,Chocolate Brownie,L17,University District,Low Performer,Low Performer,True
M111,Creme Brulee,L17,University District,Low Performer,Low Performer,True
M112,Apple Pie,L17,University District,Low Performer,Low Performer,True
M113,Sticky Toffee Pudding,L17,University District,Profit Driver,Profit Driver,True
M114,Banoffee Pie,L17,University District,Low Performer,Low Performer,True
M115,Panna Cotta,L17,University District,Hidden Opportunity,Hidden Opportunity,True
M116,Fruit Tart,L17,University District,Low Performer,Low Performer,True
M117,Ice Cream Sundae,L17,University District,Profit Driver,Profit Driver,True
M118,Baklava,L17,University District,Volume Driver,Volume Driver,True
M119,Carrot Cake,L17,University District,Hidden Opportunity,Hidden Opportunity,True
M120,Red Velvet Slice,L17,University District,Hidden Opportunity,Hidden Opportunity,True
M121,Fresh Lemonade,L17,University District,Hidden Opportunity,Hidden Opportunity,True
M122,Craft Cold Brew,L17,University District,Hidden Opportunity,Hidden Opportunity,True
M123,Mango Smoothie,L17,University District,Low Performer,Low Performer,True
M124,Iced Latte,L17,University District,Volume Driver,Volume Driver,True
M125,Masala Chai,L17,University District,Hidden Opportunity,Hidden Opportunity,True
M126,Fresh Orange Juice,L17,University District,Hidden Opportunity,Hidden Opportunity,True
M127,Sparkling Water,L17,University District,Hidden Opportunity,Hidden Opportunity,True
M108,Gelato Trio,L17,University District,Low Performer,Low Performer,True
M083,Mushroom Rice,L17,University District,Hidden Opportunity,Hidden Opportunity,True
M107,New York Cheesecake,L17,University District,Low Performer,Low Performer,True
M105,Shrimp Scampi,L17,University District,Hidden Opportunity,Hidden Opportunity,True
M085,Vegetable Pulao,L17,University District,Volume Driver,Volume Driver,True
M086,Schezwan Fried Rice,L17,University District,Hidden Opportunity,Hidden Opportunity,True
M087,Kabuli Pulao,L17,University District,Hidden Opportunity,Hidden Opportunity,True
M088,Lemon Rice,L17,University District,Hidden Opportunity,Hidden Opportunity,True
M089,Hyderabadi Biryani,L17,University District,Hidden Opportunity,Hidden Opportunity,True
M090,Steamed Basmati,L17,University District,Hidden Opportunity,Hidden Opportunity,True
M091,Grilled Prawns,L17,University District,Hidden Opportunity,Hidden Opportunity,True
M092,Fish and Chips,L17,University District,Hidden Opportunity,Hidden Opportunity,True
M093,Butter Garlic Shrimp,L17,University District,Hidden Opportunity,Hidden Opportunity,True
M095,Lobster Thermidor,L17,University District,Hidden Opportunity,Hidden Opportunity,True
M096,Fried Calamari,L17,University District,Low Performer,Low Performer,True
M097,Grilled Octopus,L17,University District,Hidden Opportunity,Hidden Opportunity,True
M098,Seafood Platter,L17,University District,Hidden Opportunity,Hidden Opportunity,True
M099,Salmon Teriyaki,L17,University District,Low Performer,Low Performer,True
M100,Prawn Curry,L17,University District,Low Performer,Low Performer,True
M101,Baked Cod,L17,University District,Low Performer,Low Performer,True
M102,Mussels Marinara,L17,University District,Hidden Opportunity,Hidden Opportunity,True
M103,Tuna Steak,L17,University District,Profit Driver,Profit Driver,True
M104,Fish Tacos,L17,University District,Hidden Opportunity,Hidden Opportunity,True
M106,Molten Lava Cake,L17,University District,Low Performer,Low Performer,True
M050,BBQ Chicken Pizza,L11,Beachfront,Hidden Opportunity,Hidden Opportunity,True
M150,Pickle Plate,L10,Station Square,Low Performer,Low Performer,True
M048,Truffle Carbonara,L11,Beachfront,Low Performer,Low Performer,True
M062,Cheeseburger Deluxe,L04,Airport Terminal,Low Performer,Low Performer,True
M063,Crispy Chicken Burger,L04,Airport Terminal,Low Performer,Low Performer,True
M064,Double Bacon Burger,L04,Airport Terminal,Low Performer,Low Performer,True
M065,Veggie Burger,L04,Airport Terminal,Hidden Opportunity,Hidden Opportunity,True
M066,Pulled Pork Sandwich,L04,Airport Terminal,Low Performer,Low Performer,True
M067,Club Sandwich,L04,Airport Terminal,Profit Driver,Profit Driver,True
M068,Grilled Chicken Wrap,L04,Airport Terminal,Hidden Opportunity,Hidden Opportunity,True
M069,Fish Burger,L04,Airport Terminal,Hidden Opportunity,Hidden Opportunity,True
M061,Classic Beef Burger,L04,Airport Terminal,Hidden Opportunity,Hidden Opportunity,True
M071,Falafel Wrap,L04,Airport Terminal,Hidden Opportunity,Hidden Opportunity,True
M073,BBQ Bacon Burger,L04,Airport Terminal,Hidden Opportunity,Hidden Opportunity,True
M074,Spicy Zinger Burger,L04,Airport Terminal,Hidden Opportunity,Hidden Opportunity,True
M075,Halloumi Burger,L04,Airport Terminal,Low Performer,Low Performer,True
M076,Chicken Biryani,L04,Airport Terminal,Low Performer,Low Performer,True
M077,Mutton Biryani,L04,Airport Terminal,Hidden Opportunity,Hidden Opportunity,True
M078,Veg Biryani,L04,Airport Terminal,Low Performer,Low Performer,True
M080,Chicken Fried Rice,L04,Airport Terminal,Hidden Opportunity,Hidden Opportunity,True
M081,Prawn Biryani,L04,Airport Terminal,Hidden Opportunity,Hidden Opportunity,True
M072,Philly Cheesesteak,L04,Airport Terminal,Volume Driver,Volume Driver,True
M060,Pesto Pasta,L04,Airport Terminal,Hidden Opportunity,Hidden Opportunity,True
M059,Mac and Cheese,L04,Airport Terminal,Hidden Opportunity,Hidden Opportunity,True
M057,Mushroom Pizza,L04,Airport Terminal,Low Performer,Low Performer,True
M036,Tandoori Chicken,L04,Airport Terminal,Hidden Opportunity,Hidden Opportunity,True
M037,BBQ Pulled Pork,L04,Airport Terminal,Hidden Opportunity,Hidden Opportunity,True
M038,Grilled Lamb Skewers,L04,Airport Terminal,Low Performer,Low Performer,True
M040,Smoked Sausage Plate,L04,Airport Terminal,Low Performer,Low Performer,True
M041,Chicken Tikka Skewers,L04,Airport Terminal,Low Performer,Low Performer,True
M042,Grilled Veg Platter,L04,Airport Terminal,Hidden Opportunity,Hidden Opportunity,True
M043,Beef Short Ribs,L04,Airport Terminal,Hidden Opportunity,Hidden Opportunity,True
M044,Spicy Buffalo Wings,L04,Airport Terminal,Low Performer,Low Performer,True
M046,Margherita Pizza,L04,Airport Terminal,Hidden Opportunity,Hidden Opportunity,True
M047,Pepperoni Pizza,L04,Airport Terminal,Hidden Opportunity,Hidden Opportunity,True
M048,Truffle Carbonara,L04,Airport Terminal,Low Performer,Low Performer,True
M049,Four Cheese Pasta,L04,Airport Terminal,Low Performer,Low Performer,True
M050,BBQ Chicken Pizza,L04,Airport Terminal,Hidden Opportunity,Hidden Opportunity,True
M051,Veggie Supreme Pizza,L04,Airport Terminal,Hidden Opportunity,Hidden Opportunity,True
M052,Spaghetti Bolognese,L04,Airport Terminal,Low Performer,Low Performer,True
M053,Penne Arrabbiata,L04,Airport Terminal,Profit Driver,Profit Driver,True
M054,Lasagne al Forno,L04,Airport Terminal,Hidden Opportunity,Hidden Opportunity,True
M055,Meat Feast Pizza,L04,Airport Terminal,Hidden Opportunity,Hidden Opportunity,True
M056,Hawaiian Pizza,L04,Airport Terminal,Hidden Opportunity,Hidden Opportunity,True
M082,Jeera Rice,L04,Airport Terminal,Low Performer,Low Performer,True
M035,Grilled Kebab Platter,L04,Airport Terminal,Low Performer,Low Performer,True
M083,Mushroom Rice,L04,Airport Terminal,Hidden Opportunity,Hidden Opportunity,True
M085,Vegetable Pulao,L04,Airport Terminal,Volume Driver,Volume Driver,True
M112,Apple Pie,L04,Airport Terminal,Low Performer,Low Performer,True
M113,Sticky Toffee Pudding,L04,Airport Terminal,Hidden Opportunity,Hidden Opportunity,True
M114,Banoffee Pie,L04,Airport Terminal,Low Performer,Low Performer,True
M115,Panna Cotta,L04,Airport Terminal,Hidden Opportunity,Hidden Opportunity,True
M116,Fruit Tart,L04,Airport Terminal,Low Performer,Low Performer,True
M117,Ice Cream Sundae,L04,Airport Terminal,Hidden Opportunity,Hidden Opportunity,True
M118,Baklava,L04,Airport Terminal,Volume Driver,Volume Driver,True
M119,Carrot Cake,L04,Airport Terminal,Hidden Opportunity,Hidden Opportunity,True
M111,Creme Brulee,L04,Airport Terminal,Low Performer,Low Performer,True
M120,Red Velvet Slice,L04,Airport Terminal,Hidden Opportunity,Hidden Opportunity,True
M122,Craft Cold Brew,L04,Airport Terminal,Hidden Opportunity,Hidden Opportunity,True
M123,Mango Smoothie,L04,Airport Terminal,Low Performer,Low Performer,True
M125,Masala Chai,L04,Airport Terminal,Hidden Opportunity,Hidden Opportunity,True
M126,Fresh Orange Juice,L04,Airport Terminal,Hidden Opportunity,Hidden Opportunity,True
M127,Sparkling Water,L04,Airport Terminal,Hidden Opportunity,Hidden Opportunity,True
M128,Cappuccino,L04,Airport Terminal,Low Performer,Low Performer,True
M129,Strawberry Milkshake,L04,Airport Terminal,Hidden Opportunity,Hidden Opportunity,True
M130,Green Tea,L04,Airport Terminal,Hidden Opportunity,Hidden Opportunity,True
M121,Fresh Lemonade,L04,Airport Terminal,Hidden Opportunity,Hidden Opportunity,True
M110,Chocolate Brownie,L04,Airport Terminal,Low Performer,Low Performer,True
M109,Tiramisu,L04,Airport Terminal,Hidden Opportunity,Hidden Opportunity,True
M108,Gelato Trio,L04,Airport Terminal,Low Performer,Low Performer,True
M086,Schezwan Fried Rice,L04,Airport Terminal,Hidden Opportunity,Hidden Opportunity,True
M087,Kabuli Pulao,L04,Airport Terminal,Hidden Opportunity,Hidden Opportunity,True
M088,Lemon Rice,L04,Airport Terminal,Hidden Opportunity,Hidden Opportunity,True
M089,Hyderabadi Biryani,L04,Airport Terminal,Hidden Opportunity,Hidden Opportunity,True
M090,Steamed Basmati,L04,Airport Terminal,Hidden Opportunity,Hidden Opportunity,True
M091,Grilled Prawns,L04,Airport Terminal,Hidden Opportunity,Hidden Opportunity,True
M092,Fish and Chips,L04,Airport Terminal,Hidden Opportunity,Hidden Opportunity,True
M095,Lobster Thermidor,L04,Airport Terminal,Hidden Opportunity,Hidden Opportunity,True
M096,Fried Calamari,L04,Airport Terminal,Low Performer,Low Performer,True
M097,Grilled Octopus,L04,Airport Terminal,Hidden Opportunity,Hidden Opportunity,True
M098,Seafood Platter,L04,Airport Terminal,Hidden Opportunity,Hidden Opportunity,True
M099,Salmon Teriyaki,L04,Airport Terminal,Low Performer,Low Performer,True
M100,Prawn Curry,L04,Airport Terminal,Low Performer,Low Performer,True
M101,Baked Cod,L04,Airport Terminal,Low Performer,Low Performer,True
M102,Mussels Marinara,L04,Airport Terminal,Hidden Opportunity,Hidden Opportunity,True
M104,Fish Tacos,L04,Airport Terminal,Hidden Opportunity,Hidden Opportunity,True
M105,Shrimp Scampi,L04,Airport Terminal,Hidden Opportunity,Hidden Opportunity,True
M106,Molten Lava Cake,L04,Airport Terminal,Low Performer,Low Performer,True
M107,New York Cheesecake,L04,Airport Terminal,Low Performer,Low Performer,True
M084,Beef Pulao,L04,Airport Terminal,Low Performer,Low Performer,True
M034,Lamb Chops,L04,Airport Terminal,Hidden Opportunity,Hidden Opportunity,True
M033,Peri Peri Chicken,L04,Airport Terminal,Low Performer,Low Performer,True
M032,BBQ Ribs Full Rack,L04,Airport Terminal,Hidden Opportunity,Hidden Opportunity,True
M112,Apple Pie,L03,Uptown,Low Performer,Low Performer,True
M113,Sticky Toffee Pudding,L03,Uptown,Hidden Opportunity,Hidden Opportunity,True
M115,Panna Cotta,L03,Uptown,Hidden Opportunity,Hidden Opportunity,True
M116,Fruit Tart,L03,Uptown,Low Performer,Low Performer,True
M117,Ice Cream Sundae,L03,Uptown,Hidden Opportunity,Hidden Opportunity,True
M118,Baklava,L03,Uptown,Volume Driver,Volume Driver,True
M119,Carrot Cake,L03,Uptown,Hidden Opportunity,Hidden Opportunity,True
M120,Red Velvet Slice,L03,Uptown,Hidden Opportunity,Hidden Opportunity,True
M111,Creme Brulee,L03,Uptown,Low Performer,Low Performer,True
M121,Fresh Lemonade,L03,Uptown,Hidden Opportunity,Hidden Opportunity,True
M123,Mango Smoothie,L03,Uptown,Low Performer,Low Performer,True
M125,Masala Chai,L03,Uptown,Hidden Opportunity,Hidden Opportunity,True
M126,Fresh Orange Juice,L03,Uptown,Hidden Opportunity,Hidden Opportunity,True
M127,Sparkling Water,L03,Uptown,Hidden Opportunity,Hidden Opportunity,True
M128,Cappuccino,L03,Uptown,Low Performer,Low Performer,True
M129,Strawberry Milkshake,L03,Uptown,Hidden Opportunity,Hidden Opportunity,True
M130,Green Tea,L03,Uptown,Hidden Opportunity,Hidden Opportunity,True
M131,Coca-Cola,L03,Uptown,Low Performer,Low Performer,True
M122,Craft Cold Brew,L03,Uptown,Hidden Opportunity,Hidden Opportunity,True
M110,Chocolate Brownie,L03,Uptown,Low Performer,Low Performer,True
M109,Tiramisu,L03,Uptown,Hidden Opportunity,Hidden Opportunity,True
M108,Gelato Trio,L03,Uptown,Low Performer,Low Performer,True
M085,Vegetable Pulao,L03,Uptown,Volume Driver,Volume Driver,True
M086,Schezwan Fried Rice,L03,Uptown,Hidden Opportunity,Hidden Opportunity,True
M087,Kabuli Pulao,L03,Uptown,Hidden Opportunity,Hidden Opportunity,True
M088,Lemon Rice,L03,Uptown,Hidden Opportunity,Hidden Opportunity,True
M089,Hyderabadi Biryani,L03,Uptown,Hidden Opportunity,Hidden Opportunity,True
M090,Steamed Basmati,L03,Uptown,Hidden Opportunity,Hidden Opportunity,True
M091,Grilled Prawns,L03,Uptown,Hidden Opportunity,Hidden Opportunity,True
M092,Fish and Chips,L03,Uptown,Hidden Opportunity,Hidden Opportunity,True
M093,Butter Garlic Shrimp,L03,Uptown,Hidden Opportunity,Hidden Opportunity,True
M095,Lobster Thermidor,L03,Uptown,Hidden Opportunity,Hidden Opportunity,True
M096,Fried Calamari,L03,Uptown,Low Performer,Low Performer,True
M097,Grilled Octopus,L03,Uptown,Hidden Opportunity,Hidden Opportunity,True
M099,Salmon Teriyaki,L03,Uptown,Low Performer,Low Performer,True
M100,Prawn Curry,L03,Uptown,Low Performer,Low Performer,True
M101,Baked Cod,L03,Uptown,Low Performer,Low Performer,True
M103,Tuna Steak,L03,Uptown,Profit Driver,Profit Driver,True
M104,Fish Tacos,L03,Uptown,Hidden Opportunity,Hidden Opportunity,True
M105,Shrimp Scampi,L03,Uptown,Hidden Opportunity,Hidden Opportunity,True
M107,New York Cheesecake,L03,Uptown,Low Performer,Low Performer,True
M133,Espresso,L03,Uptown,Low Performer,Low Performer,True
M134,Berry Smoothie,L03,Uptown,Hidden Opportunity,Hidden Opportunity,True
M136,French Fries,L03,Uptown,Low Performer,Low Performer,True
M137,Mashed Potatoes,L03,Uptown,Low Performer,Low Performer,True
M012,Onion Rings,L04,Airport Terminal,Low Performer,Low Performer,True
M013,Prawn Tempura,L04,Airport Terminal,Low Performer,Low Performer,True
M014,Caesar Salad,L04,Airport Terminal,Low Performer,Low Performer,True
M015,Greek Salad,L04,Airport Terminal,Low Performer,Low Performer,True
M016,Signature Ribeye,L04,Airport Terminal,Low Performer,Low Performer,True
M017,Butter Chicken,L04,Airport Terminal,Hidden Opportunity,Hidden Opportunity,True
M018,Grilled Salmon,L04,Airport Terminal,Hidden Opportunity,Hidden Opportunity,True
M019,Mushroom Risotto,L04,Airport Terminal,Hidden Opportunity,Hidden Opportunity,True
M020,Beef Stroganoff,L04,Airport Terminal,Low Performer,Low Performer,True
M021,Chicken Alfredo,L04,Airport Terminal,Hidden Opportunity,Hidden Opportunity,True
M022,Lamb Rogan Josh,L04,Airport Terminal,Hidden Opportunity,Hidden Opportunity,True
M023,Thai Green Curry,L04,Airport Terminal,Low Performer,Low Performer,True
M024,Roast Chicken,L04,Airport Terminal,Hidden Opportunity,Hidden Opportunity,True
M025,Beef Wellington,L04,Airport Terminal,Hidden Opportunity,Hidden Opportunity,True
M026,Duck Confit,L04,Airport Terminal,Low Performer,Low Performer,True
M027,Vegetable Korma,L04,Airport Terminal,Low Performer,Low Performer,True
M028,Chicken Parmesan,L04,Airport Terminal,Hidden Opportunity,Hidden Opportunity,True
M030,Paneer Tikka Masala,L04,Airport Terminal,Hidden Opportunity,Hidden Opportunity,True
M031,Smoked Brisket,L04,Airport Terminal,Hidden Opportunity,Hidden Opportunity,True
M011,Cheese Sticks,L04,Airport Terminal,Low Performer,Low Performer,True
M131,Coca-Cola,L04,Airport Terminal,Low Performer,Low Performer,True
M010,Stuffed Mushrooms,L04,Airport Terminal,Hidden Opportunity,Hidden Opportunity,True
M007,Garlic Bread,L04,Airport Terminal,Low Performer,Low Performer,True
M138,Steamed Vegetables,L03,Uptown,Hidden Opportunity,Hidden Opportunity,True
M139,Coleslaw,L03,Uptown,Low Performer,Low Performer,True
M140,Side Salad,L03,Uptown,Volume Driver,Volume Driver,True
M141,Garlic Naan,L03,Uptown,Profit Driver,Profit Driver,True
M142,Buttered Corn,L03,Uptown,Hidden Opportunity,Hidden Opportunity,True
M143,Cheese Dip,L03,Uptown,Low Performer,Low Performer,True
M144,Sweet Potato Fries,L03,Uptown,Hidden Opportunity,Hidden Opportunity,True
M145,Rice Bowl,L03,Uptown,Hidden Opportunity,Hidden Opportunity,True
M146,Pita Bread,L03,Uptown,Hidden Opportunity,Hidden Opportunity,True
M147,Grilled Corn,L03,Uptown,Hidden Opportunity,Hidden Opportunity,True
M148,Extra Cheese,L03,Uptown,Hidden Opportunity,Hidden Opportunity,True
M149,Dinner Roll,L03,Uptown,Low Performer,Low Performer,True
M150,Pickle Plate,L03,Uptown,Low Performer,Low Performer,True
M001,Truffle Fries,L04,Airport Terminal,Hidden Opportunity,Hidden Opportunity,True
M002,Loaded Nachos,L04,Airport Terminal,Hidden Opportunity,Hidden Opportunity,True
M003,Soup of the Day,L04,Airport Terminal,Low Performer,Low Performer,True
M004,Calamari Rings,L04,Airport Terminal,Low Performer,Low Performer,True
M005,Chicken Wings,L04,Airport Terminal,Low Performer,Low Performer,True
M006,Spring Rolls,L04,Airport Terminal,Hidden Opportunity,Hidden Opportunity,True
M008,Bruschetta,L04,Airport Terminal,Hidden Opportunity,Hidden Opportunity,True
M084,Beef Pulao,L03,Uptown,Low Performer,Low Performer,True
M132,Virgin Mojito,L04,Airport Terminal,Hidden Opportunity,Hidden Opportunity,True
M134,Berry Smoothie,L04,Airport Terminal,Hidden Opportunity,Hidden Opportunity,True
M104,Fish Tacos,L05,Riverside,Hidden Opportunity,Hidden Opportunity,True
M105,Shrimp Scampi,L05,Riverside,Hidden Opportunity,Hidden Opportunity,True
M106,Molten Lava Cake,L05,Riverside,Low Performer,Low Performer,True
M107,New York Cheesecake,L05,Riverside,Low Performer,Low Performer,True
M108,Gelato Trio,L05,Riverside,Low Performer,Low Performer,True
M109,Tiramisu,L05,Riverside,Hidden Opportunity,Hidden Opportunity,True
M110,Chocolate Brownie,L05,Riverside,Low Performer,Low Performer,True
M111,Creme Brulee,L05,Riverside,Low Performer,Low Performer,True
M103,Tuna Steak,L05,Riverside,Profit Driver,Profit Driver,True
M112,Apple Pie,L05,Riverside,Low Performer,Low Performer,True
M114,Banoffee Pie,L05,Riverside,Low Performer,Low Performer,True
M115,Panna Cotta,L05,Riverside,Hidden Opportunity,Hidden Opportunity,True
M116,Fruit Tart,L05,Riverside,Low Performer,Low Performer,True
M117,Ice Cream Sundae,L05,Riverside,Hidden Opportunity,Hidden Opportunity,True
M118,Baklava,L05,Riverside,Low Performer,Low Performer,True
M119,Carrot Cake,L05,Riverside,Hidden Opportunity,Hidden Opportunity,True
M120,Red Velvet Slice,L05,Riverside,Hidden Opportunity,Hidden Opportunity,True
M121,Fresh Lemonade,L05,Riverside,Hidden Opportunity,Hidden Opportunity,True
M113,Sticky Toffee Pudding,L05,Riverside,Hidden Opportunity,Hidden Opportunity,True
M102,Mussels Marinara,L05,Riverside,Hidden Opportunity,Hidden Opportunity,True
M101,Baked Cod,L05,Riverside,Low Performer,Low Performer,True
M100,Prawn Curry,L05,Riverside,Low Performer,Low Performer,True
M080,Chicken Fried Rice,L05,Riverside,Hidden Opportunity,Hidden Opportunity,True
M081,Prawn Biryani,L05,Riverside,Hidden Opportunity,Hidden Opportunity,True
M082,Jeera Rice,L05,Riverside,Low Performer,Low Performer,True
M083,Mushroom Rice,L05,Riverside,Hidden Opportunity,Hidden Opportunity,True
M084,Beef Pulao,L05,Riverside,Low Performer,Low Performer,True
M086,Schezwan Fried Rice,L05,Riverside,Hidden Opportunity,Hidden Opportunity,True
M087,Kabuli Pulao,L05,Riverside,Hidden Opportunity,Hidden Opportunity,True
M088,Lemon Rice,L05,Riverside,Hidden Opportunity,Hidden Opportunity,True
M089,Hyderabadi Biryani,L05,Riverside,Hidden Opportunity,Hidden Opportunity,True
M090,Steamed Basmati,L05,Riverside,Hidden Opportunity,Hidden Opportunity,True
M091,Grilled Prawns,L05,Riverside,Hidden Opportunity,Hidden Opportunity,True
M092,Fish and Chips,L05,Riverside,Hidden Opportunity,Hidden Opportunity,True
M093,Butter Garlic Shrimp,L05,Riverside,Hidden Opportunity,Hidden Opportunity,True
M094,Crab Cakes,L05,Riverside,Low Performer,Low Performer,True
M095,Lobster Thermidor,L05,Riverside,Hidden Opportunity,Hidden Opportunity,True
M096,Fried Calamari,L05,Riverside,Low Performer,Low Performer,True
M097,Grilled Octopus,L05,Riverside,Hidden Opportunity,Hidden Opportunity,True
M098,Seafood Platter,L05,Riverside,Profit Driver,Profit Driver,True
M099,Salmon Teriyaki,L05,Riverside,Low Performer,Low Performer,True
M122,Craft Cold Brew,L05,Riverside,Hidden Opportunity,Hidden Opportunity,True
M079,Egg Fried Rice,L05,Riverside,Hidden Opportunity,Hidden Opportunity,True
M123,Mango Smoothie,L05,Riverside,Low Performer,Low Performer,True
M125,Masala Chai,L05,Riverside,Hidden Opportunity,Hidden Opportunity,True
M150,Pickle Plate,L05,Riverside,Low Performer,Low Performer,True
M001,Truffle Fries,L06,Grand Mall,Hidden Opportunity,Hidden Opportunity,True
M002,Loaded Nachos,L06,Grand Mall,Hidden Opportunity,Hidden Opportunity,True
M003,Soup of the Day,L06,Grand Mall,Low Performer,Low Performer,True
M004,Calamari Rings,L06,Grand Mall,Low Performer,Low Performer,True
M005,Chicken Wings,L06,Grand Mall,Low Performer,Low Performer,True
M006,Spring Rolls,L06,Grand Mall,Hidden Opportunity,Hidden Opportunity,True
M007,Garlic Bread,L06,Grand Mall,Low Performer,Low Performer,True
M149,Dinner Roll,L05,Riverside,Low Performer,Low Performer,True
M008,Bruschetta,L06,Grand Mall,Low Performer,Low Performer,True
M010,Stuffed Mushrooms,L06,Grand Mall,Hidden Opportunity,Hidden Opportunity,True
M011,Cheese Sticks,L06,Grand Mall,Low Performer,Low Performer,True
M012,Onion Rings,L06,Grand Mall,Low Performer,Low Performer,True
M014,Caesar Salad,L06,Grand Mall,Low Performer,Low Performer,True
M015,Greek Salad,L06,Grand Mall,Low Performer,Low Performer,True
M016,Signature Ribeye,L06,Grand Mall,Low Performer,Low Performer,True
M017,Butter Chicken,L06,Grand Mall,Hidden Opportunity,Hidden Opportunity,True
M019,Mushroom Risotto,L06,Grand Mall,Hidden Opportunity,Hidden Opportunity,True
M009,Hummus Platter,L06,Grand Mall,Volume Driver,Volume Driver,True
M148,Extra Cheese,L05,Riverside,Hidden Opportunity,Hidden Opportunity,True
M147,Grilled Corn,L05,Riverside,Hidden Opportunity,Hidden Opportunity,True
M146,Pita Bread,L05,Riverside,Profit Driver,Profit Driver,True
M126,Fresh Orange Juice,L05,Riverside,Hidden Opportunity,Hidden Opportunity,True
M127,Sparkling Water,L05,Riverside,Hidden Opportunity,Hidden Opportunity,True
M128,Cappuccino,L05,Riverside,Low Performer,Low Performer,True
M129,Strawberry Milkshake,L05,Riverside,Hidden Opportunity,Hidden Opportunity,True
M130,Green Tea,L05,Riverside,Hidden Opportunity,Hidden Opportunity,True
M131,Coca-Cola,L05,Riverside,Low Performer,Low Performer,True
M132,Virgin Mojito,L05,Riverside,Hidden Opportunity,Hidden Opportunity,True
M133,Espresso,L05,Riverside,Low Performer,Low Performer,True
M134,Berry Smoothie,L05,Riverside,Hidden Opportunity,Hidden Opportunity,True
M135,Salted Caramel Frappe,L05,Riverside,Hidden Opportunity,Hidden Opportunity,True
M136,French Fries,L05,Riverside,Low Performer,Low Performer,True
M137,Mashed Potatoes,L05,Riverside,Low Performer,Low Performer,True
M138,Steamed Vegetables,L05,Riverside,Hidden Opportunity,Hidden Opportunity,True
M139,Coleslaw,L05,Riverside,Low Performer,Low Performer,True
M140,Side Salad,L05,Riverside,Volume Driver,Volume Driver,True
M142,Buttered Corn,L05,Riverside,Hidden Opportunity,Hidden Opportunity,True
M143,Cheese Dip,L05,Riverside,Low Performer,Low Performer,True
M144,Sweet Potato Fries,L05,Riverside,Hidden Opportunity,Hidden Opportunity,True
M145,Rice Bowl,L05,Riverside,Hidden Opportunity,Hidden Opportunity,True
M124,Iced Latte,L05,Riverside,Low Performer,Low Performer,True
M078,Veg Biryani,L05,Riverside,Low Performer,Low Performer,True
M077,Mutton Biryani,L05,Riverside,Hidden Opportunity,Hidden Opportunity,True
M076,Chicken Biryani,L05,Riverside,Low Performer,Low Performer,True
M008,Bruschetta,L05,Riverside,Hidden Opportunity,Hidden Opportunity,True
M010,Stuffed Mushrooms,L05,Riverside,Hidden Opportunity,Hidden Opportunity,True
M011,Cheese Sticks,L05,Riverside,Low Performer,Low Performer,True
M012,Onion Rings,L05,Riverside,Low Performer,Low Performer,True
M014,Caesar Salad,L05,Riverside,Low Performer,Low Performer,True
M015,Greek Salad,L05,Riverside,Low Performer,Low Performer,True
M016,Signature Ribeye,L05,Riverside,Low Performer,Low Performer,True
M017,Butter Chicken,L05,Riverside,Hidden Opportunity,Hidden Opportunity,True
M007,Garlic Bread,L05,Riverside,Low Performer,Low Performer,True
M018,Grilled Salmon,L05,Riverside,Hidden Opportunity,Hidden Opportunity,True
M020,Beef Stroganoff,L05,Riverside,Low Performer,Low Performer,True
M021,Chicken Alfredo,L05,Riverside,Hidden Opportunity,Hidden Opportunity,True
M022,Lamb Rogan Josh,L05,Riverside,Hidden Opportunity,Hidden Opportunity,True
M023,Thai Green Curry,L05,Riverside,Low Performer,Low Performer,True
M024,Roast Chicken,L05,Riverside,Hidden Opportunity,Hidden Opportunity,True
M025,Beef Wellington,L05,Riverside,Hidden Opportunity,Hidden Opportunity,True
M026,Duck Confit,L05,Riverside,Low Performer,Low Performer,True
M027,Vegetable Korma,L05,Riverside,Low Performer,Low Performer,True
M019,Mushroom Risotto,L05,Riverside,Hidden Opportunity,Hidden Opportunity,True
M006,Spring Rolls,L05,Riverside,Hidden Opportunity,Hidden Opportunity,True
M005,Chicken Wings,L05,Riverside,Low Performer,Low Performer,True
M004,Calamari Rings,L05,Riverside,Low Performer,Low Performer,True
M135,Salted Caramel Frappe,L04,Airport Terminal,Hidden Opportunity,Hidden Opportunity,True
M136,French Fries,L04,Airport Terminal,Low Performer,Low Performer,True
M137,Mashed Potatoes,L04,Airport Terminal,Low Performer,Low Performer,True
M138,Steamed Vegetables,L04,Airport Terminal,Hidden Opportunity,Hidden Opportunity,True
M139,Coleslaw,L04,Airport Terminal,Low Performer,Low Performer,True
M140,Side Salad,L04,Airport Terminal,Volume Driver,Volume Driver,True
M141,Garlic Naan,L04,Airport Terminal,Profit Driver,Profit Driver,True
M142,Buttered Corn,L04,Airport Terminal,Hidden Opportunity,Hidden Opportunity,True
M143,Cheese Dip,L04,Airport Terminal,Low Performer,Low Performer,True
M144,Sweet Potato Fries,L04,Airport Terminal,Hidden Opportunity,Hidden Opportunity,True
M145,Rice Bowl,L04,Airport Terminal,Hidden Opportunity,Hidden Opportunity,True
M146,Pita Bread,L04,Airport Terminal,Hidden Opportunity,Hidden Opportunity,True
M147,Grilled Corn,L04,Airport Terminal,Hidden Opportunity,Hidden Opportunity,True
M148,Extra Cheese,L04,Airport Terminal,Hidden Opportunity,Hidden Opportunity,True
M149,Dinner Roll,L04,Airport Terminal,Low Performer,Low Performer,True
M150,Pickle Plate,L04,Airport Terminal,Low Performer,Low Performer,True
M001,Truffle Fries,L05,Riverside,Hidden Opportunity,Hidden Opportunity,True
M002,Loaded Nachos,L05,Riverside,Hidden Opportunity,Hidden Opportunity,True
M003,Soup of the Day,L05,Riverside,Low Performer,Low Performer,True
M028,Chicken Parmesan,L05,Riverside,Hidden Opportunity,Hidden Opportunity,True
M030,Paneer Tikka Masala,L05,Riverside,Hidden Opportunity,Hidden Opportunity,True
M031,Smoked Brisket,L05,Riverside,Hidden Opportunity,Hidden Opportunity,True
M032,BBQ Ribs Full Rack,L05,Riverside,Hidden Opportunity,Hidden Opportunity,True
M056,Hawaiian Pizza,L05,Riverside,Hidden Opportunity,Hidden Opportunity,True
M057,Mushroom Pizza,L05,Riverside,Low Performer,Low Performer,True
M058,Seafood Linguine,L05,Riverside,Hidden Opportunity,Hidden Opportunity,True
M059,Mac and Cheese,L05,Riverside,Hidden Opportunity,Hidden Opportunity,True
M060,Pesto Pasta,L05,Riverside,Hidden Opportunity,Hidden Opportunity,True
M061,Classic Beef Burger,L05,Riverside,Hidden Opportunity,Hidden Opportunity,True
M062,Cheeseburger Deluxe,L05,Riverside,Low Performer,Low Performer,True
M063,Crispy Chicken Burger,L05,Riverside,Low Performer,Low Performer,True
M064,Double Bacon Burger,L05,Riverside,Low Performer,Low Performer,True
M065,Veggie Burger,L05,Riverside,Hidden Opportunity,Hidden Opportunity,True
M066,Pulled Pork Sandwich,L05,Riverside,Low Performer,Low Performer,True
M067,Club Sandwich,L05,Riverside,Profit Driver,Profit Driver,True
M068,Grilled Chicken Wrap,L05,Riverside,Hidden Opportunity,Hidden Opportunity,True
M069,Fish Burger,L05,Riverside,Hidden Opportunity,Hidden Opportunity,True
M071,Falafel Wrap,L05,Riverside,Hidden Opportunity,Hidden Opportunity,True
M072,Philly Cheesesteak,L05,Riverside,Low Performer,Low Performer,True
M073,BBQ Bacon Burger,L05,Riverside,Hidden Opportunity,Hidden Opportunity,True
M074,Spicy Zinger Burger,L05,Riverside,Hidden Opportunity,Hidden Opportunity,True
M075,Halloumi Burger,L05,Riverside,Low Performer,Low Performer,True
M055,Meat Feast Pizza,L05,Riverside,Hidden Opportunity,Hidden Opportunity,True
M133,Espresso,L04,Airport Terminal,Low Performer,Low Performer,True
M054,Lasagne al Forno,L05,Riverside,Hidden Opportunity,Hidden Opportunity,True
M052,Spaghetti Bolognese,L05,Riverside,Low Performer,Low Performer,True
M033,Peri Peri Chicken,L05,Riverside,Low Performer,Low Performer,True
M034,Lamb Chops,L05,Riverside,Hidden Opportunity,Hidden Opportunity,True
M035,Grilled Kebab Platter,L05,Riverside,Low Performer,Low Performer,True
M036,Tandoori Chicken,L05,Riverside,Hidden Opportunity,Hidden Opportunity,True
M037,BBQ Pulled Pork,L05,Riverside,Hidden Opportunity,Hidden Opportunity,True
M038,Grilled Lamb Skewers,L05,Riverside,Low Performer,Low Performer,True
M039,Char-Grilled Steak,L05,Riverside,Low Performer,Low Performer,True
M040,Smoked Sausage Plate,L05,Riverside,Low Performer,Low Performer,True
M041,Chicken Tikka Skewers,L05,Riverside,Low Performer,Low Performer,True
M042,Grilled Veg Platter,L05,Riverside,Hidden Opportunity,Hidden Opportunity,True
M043,Beef Short Ribs,L05,Riverside,Hidden Opportunity,Hidden Opportunity,True
M044,Spicy Buffalo Wings,L05,Riverside,Low Performer,Low Performer,True
M045,Mixed Grill,L05,Riverside,Low Performer,Low Performer,True
M046,Margherita Pizza,L05,Riverside,Hidden Opportunity,Hidden Opportunity,True
M047,Pepperoni Pizza,L05,Riverside,Hidden Opportunity,Hidden Opportunity,True
M048,Truffle Carbonara,L05,Riverside,Low Performer,Low Performer,True
M049,Four Cheese Pasta,L05,Riverside,Low Performer,Low Performer,True
M050,BBQ Chicken Pizza,L05,Riverside,Hidden Opportunity,Hidden Opportunity,True
M051,Veggie Supreme Pizza,L05,Riverside,Hidden Opportunity,Hidden Opportunity,True
M053,Penne Arrabbiata,L05,Riverside,Hidden Opportunity,Hidden Opportunity,True
M083,Mushroom Rice,L03,Uptown,Hidden Opportunity,Hidden Opportunity,True
M082,Jeera Rice,L03,Uptown,Low Performer,Low Performer,True
M081,Prawn Biryani,L03,Uptown,Hidden Opportunity,Hidden Opportunity,True
M120,Red Velvet Slice,L01,Downtown,Hidden Opportunity,Hidden Opportunity,True
M121,Fresh Lemonade,L01,Downtown,Hidden Opportunity,Hidden Opportunity,True
M122,Craft Cold Brew,L01,Downtown,Hidden Opportunity,Hidden Opportunity,True
M123,Mango Smoothie,L01,Downtown,Low Performer,Low Performer,True
M125,Masala Chai,L01,Downtown,Hidden Opportunity,Hidden Opportunity,True
M126,Fresh Orange Juice,L01,Downtown,Hidden Opportunity,Hidden Opportunity,True
M127,Sparkling Water,L01,Downtown,Hidden Opportunity,Hidden Opportunity,True
M128,Cappuccino,L01,Downtown,Low Performer,Low Performer,True
M119,Carrot Cake,L01,Downtown,Hidden Opportunity,Hidden Opportunity,True
M129,Strawberry Milkshake,L01,Downtown,Hidden Opportunity,Hidden Opportunity,True
M132,Virgin Mojito,L01,Downtown,Hidden Opportunity,Hidden Opportunity,True
M133,Espresso,L01,Downtown,Low Performer,Low Performer,True
M134,Berry Smoothie,L01,Downtown,Hidden Opportunity,Hidden Opportunity,True
M135,Salted Caramel Frappe,L01,Downtown,Hidden Opportunity,Hidden Opportunity,True
M136,French Fries,L01,Downtown,Low Performer,Low Performer,True
M137,Mashed Potatoes,L01,Downtown,Low Performer,Low Performer,True
M138,Steamed Vegetables,L01,Downtown,Hidden Opportunity,Hidden Opportunity,True
M139,Coleslaw,L01,Downtown,Low Performer,Low Performer,True
M130,Green Tea,L01,Downtown,Hidden Opportunity,Hidden Opportunity,True
M118,Baklava,L01,Downtown,Volume Driver,Volume Driver,True
M117,Ice Cream Sundae,L01,Downtown,Hidden Opportunity,Hidden Opportunity,True
M116,Fruit Tart,L01,Downtown,Low Performer,Low Performer,True
M096,Fried Calamari,L01,Downtown,Low Performer,Low Performer,True
M097,Grilled Octopus,L01,Downtown,Hidden Opportunity,Hidden Opportunity,True
M098,Seafood Platter,L01,Downtown,Hidden Opportunity,Hidden Opportunity,True
M099,Salmon Teriyaki,L01,Downtown,Low Performer,Low Performer,True
M100,Prawn Curry,L01,Downtown,Low Performer,Low Performer,True
M101,Baked Cod,L01,Downtown,Low Performer,Low Performer,True
M102,Mussels Marinara,L01,Downtown,Profit Driver,Profit Driver,True
M104,Fish Tacos,L01,Downtown,Hidden Opportunity,Hidden Opportunity,True
M105,Shrimp Scampi,L01,Downtown,Hidden Opportunity,Hidden Opportunity,True
M106,Molten Lava Cake,L01,Downtown,Low Performer,Low Performer,True
M107,New York Cheesecake,L01,Downtown,Low Performer,Low Performer,True
M108,Gelato Trio,L01,Downtown,Low Performer,Low Performer,True
M109,Tiramisu,L01,Downtown,Hidden Opportunity,Hidden Opportunity,True
M110,Chocolate Brownie,L01,Downtown,Low Performer,Low Performer,True
M111,Creme Brulee,L01,Downtown,Low Performer,Low Performer,True
M112,Apple Pie,L01,Downtown,Low Performer,Low Performer,True
M113,Sticky Toffee Pudding,L01,Downtown,Hidden Opportunity,Hidden Opportunity,True
M114,Banoffee Pie,L01,Downtown,Low Performer,Low Performer,True
M115,Panna Cotta,L01,Downtown,Hidden Opportunity,Hidden Opportunity,True
M140,Side Salad,L01,Downtown,Volume Driver,Volume Driver,True
M095,Lobster Thermidor,L01,Downtown,Hidden Opportunity,Hidden Opportunity,True
M141,Garlic Naan,L01,Downtown,Profit Driver,Profit Driver,True
M143,Cheese Dip,L01,Downtown,Low Performer,Low Performer,True
M017,Butter Chicken,L02,Harborview,Hidden Opportunity,Hidden Opportunity,True
M018,Grilled Salmon,L02,Harborview,Hidden Opportunity,Hidden Opportunity,True
M019,Mushroom Risotto,L02,Harborview,Hidden Opportunity,Hidden Opportunity,True
M020,Beef Stroganoff,L02,Harborview,Low Performer,Low Performer,True
M021,Chicken Alfredo,L02,Harborview,Hidden Opportunity,Hidden Opportunity,True
M022,Lamb Rogan Josh,L02,Harborview,Hidden Opportunity,Hidden Opportunity,True
M023,Thai Green Curry,L02,Harborview,Low Performer,Low Performer,True
M024,Roast Chicken,L02,Harborview,Hidden Opportunity,Hidden Opportunity,True
M016,Signature Ribeye,L02,Harborview,Low Performer,Low Performer,True
M025,Beef Wellington,L02,Harborview,Hidden Opportunity,Hidden Opportunity,True
M027,Vegetable Korma,L02,Harborview,Low Performer,Low Performer,True
M028,Chicken Parmesan,L02,Harborview,Hidden Opportunity,Hidden Opportunity,True
M029,Pan-Seared Steak,L02,Harborview,Hidden Opportunity,Hidden Opportunity,True
M030,Paneer Tikka Masala,L02,Harborview,Hidden Opportunity,Hidden Opportunity,True
M031,Smoked Brisket,L02,Harborview,Hidden Opportunity,Hidden Opportunity,True
M032,BBQ Ribs Full Rack,L02,Harborview,Hidden Opportunity,Hidden Opportunity,True
M033,Peri Peri Chicken,L02,Harborview,Low Performer,Low Performer,True
M034,Lamb Chops,L02,Harborview,Hidden Opportunity,Hidden Opportunity,True
M026,Duck Confit,L02,Harborview,Low Performer,Low Performer,True
M015,Greek Salad,L02,Harborview,Low Performer,Low Performer,True
M014,Caesar Salad,L02,Harborview,Low Performer,Low Performer,True
M013,Prawn Tempura,L02,Harborview,Low Performer,Low Performer,True
M144,Sweet Potato Fries,L01,Downtown,Hidden Opportunity,Hidden Opportunity,True
M145,Rice Bowl,L01,Downtown,Hidden Opportunity,Hidden Opportunity,True
M146,Pita Bread,L01,Downtown,Hidden Opportunity,Hidden Opportunity,True
M147,Grilled Corn,L01,Downtown,Hidden Opportunity,Hidden Opportunity,True
M148,Extra Cheese,L01,Downtown,Hidden Opportunity,Hidden Opportunity,True
M149,Dinner Roll,L01,Downtown,Low Performer,Low Performer,True
M150,Pickle Plate,L01,Downtown,Low Performer,Low Performer,True
M001,Truffle Fries,L02,Harborview,Hidden Opportunity,Hidden Opportunity,True
M002,Loaded Nachos,L02,Harborview,Hidden Opportunity,Hidden Opportunity,True
M003,Soup of the Day,L02,Harborview,Low Performer,Low Performer,True
M004,Calamari Rings,L02,Harborview,Low Performer,Low Performer,True
M005,Chicken Wings,L02,Harborview,Low Performer,Low Performer,True
M006,Spring Rolls,L02,Harborview,Hidden Opportunity,Hidden Opportunity,True
M007,Garlic Bread,L02,Harborview,Low Performer,Low Performer,True
M008,Bruschetta,L02,Harborview,Hidden Opportunity,Hidden Opportunity,True
M009,Hummus Platter,L02,Harborview,Low Performer,Low Performer,True
M010,Stuffed Mushrooms,L02,Harborview,Hidden Opportunity,Hidden Opportunity,True
M011,Cheese Sticks,L02,Harborview,Low Performer,Low Performer,True
M012,Onion Rings,L02,Harborview,Low Performer,Low Performer,True
M142,Buttered Corn,L01,Downtown,Hidden Opportunity,Hidden Opportunity,True
M094,Crab Cakes,L01,Downtown,Low Performer,Low Performer,True
M093,Butter Garlic Shrimp,L01,Downtown,Hidden Opportunity,Hidden Opportunity,True
M092,Fish and Chips,L01,Downtown,Hidden Opportunity,Hidden Opportunity,True
M026,Duck Confit,L01,Downtown,Low Performer,Low Performer,True
M027,Vegetable Korma,L01,Downtown,Volume Driver,Volume Driver,True
M028,Chicken Parmesan,L01,Downtown,Hidden Opportunity,Hidden Opportunity,True
M030,Paneer Tikka Masala,L01,Downtown,Hidden Opportunity,Hidden Opportunity,True
M031,Smoked Brisket,L01,Downtown,Hidden Opportunity,Hidden Opportunity,True
M032,BBQ Ribs Full Rack,L01,Downtown,Hidden Opportunity,Hidden Opportunity,True
M033,Peri Peri Chicken,L01,Downtown,Low Performer,Low Performer,True
M034,Lamb Chops,L01,Downtown,Hidden Opportunity,Hidden Opportunity,True
M025,Beef Wellington,L01,Downtown,Hidden Opportunity,Hidden Opportunity,True
M035,Grilled Kebab Platter,L01,Downtown,Low Performer,Low Performer,True
M037,BBQ Pulled Pork,L01,Downtown,Hidden Opportunity,Hidden Opportunity,True
M038,Grilled Lamb Skewers,L01,Downtown,Low Performer,Low Performer,True
M039,Char-Grilled Steak,L01,Downtown,Low Performer,Low Performer,True
M040,Smoked Sausage Plate,L01,Downtown,Low Performer,Low Performer,True
M041,Chicken Tikka Skewers,L01,Downtown,Low Performer,Low Performer,True
M042,Grilled Veg Platter,L01,Downtown,Hidden Opportunity,Hidden Opportunity,True
M043,Beef Short Ribs,L01,Downtown,Hidden Opportunity,Hidden Opportunity,True
M044,Spicy Buffalo Wings,L01,Downtown,Low Performer,Low Performer,True
M036,Tandoori Chicken,L01,Downtown,Hidden Opportunity,Hidden Opportunity,True
M024,Roast Chicken,L01,Downtown,Hidden Opportunity,Hidden Opportunity,True
M023,Thai Green Curry,L01,Downtown,Low Performer,Low Performer,True
M022,Lamb Rogan Josh,L01,Downtown,Hidden Opportunity,Hidden Opportunity,True
M002,Loaded Nachos,L01,Downtown,Hidden Opportunity,Hidden Opportunity,True
M003,Soup of the Day,L01,Downtown,Low Performer,Low Performer,True
M004,Calamari Rings,L01,Downtown,Low Performer,Low Performer,True
M005,Chicken Wings,L01,Downtown,Low Performer,Low Performer,True
M006,Spring Rolls,L01,Downtown,Hidden Opportunity,Hidden Opportunity,True
M007,Garlic Bread,L01,Downtown,Low Performer,Low Performer,True
M008,Bruschetta,L01,Downtown,Hidden Opportunity,Hidden Opportunity,True
M010,Stuffed Mushrooms,L01,Downtown,Hidden Opportunity,Hidden Opportunity,True
M011,Cheese Sticks,L01,Downtown,Low Performer,Low Performer,True
M012,Onion Rings,L01,Downtown,Low Performer,Low Performer,True
M013,Prawn Tempura,L01,Downtown,Low Performer,Low Performer,True
M014,Caesar Salad,L01,Downtown,Low Performer,Low Performer,True
M015,Greek Salad,L01,Downtown,Low Performer,Low Performer,True
M016,Signature Ribeye,L01,Downtown,Low Performer,Low Performer,True
M017,Butter Chicken,L01,Downtown,Hidden Opportunity,Hidden Opportunity,True
M018,Grilled Salmon,L01,Downtown,Hidden Opportunity,Hidden Opportunity,True
M019,Mushroom Risotto,L01,Downtown,Hidden Opportunity,Hidden Opportunity,True
M020,Beef Stroganoff,L01,Downtown,Low Performer,Low Performer,True
M021,Chicken Alfredo,L01,Downtown,Hidden Opportunity,Hidden Opportunity,True
M045,Mixed Grill,L01,Downtown,Low Performer,Low Performer,True
M046,Margherita Pizza,L01,Downtown,Hidden Opportunity,Hidden Opportunity,True
M047,Pepperoni Pizza,L01,Downtown,Hidden Opportunity,Hidden Opportunity,True
M048,Truffle Carbonara,L01,Downtown,Low Performer,Low Performer,True
M073,BBQ Bacon Burger,L01,Downtown,Hidden Opportunity,Hidden Opportunity,True
M074,Spicy Zinger Burger,L01,Downtown,Hidden Opportunity,Hidden Opportunity,True
M075,Halloumi Burger,L01,Downtown,Low Performer,Low Performer,True
M076,Chicken Biryani,L01,Downtown,Low Performer,Low Performer,True
M077,Mutton Biryani,L01,Downtown,Hidden Opportunity,Hidden Opportunity,True
M078,Veg Biryani,L01,Downtown,Low Performer,Low Performer,True
M079,Egg Fried Rice,L01,Downtown,Hidden Opportunity,Hidden Opportunity,True
M080,Chicken Fried Rice,L01,Downtown,Hidden Opportunity,Hidden Opportunity,True
M081,Prawn Biryani,L01,Downtown,Hidden Opportunity,Hidden Opportunity,True
M082,Jeera Rice,L01,Downtown,Low Performer,Low Performer,True
M083,Mushroom Rice,L01,Downtown,Hidden Opportunity,Hidden Opportunity,True
M084,Beef Pulao,L01,Downtown,Low Performer,Low Performer,True
M085,Vegetable Pulao,L01,Downtown,Volume Driver,Volume Driver,True
M086,Schezwan Fried Rice,L01,Downtown,Hidden Opportunity,Hidden Opportunity,True
M087,Kabuli Pulao,L01,Downtown,Hidden Opportunity,Hidden Opportunity,True
M088,Lemon Rice,L01,Downtown,Hidden Opportunity,Hidden Opportunity,True
M089,Hyderabadi Biryani,L01,Downtown,Hidden Opportunity,Hidden Opportunity,True
M090,Steamed Basmati,L01,Downtown,Hidden Opportunity,Hidden Opportunity,True
M091,Grilled Prawns,L01,Downtown,Hidden Opportunity,Hidden Opportunity,True
M072,Philly Cheesesteak,L01,Downtown,Low Performer,Low Performer,True
M035,Grilled Kebab Platter,L02,Harborview,Low Performer,Low Performer,True
M071,Falafel Wrap,L01,Downtown,Hidden Opportunity,Hidden Opportunity,True
M069,Fish Burger,L01,Downtown,Hidden Opportunity,Hidden Opportunity,True
M049,Four Cheese Pasta,L01,Downtown,Low Performer,Low Performer,True
M050,BBQ Chicken Pizza,L01,Downtown,Hidden Opportunity,Hidden Opportunity,True
M051,Veggie Supreme Pizza,L01,Downtown,Hidden Opportunity,Hidden Opportunity,True
M052,Spaghetti Bolognese,L01,Downtown,Low Performer,Low Performer,True
M053,Penne Arrabbiata,L01,Downtown,Hidden Opportunity,Hidden Opportunity,True
M054,Lasagne al Forno,L01,Downtown,Hidden Opportunity,Hidden Opportunity,True
M055,Meat Feast Pizza,L01,Downtown,Hidden Opportunity,Hidden Opportunity,True
M056,Hawaiian Pizza,L01,Downtown,Hidden Opportunity,Hidden Opportunity,True
M057,Mushroom Pizza,L01,Downtown,Low Performer,Low Performer,True
M059,Mac and Cheese,L01,Downtown,Profit Driver,Profit Driver,True
M060,Pesto Pasta,L01,Downtown,Hidden Opportunity,Hidden Opportunity,True
M061,Classic Beef Burger,L01,Downtown,Hidden Opportunity,Hidden Opportunity,True
M062,Cheeseburger Deluxe,L01,Downtown,Low Performer,Low Performer,True
M063,Crispy Chicken Burger,L01,Downtown,Low Performer,Low Performer,True
M064,Double Bacon Burger,L01,Downtown,Low Performer,Low Performer,True
M065,Veggie Burger,L01,Downtown,Hidden Opportunity,Hidden Opportunity,True
M066,Pulled Pork Sandwich,L01,Downtown,Low Performer,Low Performer,True
M067,Club Sandwich,L01,Downtown,Profit Driver,Profit Driver,True
M068,Grilled Chicken Wrap,L01,Downtown,Hidden Opportunity,Hidden Opportunity,True
M070,Steak Sandwich,L01,Downtown,Hidden Opportunity,Hidden Opportunity,True
M036,Tandoori Chicken,L02,Harborview,Hidden Opportunity,Hidden Opportunity,True
M037,BBQ Pulled Pork,L02,Harborview,Hidden Opportunity,Hidden Opportunity,True
M038,Grilled Lamb Skewers,L02,Harborview,Low Performer,Low Performer,True
M007,Garlic Bread,L03,Uptown,Low Performer,Low Performer,True
M008,Bruschetta,L03,Uptown,Hidden Opportunity,Hidden Opportunity,True
M009,Hummus Platter,L03,Uptown,Volume Driver,Volume Driver,True
M010,Stuffed Mushrooms,L03,Uptown,Hidden Opportunity,Hidden Opportunity,True
M011,Cheese Sticks,L03,Uptown,Low Performer,Low Performer,True
M012,Onion Rings,L03,Uptown,Low Performer,Low Performer,True
M013,Prawn Tempura,L03,Uptown,Low Performer,Low Performer,True
M014,Caesar Salad,L03,Uptown,Low Performer,Low Performer,True
M006,Spring Rolls,L03,Uptown,Hidden Opportunity,Hidden Opportunity,True
M015,Greek Salad,L03,Uptown,Low Performer,Low Performer,True
M017,Butter Chicken,L03,Uptown,Hidden Opportunity,Hidden Opportunity,True
M018,Grilled Salmon,L03,Uptown,Profit Driver,Profit Driver,True
M019,Mushroom Risotto,L03,Uptown,Hidden Opportunity,Hidden Opportunity,True
M020,Beef Stroganoff,L03,Uptown,Low Performer,Low Performer,True
M021,Chicken Alfredo,L03,Uptown,Hidden Opportunity,Hidden Opportunity,True
M022,Lamb Rogan Josh,L03,Uptown,Hidden Opportunity,Hidden Opportunity,True
M023,Thai Green Curry,L03,Uptown,Low Performer,Low Performer,True
M024,Roast Chicken,L03,Uptown,Hidden Opportunity,Hidden Opportunity,True
M016,Signature Ribeye,L03,Uptown,Low Performer,Low Performer,True
M005,Chicken Wings,L03,Uptown,Low Performer,Low Performer,True
M004,Calamari Rings,L03,Uptown,Low Performer,Low Performer,True
M003,Soup of the Day,L03,Uptown,Low Performer,Low Performer,True
M132,Virgin Mojito,L02,Harborview,Hidden Opportunity,Hidden Opportunity,True
M133,Espresso,L02,Harborview,Low Performer,Low Performer,True
M134,Berry Smoothie,L02,Harborview,Hidden Opportunity,Hidden Opportunity,True
M135,Salted Caramel Frappe,L02,Harborview,Hidden Opportunity,Hidden Opportunity,True
M136,French Fries,L02,Harborview,Low Performer,Low Performer,True
M137,Mashed Potatoes,L02,Harborview,Low Performer,Low Performer,True
M138,Steamed Vegetables,L02,Harborview,Hidden Opportunity,Hidden Opportunity,True
M139,Coleslaw,L02,Harborview,Low Performer,Low Performer,True
M142,Buttered Corn,L02,Harborview,Hidden Opportunity,Hidden Opportunity,True
M143,Cheese Dip,L02,Harborview,Low Performer,Low Performer,True
M144,Sweet Potato Fries,L02,Harborview,Hidden Opportunity,Hidden Opportunity,True
M145,Rice Bowl,L02,Harborview,Hidden Opportunity,Hidden Opportunity,True
M146,Pita Bread,L02,Harborview,Hidden Opportunity,Hidden Opportunity,True
M147,Grilled Corn,L02,Harborview,Hidden Opportunity,Hidden Opportunity,True
M148,Extra Cheese,L02,Harborview,Hidden Opportunity,Hidden Opportunity,True
M149,Dinner Roll,L02,Harborview,Low Performer,Low Performer,True
M150,Pickle Plate,L02,Harborview,Low Performer,Low Performer,True
M001,Truffle Fries,L03,Uptown,Hidden Opportunity,Hidden Opportunity,True
M002,Loaded Nachos,L03,Uptown,Hidden Opportunity,Hidden Opportunity,True
M026,Duck Confit,L03,Uptown,Low Performer,Low Performer,True
M027,Vegetable Korma,L03,Uptown,Low Performer,Low Performer,True
M028,Chicken Parmesan,L03,Uptown,Hidden Opportunity,Hidden Opportunity,True
M029,Pan-Seared Steak,L03,Uptown,Profit Driver,Profit Driver,True
M055,Meat Feast Pizza,L03,Uptown,Hidden Opportunity,Hidden Opportunity,True
M056,Hawaiian Pizza,L03,Uptown,Hidden Opportunity,Hidden Opportunity,True
M057,Mushroom Pizza,L03,Uptown,Low Performer,Low Performer,True
M058,Seafood Linguine,L03,Uptown,Profit Driver,Profit Driver,True
M059,Mac and Cheese,L03,Uptown,Hidden Opportunity,Hidden Opportunity,True
M061,Classic Beef Burger,L03,Uptown,Hidden Opportunity,Hidden Opportunity,True
M063,Crispy Chicken Burger,L03,Uptown,Low Performer,Low Performer,True
M064,Double Bacon Burger,L03,Uptown,Low Performer,Low Performer,True
M066,Pulled Pork Sandwich,L03,Uptown,Low Performer,Low Performer,True
M067,Club Sandwich,L03,Uptown,Profit Driver,Profit Driver,True
M068,Grilled Chicken Wrap,L03,Uptown,Hidden Opportunity,Hidden Opportunity,True
M069,Fish Burger,L03,Uptown,Hidden Opportunity,Hidden Opportunity,True
M071,Falafel Wrap,L03,Uptown,Hidden Opportunity,Hidden Opportunity,True
M073,BBQ Bacon Burger,L03,Uptown,Hidden Opportunity,Hidden Opportunity,True
M074,Spicy Zinger Burger,L03,Uptown,Hidden Opportunity,Hidden Opportunity,True
M075,Halloumi Burger,L03,Uptown,Low Performer,Low Performer,True
M077,Mutton Biryani,L03,Uptown,Hidden Opportunity,Hidden Opportunity,True
M078,Veg Biryani,L03,Uptown,Low Performer,Low Performer,True
M080,Chicken Fried Rice,L03,Uptown,Hidden Opportunity,Hidden Opportunity,True
M054,Lasagne al Forno,L03,Uptown,Hidden Opportunity,Hidden Opportunity,True
M131,Coca-Cola,L02,Harborview,Low Performer,Low Performer,True
M053,Penne Arrabbiata,L03,Uptown,Hidden Opportunity,Hidden Opportunity,True
M051,Veggie Supreme Pizza,L03,Uptown,Hidden Opportunity,Hidden Opportunity,True
M030,Paneer Tikka Masala,L03,Uptown,Hidden Opportunity,Hidden Opportunity,True
M031,Smoked Brisket,L03,Uptown,Hidden Opportunity,Hidden Opportunity,True
M032,BBQ Ribs Full Rack,L03,Uptown,Hidden Opportunity,Hidden Opportunity,True
M033,Peri Peri Chicken,L03,Uptown,Low Performer,Low Performer,True
M034,Lamb Chops,L03,Uptown,Hidden Opportunity,Hidden Opportunity,True
M035,Grilled Kebab Platter,L03,Uptown,Low Performer,Low Performer,True
M036,Tandoori Chicken,L03,Uptown,Hidden Opportunity,Hidden Opportunity,True
M037,BBQ Pulled Pork,L03,Uptown,Hidden Opportunity,Hidden Opportunity,True
M038,Grilled Lamb Skewers,L03,Uptown,Low Performer,Low Performer,True
M039,Char-Grilled Steak,L03,Uptown,Volume Driver,Volume Driver,True
M040,Smoked Sausage Plate,L03,Uptown,Low Performer,Low Performer,True
M041,Chicken Tikka Skewers,L03,Uptown,Low Performer,Low Performer,True
M042,Grilled Veg Platter,L03,Uptown,Profit Driver,Profit Driver,True
M043,Beef Short Ribs,L03,Uptown,Hidden Opportunity,Hidden Opportunity,True
M046,Margherita Pizza,L03,Uptown,Hidden Opportunity,Hidden Opportunity,True
M047,Pepperoni Pizza,L03,Uptown,Hidden Opportunity,Hidden Opportunity,True
M048,Truffle Carbonara,L03,Uptown,Low Performer,Low Performer,True
M049,Four Cheese Pasta,L03,Uptown,Low Performer,Low Performer,True
M050,BBQ Chicken Pizza,L03,Uptown,Hidden Opportunity,Hidden Opportunity,True
M052,Spaghetti Bolognese,L03,Uptown,Low Performer,Low Performer,True
M020,Beef Stroganoff,L06,Grand Mall,Low Performer,Low Performer,True
M130,Green Tea,L02,Harborview,Hidden Opportunity,Hidden Opportunity,True
M128,Cappuccino,L02,Harborview,Low Performer,Low Performer,True
M062,Cheeseburger Deluxe,L02,Harborview,Low Performer,Low Performer,True
M063,Crispy Chicken Burger,L02,Harborview,Low Performer,Low Performer,True
M064,Double Bacon Burger,L02,Harborview,Low Performer,Low Performer,True
M065,Veggie Burger,L02,Harborview,Hidden Opportunity,Hidden Opportunity,True
M066,Pulled Pork Sandwich,L02,Harborview,Low Performer,Low Performer,True
M067,Club Sandwich,L02,Harborview,Profit Driver,Profit Driver,True
M068,Grilled Chicken Wrap,L02,Harborview,Hidden Opportunity,Hidden Opportunity,True
M069,Fish Burger,L02,Harborview,Hidden Opportunity,Hidden Opportunity,True
M061,Classic Beef Burger,L02,Harborview,Hidden Opportunity,Hidden Opportunity,True
M070,Steak Sandwich,L02,Harborview,Hidden Opportunity,Hidden Opportunity,True
M072,Philly Cheesesteak,L02,Harborview,Low Performer,Low Performer,True
M073,BBQ Bacon Burger,L02,Harborview,Hidden Opportunity,Hidden Opportunity,True
M074,Spicy Zinger Burger,L02,Harborview,Hidden Opportunity,Hidden Opportunity,True
M076,Chicken Biryani,L02,Harborview,Low Performer,Low Performer,True
M077,Mutton Biryani,L02,Harborview,Hidden Opportunity,Hidden Opportunity,True
M078,Veg Biryani,L02,Harborview,Low Performer,Low Performer,True
M079,Egg Fried Rice,L02,Harborview,Hidden Opportunity,Hidden Opportunity,True
M080,Chicken Fried Rice,L02,Harborview,Hidden Opportunity,Hidden Opportunity,True
M071,Falafel Wrap,L02,Harborview,Hidden Opportunity,Hidden Opportunity,True
M060,Pesto Pasta,L02,Harborview,Hidden Opportunity,Hidden Opportunity,True
M059,Mac and Cheese,L02,Harborview,Hidden Opportunity,Hidden Opportunity,True
M058,Seafood Linguine,L02,Harborview,Profit Driver,Profit Driver,True
M039,Char-Grilled Steak,L02,Harborview,Low Performer,Low Performer,True
M040,Smoked Sausage Plate,L02,Harborview,Low Performer,Low Performer,True
M041,Chicken Tikka Skewers,L02,Harborview,Low Performer,Low Performer,True
M042,Grilled Veg Platter,L02,Harborview,Hidden Opportunity,Hidden Opportunity,True
M043,Beef Short Ribs,L02,Harborview,Hidden Opportunity,Hidden Opportunity,True
M044,Spicy Buffalo Wings,L02,Harborview,Low Performer,Low Performer,True
M045,Mixed Grill,L02,Harborview,Low Performer,Low Performer,True
M046,Margherita Pizza,L02,Harborview,Hidden Opportunity,Hidden Opportunity,True
M047,Pepperoni Pizza,L02,Harborview,Hidden Opportunity,Hidden Opportunity,True
M048,Truffle Carbonara,L02,Harborview,Low Performer,Low Performer,True
M049,Four Cheese Pasta,L02,Harborview,Low Performer,Low Performer,True
M050,BBQ Chicken Pizza,L02,Harborview,Hidden Opportunity,Hidden Opportunity,True
M051,Veggie Supreme Pizza,L02,Harborview,Hidden Opportunity,Hidden Opportunity,True
M052,Spaghetti Bolognese,L02,Harborview,Low Performer,Low Performer,True
M053,Penne Arrabbiata,L02,Harborview,Hidden Opportunity,Hidden Opportunity,True
M054,Lasagne al Forno,L02,Harborview,Hidden Opportunity,Hidden Opportunity,True
M055,Meat Feast Pizza,L02,Harborview,Hidden Opportunity,Hidden Opportunity,True
M056,Hawaiian Pizza,L02,Harborview,Hidden Opportunity,Hidden Opportunity,True
M057,Mushroom Pizza,L02,Harborview,Low Performer,Low Performer,True
M081,Prawn Biryani,L02,Harborview,Hidden Opportunity,Hidden Opportunity,True
M082,Jeera Rice,L02,Harborview,Low Performer,Low Performer,True
M083,Mushroom Rice,L02,Harborview,Hidden Opportunity,Hidden Opportunity,True
M084,Beef Pulao,L02,Harborview,Low Performer,Low Performer,True
M108,Gelato Trio,L02,Harborview,Low Performer,Low Performer,True
M109,Tiramisu,L02,Harborview,Hidden Opportunity,Hidden Opportunity,True
M110,Chocolate Brownie,L02,Harborview,Low Performer,Low Performer,True
M111,Creme Brulee,L02,Harborview,Low Performer,Low Performer,True
M112,Apple Pie,L02,Harborview,Low Performer,Low Performer,True
M113,Sticky Toffee Pudding,L02,Harborview,Hidden Opportunity,Hidden Opportunity,True
M114,Banoffee Pie,L02,Harborview,Low Performer,Low Performer,True
M115,Panna Cotta,L02,Harborview,Hidden Opportunity,Hidden Opportunity,True
M116,Fruit Tart,L02,Harborview,Low Performer,Low Performer,True
M117,Ice Cream Sundae,L02,Harborview,Hidden Opportunity,Hidden Opportunity,True
M119,Carrot Cake,L02,Harborview,Hidden Opportunity,Hidden Opportunity,True
M120,Red Velvet Slice,L02,Harborview,Hidden Opportunity,Hidden Opportunity,True
M121,Fresh Lemonade,L02,Harborview,Hidden Opportunity,Hidden Opportunity,True
M122,Craft Cold Brew,L02,Harborview,Hidden Opportunity,Hidden Opportunity,True
M123,Mango Smoothie,L02,Harborview,Low Performer,Low Performer,True
M124,Iced Latte,L02,Harborview,Volume Driver,Volume Driver,True
M125,Masala Chai,L02,Harborview,Hidden Opportunity,Hidden Opportunity,True
M126,Fresh Orange Juice,L02,Harborview,Hidden Opportunity,Hidden Opportunity,True
M127,Sparkling Water,L02,Harborview,Hidden Opportunity,Hidden Opportunity,True
M107,New York Cheesecake,L02,Harborview,Low Performer,Low Performer,True
M129,Strawberry Milkshake,L02,Harborview,Hidden Opportunity,Hidden Opportunity,True
M106,Molten Lava Cake,L02,Harborview,Low Performer,Low Performer,True
M104,Fish Tacos,L02,Harborview,Hidden Opportunity,Hidden Opportunity,True
M085,Vegetable Pulao,L02,Harborview,Low Performer,Low Performer,True
M086,Schezwan Fried Rice,L02,Harborview,Hidden Opportunity,Hidden Opportunity,True
M087,Kabuli Pulao,L02,Harborview,Hidden Opportunity,Hidden Opportunity,True
M088,Lemon Rice,L02,Harborview,Hidden Opportunity,Hidden Opportunity,True
M089,Hyderabadi Biryani,L02,Harborview,Hidden Opportunity,Hidden Opportunity,True
M090,Steamed Basmati,L02,Harborview,Hidden Opportunity,Hidden Opportunity,True
M091,Grilled Prawns,L02,Harborview,Hidden Opportunity,Hidden Opportunity,True
M092,Fish and Chips,L02,Harborview,Hidden Opportunity,Hidden Opportunity,True
M093,Butter Garlic Shrimp,L02,Harborview,Hidden Opportunity,Hidden Opportunity,True
M094,Crab Cakes,L02,Harborview,Low Performer,Low Performer,True
M095,Lobster Thermidor,L02,Harborview,Hidden Opportunity,Hidden Opportunity,True
M096,Fried Calamari,L02,Harborview,Low Performer,Low Performer,True
M097,Grilled Octopus,L02,Harborview,Hidden Opportunity,Hidden Opportunity,True
M098,Seafood Platter,L02,Harborview,Hidden Opportunity,Hidden Opportunity,True
M099,Salmon Teriyaki,L02,Harborview,Low Performer,Low Performer,True
M100,Prawn Curry,L02,Harborview,Low Performer,Low Performer,True
M101,Baked Cod,L02,Harborview,Low Performer,Low Performer,True
M102,Mussels Marinara,L02,Harborview,Hidden Opportunity,Hidden Opportunity,True
M103,Tuna Steak,L02,Harborview,Hidden Opportunity,Hidden Opportunity,True
M105,Shrimp Scampi,L02,Harborview,Hidden Opportunity,Hidden Opportunity,True
M021,Chicken Alfredo,L06,Grand Mall,Hidden Opportunity,Hidden Opportunity,True
M022,Lamb Rogan Josh,L06,Grand Mall,Hidden Opportunity,Hidden Opportunity,True
M023,Thai Green Curry,L06,Grand Mall,Low Performer,Low Performer,True
M090,Steamed Basmati,L09,Tech Park,Hidden Opportunity,Hidden Opportunity,True
M091,Grilled Prawns,L09,Tech Park,Hidden Opportunity,Hidden Opportunity,True
M092,Fish and Chips,L09,Tech Park,Hidden Opportunity,Hidden Opportunity,True
M093,Butter Garlic Shrimp,L09,Tech Park,Hidden Opportunity,Hidden Opportunity,True
M094,Crab Cakes,L09,Tech Park,Low Performer,Low Performer,True
M095,Lobster Thermidor,L09,Tech Park,Hidden Opportunity,Hidden Opportunity,True
M096,Fried Calamari,L09,Tech Park,Low Performer,Low Performer,True
M097,Grilled Octopus,L09,Tech Park,Hidden Opportunity,Hidden Opportunity,True
M089,Hyderabadi Biryani,L09,Tech Park,Hidden Opportunity,Hidden Opportunity,True
M098,Seafood Platter,L09,Tech Park,Hidden Opportunity,Hidden Opportunity,True
M100,Prawn Curry,L09,Tech Park,Low Performer,Low Performer,True
M101,Baked Cod,L09,Tech Park,Low Performer,Low Performer,True
M102,Mussels Marinara,L09,Tech Park,Hidden Opportunity,Hidden Opportunity,True
M103,Tuna Steak,L09,Tech Park,Profit Driver,Profit Driver,True
M104,Fish Tacos,L09,Tech Park,Hidden Opportunity,Hidden Opportunity,True
M105,Shrimp Scampi,L09,Tech Park,Hidden Opportunity,Hidden Opportunity,True
M106,Molten Lava Cake,L09,Tech Park,Low Performer,Low Performer,True
M107,New York Cheesecake,L09,Tech Park,Low Performer,Low Performer,True
M099,Salmon Teriyaki,L09,Tech Park,Low Performer,Low Performer,True
M088,Lemon Rice,L09,Tech Park,Hidden Opportunity,Hidden Opportunity,True
M087,Kabuli Pulao,L09,Tech Park,Hidden Opportunity,Hidden Opportunity,True
M086,Schezwan Fried Rice,L09,Tech Park,Hidden Opportunity,Hidden Opportunity,True
M066,Pulled Pork Sandwich,L09,Tech Park,Low Performer,Low Performer,True
M068,Grilled Chicken Wrap,L09,Tech Park,Hidden Opportunity,Hidden Opportunity,True
M069,Fish Burger,L09,Tech Park,Hidden Opportunity,Hidden Opportunity,True
M070,Steak Sandwich,L09,Tech Park,Hidden Opportunity,Hidden Opportunity,True
M071,Falafel Wrap,L09,Tech Park,Hidden Opportunity,Hidden Opportunity,True
M072,Philly Cheesesteak,L09,Tech Park,Low Performer,Low Performer,True
M073,BBQ Bacon Burger,L09,Tech Park,Hidden Opportunity,Hidden Opportunity,True
M074,Spicy Zinger Burger,L09,Tech Park,Hidden Opportunity,Hidden Opportunity,True
M075,Halloumi Burger,L09,Tech Park,Low Performer,Low Performer,True
M076,Chicken Biryani,L09,Tech Park,Low Performer,Low Performer,True
M077,Mutton Biryani,L09,Tech Park,Hidden Opportunity,Hidden Opportunity,True
M078,Veg Biryani,L09,Tech Park,Low Performer,Low Performer,True
M079,Egg Fried Rice,L09,Tech Park,Hidden Opportunity,Hidden Opportunity,True
M080,Chicken Fried Rice,L09,Tech Park,Hidden Opportunity,Hidden Opportunity,True
M081,Prawn Biryani,L09,Tech Park,Hidden Opportunity,Hidden Opportunity,True
M082,Jeera Rice,L09,Tech Park,Low Performer,Low Performer,True
M083,Mushroom Rice,L09,Tech Park,Hidden Opportunity,Hidden Opportunity,True
M084,Beef Pulao,L09,Tech Park,Low Performer,Low Performer,True
M085,Vegetable Pulao,L09,Tech Park,Low Performer,Low Performer,True
M108,Gelato Trio,L09,Tech Park,Low Performer,Low Performer,True
M065,Veggie Burger,L09,Tech Park,Hidden Opportunity,Hidden Opportunity,True
M109,Tiramisu,L09,Tech Park,Hidden Opportunity,Hidden Opportunity,True
M111,Creme Brulee,L09,Tech Park,Low Performer,Low Performer,True
M137,Mashed Potatoes,L09,Tech Park,Low Performer,Low Performer,True
M138,Steamed Vegetables,L09,Tech Park,Hidden Opportunity,Hidden Opportunity,True
M139,Coleslaw,L09,Tech Park,Low Performer,Low Performer,True
M142,Buttered Corn,L09,Tech Park,Hidden Opportunity,Hidden Opportunity,True
M143,Cheese Dip,L09,Tech Park,Low Performer,Low Performer,True
M144,Sweet Potato Fries,L09,Tech Park,Hidden Opportunity,Hidden Opportunity,True
M146,Pita Bread,L09,Tech Park,Hidden Opportunity,Hidden Opportunity,True
M147,Grilled Corn,L09,Tech Park,Hidden Opportunity,Hidden Opportunity,True
M136,French Fries,L09,Tech Park,Low Performer,Low Performer,True
M148,Extra Cheese,L09,Tech Park,Hidden Opportunity,Hidden Opportunity,True
M150,Pickle Plate,L09,Tech Park,Low Performer,Low Performer,True
M001,Truffle Fries,L10,Station Square,Hidden Opportunity,Hidden Opportunity,True
M002,Loaded Nachos,L10,Station Square,Hidden Opportunity,Hidden Opportunity,True
M003,Soup of the Day,L10,Station Square,Low Performer,Low Performer,True
M004,Calamari Rings,L10,Station Square,Low Performer,Low Performer,True
M005,Chicken Wings,L10,Station Square,Low Performer,Low Performer,True
M006,Spring Rolls,L10,Station Square,Hidden Opportunity,Hidden Opportunity,True
M007,Garlic Bread,L10,Station Square,Low Performer,Low Performer,True
M149,Dinner Roll,L09,Tech Park,Low Performer,Low Performer,True
M135,Salted Caramel Frappe,L09,Tech Park,Hidden Opportunity,Hidden Opportunity,True
M134,Berry Smoothie,L09,Tech Park,Hidden Opportunity,Hidden Opportunity,True
M133,Espresso,L09,Tech Park,Low Performer,Low Performer,True
M112,Apple Pie,L09,Tech Park,Low Performer,Low Performer,True
M113,Sticky Toffee Pudding,L09,Tech Park,Hidden Opportunity,Hidden Opportunity,True
M114,Banoffee Pie,L09,Tech Park,Low Performer,Low Performer,True
M115,Panna Cotta,L09,Tech Park,Hidden Opportunity,Hidden Opportunity,True
M116,Fruit Tart,L09,Tech Park,Low Performer,Low Performer,True
M117,Ice Cream Sundae,L09,Tech Park,Hidden Opportunity,Hidden Opportunity,True
M119,Carrot Cake,L09,Tech Park,Hidden Opportunity,Hidden Opportunity,True
M120,Red Velvet Slice,L09,Tech Park,Hidden Opportunity,Hidden Opportunity,True
M121,Fresh Lemonade,L09,Tech Park,Hidden Opportunity,Hidden Opportunity,True
M122,Craft Cold Brew,L09,Tech Park,Hidden Opportunity,Hidden Opportunity,True
M123,Mango Smoothie,L09,Tech Park,Low Performer,Low Performer,True
M125,Masala Chai,L09,Tech Park,Hidden Opportunity,Hidden Opportunity,True
M126,Fresh Orange Juice,L09,Tech Park,Profit Driver,Profit Driver,True
M127,Sparkling Water,L09,Tech Park,Hidden Opportunity,Hidden Opportunity,True
M128,Cappuccino,L09,Tech Park,Low Performer,Low Performer,True
M129,Strawberry Milkshake,L09,Tech Park,Hidden Opportunity,Hidden Opportunity,True
M130,Green Tea,L09,Tech Park,Hidden Opportunity,Hidden Opportunity,True
M131,Coca-Cola,L09,Tech Park,Low Performer,Low Performer,True
M132,Virgin Mojito,L09,Tech Park,Hidden Opportunity,Hidden Opportunity,True
M110,Chocolate Brownie,L09,Tech Park,Low Performer,Low Performer,True
M064,Double Bacon Burger,L09,Tech Park,Low Performer,Low Performer,True
M063,Crispy Chicken Burger,L09,Tech Park,Low Performer,Low Performer,True
M062,Cheeseburger Deluxe,L09,Tech Park,Low Performer,Low Performer,True
M146,Pita Bread,L08,Lakeside,Hidden Opportunity,Hidden Opportunity,True
M147,Grilled Corn,L08,Lakeside,Hidden Opportunity,Hidden Opportunity,True
M148,Extra Cheese,L08,Lakeside,Hidden Opportunity,Hidden Opportunity,True
M149,Dinner Roll,L08,Lakeside,Low Performer,Low Performer,True
M150,Pickle Plate,L08,Lakeside,Low Performer,Low Performer,True
M001,Truffle Fries,L09,Tech Park,Hidden Opportunity,Hidden Opportunity,True
M002,Loaded Nachos,L09,Tech Park,Hidden Opportunity,Hidden Opportunity,True
M003,Soup of the Day,L09,Tech Park,Low Performer,Low Performer,True
M145,Rice Bowl,L08,Lakeside,Low Performer,Low Performer,True
M004,Calamari Rings,L09,Tech Park,Low Performer,Low Performer,True
M006,Spring Rolls,L09,Tech Park,Hidden Opportunity,Hidden Opportunity,True
M007,Garlic Bread,L09,Tech Park,Low Performer,Low Performer,True
M008,Bruschetta,L09,Tech Park,Low Performer,Low Performer,True
M009,Hummus Platter,L09,Tech Park,Low Performer,Low Performer,True
M010,Stuffed Mushrooms,L09,Tech Park,Hidden Opportunity,Hidden Opportunity,True
M011,Cheese Sticks,L09,Tech Park,Low Performer,Low Performer,True
M012,Onion Rings,L09,Tech Park,Low Performer,Low Performer,True
M013,Prawn Tempura,L09,Tech Park,Low Performer,Low Performer,True
M005,Chicken Wings,L09,Tech Park,Low Performer,Low Performer,True
M144,Sweet Potato Fries,L08,Lakeside,Hidden Opportunity,Hidden Opportunity,True
M143,Cheese Dip,L08,Lakeside,Low Performer,Low Performer,True
M142,Buttered Corn,L08,Lakeside,Hidden Opportunity,Hidden Opportunity,True
M119,Carrot Cake,L08,Lakeside,Hidden Opportunity,Hidden Opportunity,True
M120,Red Velvet Slice,L08,Lakeside,Hidden Opportunity,Hidden Opportunity,True
M121,Fresh Lemonade,L08,Lakeside,Hidden Opportunity,Hidden Opportunity,True
M122,Craft Cold Brew,L08,Lakeside,Hidden Opportunity,Hidden Opportunity,True
M123,Mango Smoothie,L08,Lakeside,Low Performer,Low Performer,True
M125,Masala Chai,L08,Lakeside,Hidden Opportunity,Hidden Opportunity,True
M126,Fresh Orange Juice,L08,Lakeside,Hidden Opportunity,Hidden Opportunity,True
M127,Sparkling Water,L08,Lakeside,Hidden Opportunity,Hidden Opportunity,True
M128,Cappuccino,L08,Lakeside,Low Performer,Low Performer,True
M129,Strawberry Milkshake,L08,Lakeside,Hidden Opportunity,Hidden Opportunity,True
M130,Green Tea,L08,Lakeside,Hidden Opportunity,Hidden Opportunity,True
M131,Coca-Cola,L08,Lakeside,Low Performer,Low Performer,True
M132,Virgin Mojito,L08,Lakeside,Profit Driver,Profit Driver,True
M133,Espresso,L08,Lakeside,Low Performer,Low Performer,True
M134,Berry Smoothie,L08,Lakeside,Hidden Opportunity,Hidden Opportunity,True
M136,French Fries,L08,Lakeside,Low Performer,Low Performer,True
M137,Mashed Potatoes,L08,Lakeside,Low Performer,Low Performer,True
M138,Steamed Vegetables,L08,Lakeside,Hidden Opportunity,Hidden Opportunity,True
M139,Coleslaw,L08,Lakeside,Low Performer,Low Performer,True
M014,Caesar Salad,L09,Tech Park,Low Performer,Low Performer,True
M015,Greek Salad,L09,Tech Park,Low Performer,Low Performer,True
M016,Signature Ribeye,L09,Tech Park,Low Performer,Low Performer,True
M017,Butter Chicken,L09,Tech Park,Hidden Opportunity,Hidden Opportunity,True
M043,Beef Short Ribs,L09,Tech Park,Hidden Opportunity,Hidden Opportunity,True
M044,Spicy Buffalo Wings,L09,Tech Park,Low Performer,Low Performer,True
M045,Mixed Grill,L09,Tech Park,Low Performer,Low Performer,True
M046,Margherita Pizza,L09,Tech Park,Hidden Opportunity,Hidden Opportunity,True
M047,Pepperoni Pizza,L09,Tech Park,Hidden Opportunity,Hidden Opportunity,True
M048,Truffle Carbonara,L09,Tech Park,Low Performer,Low Performer,True
M049,Four Cheese Pasta,L09,Tech Park,Low Performer,Low Performer,True
M050,BBQ Chicken Pizza,L09,Tech Park,Hidden Opportunity,Hidden Opportunity,True
M051,Veggie Supreme Pizza,L09,Tech Park,Hidden Opportunity,Hidden Opportunity,True
M052,Spaghetti Bolognese,L09,Tech Park,Low Performer,Low Performer,True
M053,Penne Arrabbiata,L09,Tech Park,Hidden Opportunity,Hidden Opportunity,True
M054,Lasagne al Forno,L09,Tech Park,Hidden Opportunity,Hidden Opportunity,True
M055,Meat Feast Pizza,L09,Tech Park,Hidden Opportunity,Hidden Opportunity,True
M056,Hawaiian Pizza,L09,Tech Park,Hidden Opportunity,Hidden Opportunity,True
M057,Mushroom Pizza,L09,Tech Park,Low Performer,Low Performer,True
M058,Seafood Linguine,L09,Tech Park,Hidden Opportunity,Hidden Opportunity,True
M059,Mac and Cheese,L09,Tech Park,Hidden Opportunity,Hidden Opportunity,True
M060,Pesto Pasta,L09,Tech Park,Hidden Opportunity,Hidden Opportunity,True
M061,Classic Beef Burger,L09,Tech Park,Hidden Opportunity,Hidden Opportunity,True
M042,Grilled Veg Platter,L09,Tech Park,Hidden Opportunity,Hidden Opportunity,True
M010,Stuffed Mushrooms,L10,Station Square,Hidden Opportunity,Hidden Opportunity,True
M041,Chicken Tikka Skewers,L09,Tech Park,Low Performer,Low Performer,True
M039,Char-Grilled Steak,L09,Tech Park,Low Performer,Low Performer,True
M018,Grilled Salmon,L09,Tech Park,Hidden Opportunity,Hidden Opportunity,True
M019,Mushroom Risotto,L09,Tech Park,Hidden Opportunity,Hidden Opportunity,True
M020,Beef Stroganoff,L09,Tech Park,Low Performer,Low Performer,True
M021,Chicken Alfredo,L09,Tech Park,Hidden Opportunity,Hidden Opportunity,True
M022,Lamb Rogan Josh,L09,Tech Park,Hidden Opportunity,Hidden Opportunity,True
M023,Thai Green Curry,L09,Tech Park,Low Performer,Low Performer,True
M024,Roast Chicken,L09,Tech Park,Hidden Opportunity,Hidden Opportunity,True
M025,Beef Wellington,L09,Tech Park,Hidden Opportunity,Hidden Opportunity,True
M026,Duck Confit,L09,Tech Park,Low Performer,Low Performer,True
M027,Vegetable Korma,L09,Tech Park,Low Performer,Low Performer,True
M028,Chicken Parmesan,L09,Tech Park,Hidden Opportunity,Hidden Opportunity,True
M030,Paneer Tikka Masala,L09,Tech Park,Hidden Opportunity,Hidden Opportunity,True
M031,Smoked Brisket,L09,Tech Park,Hidden Opportunity,Hidden Opportunity,True
M032,BBQ Ribs Full Rack,L09,Tech Park,Hidden Opportunity,Hidden Opportunity,True
M033,Peri Peri Chicken,L09,Tech Park,Low Performer,Low Performer,True
M034,Lamb Chops,L09,Tech Park,Hidden Opportunity,Hidden Opportunity,True
M035,Grilled Kebab Platter,L09,Tech Park,Low Performer,Low Performer,True
M037,BBQ Pulled Pork,L09,Tech Park,Hidden Opportunity,Hidden Opportunity,True
M038,Grilled Lamb Skewers,L09,Tech Park,Low Performer,Low Performer,True
M040,Smoked Sausage Plate,L09,Tech Park,Low Performer,Low Performer,True
M011,Cheese Sticks,L10,Station Square,Low Performer,Low Performer,True
M012,Onion Rings,L10,Station Square,Low Performer,Low Performer,True
M013,Prawn Tempura,L10,Station Square,Low Performer,Low Performer,True
M129,Strawberry Milkshake,L10,Station Square,Hidden Opportunity,Hidden Opportunity,True
M130,Green Tea,L10,Station Square,Hidden Opportunity,Hidden Opportunity,True
M131,Coca-Cola,L10,Station Square,Low Performer,Low Performer,True
M132,Virgin Mojito,L10,Station Square,Hidden Opportunity,Hidden Opportunity,True
M133,Espresso,L10,Station Square,Low Performer,Low Performer,True
M134,Berry Smoothie,L10,Station Square,Hidden Opportunity,Hidden Opportunity,True
M135,Salted Caramel Frappe,L10,Station Square,Hidden Opportunity,Hidden Opportunity,True
M136,French Fries,L10,Station Square,Low Performer,Low Performer,True
M128,Cappuccino,L10,Station Square,Low Performer,Low Performer,True
M137,Mashed Potatoes,L10,Station Square,Low Performer,Low Performer,True
M140,Side Salad,L10,Station Square,Volume Driver,Volume Driver,True
M141,Garlic Naan,L10,Station Square,Profit Driver,Profit Driver,True
M142,Buttered Corn,L10,Station Square,Hidden Opportunity,Hidden Opportunity,True
M143,Cheese Dip,L10,Station Square,Low Performer,Low Performer,True
M144,Sweet Potato Fries,L10,Station Square,Hidden Opportunity,Hidden Opportunity,True
M145,Rice Bowl,L10,Station Square,Hidden Opportunity,Hidden Opportunity,True
M146,Pita Bread,L10,Station Square,Hidden Opportunity,Hidden Opportunity,True
M147,Grilled Corn,L10,Station Square,Hidden Opportunity,Hidden Opportunity,True
M139,Coleslaw,L10,Station Square,Low Performer,Low Performer,True
M127,Sparkling Water,L10,Station Square,Hidden Opportunity,Hidden Opportunity,True
M126,Fresh Orange Juice,L10,Station Square,Hidden Opportunity,Hidden Opportunity,True
M125,Masala Chai,L10,Station Square,Hidden Opportunity,Hidden Opportunity,True
M105,Shrimp Scampi,L10,Station Square,Hidden Opportunity,Hidden Opportunity,True
M106,Molten Lava Cake,L10,Station Square,Low Performer,Low Performer,True
M107,New York Cheesecake,L10,Station Square,Low Performer,Low Performer,True
M108,Gelato Trio,L10,Station Square,Low Performer,Low Performer,True
M109,Tiramisu,L10,Station Square,Hidden Opportunity,Hidden Opportunity,True
M110,Chocolate Brownie,L10,Station Square,Low Performer,Low Performer,True
M111,Creme Brulee,L10,Station Square,Low Performer,Low Performer,True
M112,Apple Pie,L10,Station Square,Low Performer,Low Performer,True
M113,Sticky Toffee Pudding,L10,Station Square,Hidden Opportunity,Hidden Opportunity,True
M114,Banoffee Pie,L10,Station Square,Low Performer,Low Performer,True
M115,Panna Cotta,L10,Station Square,Hidden Opportunity,Hidden Opportunity,True
M116,Fruit Tart,L10,Station Square,Low Performer,Low Performer,True
M117,Ice Cream Sundae,L10,Station Square,Hidden Opportunity,Hidden Opportunity,True
M118,Baklava,L10,Station Square,Volume Driver,Volume Driver,True
M119,Carrot Cake,L10,Station Square,Hidden Opportunity,Hidden Opportunity,True
M120,Red Velvet Slice,L10,Station Square,Hidden Opportunity,Hidden Opportunity,True
M121,Fresh Lemonade,L10,Station Square,Hidden Opportunity,Hidden Opportunity,True
M122,Craft Cold Brew,L10,Station Square,Hidden Opportunity,Hidden Opportunity,True
M123,Mango Smoothie,L10,Station Square,Low Performer,Low Performer,True
M148,Extra Cheese,L10,Station Square,Hidden Opportunity,Hidden Opportunity,True
M149,Dinner Roll,L10,Station Square,Low Performer,Low Performer,True
M149,Dinner Roll,L20,Palm Court,Low Performer,Low Performer,True
M001,Truffle Fries,L11,Beachfront,Hidden Opportunity,Hidden Opportunity,True
M028,Chicken Parmesan,L11,Beachfront,Hidden Opportunity,Hidden Opportunity,True
M029,Pan-Seared Steak,L11,Beachfront,Profit Driver,Profit Driver,True
M030,Paneer Tikka Masala,L11,Beachfront,Hidden Opportunity,Hidden Opportunity,True
M031,Smoked Brisket,L11,Beachfront,Hidden Opportunity,Hidden Opportunity,True
M032,BBQ Ribs Full Rack,L11,Beachfront,Hidden Opportunity,Hidden Opportunity,True
M033,Peri Peri Chicken,L11,Beachfront,Low Performer,Low Performer,True
M034,Lamb Chops,L11,Beachfront,Hidden Opportunity,Hidden Opportunity,True
M035,Grilled Kebab Platter,L11,Beachfront,Low Performer,Low Performer,True
M036,Tandoori Chicken,L11,Beachfront,Hidden Opportunity,Hidden Opportunity,True
M037,BBQ Pulled Pork,L11,Beachfront,Hidden Opportunity,Hidden Opportunity,True
M038,Grilled Lamb Skewers,L11,Beachfront,Low Performer,Low Performer,True
M039,Char-Grilled Steak,L11,Beachfront,Low Performer,Low Performer,True
M040,Smoked Sausage Plate,L11,Beachfront,Low Performer,Low Performer,True
M041,Chicken Tikka Skewers,L11,Beachfront,Low Performer,Low Performer,True
M042,Grilled Veg Platter,L11,Beachfront,Hidden Opportunity,Hidden Opportunity,True
M043,Beef Short Ribs,L11,Beachfront,Hidden Opportunity,Hidden Opportunity,True
M045,Mixed Grill,L11,Beachfront,Low Performer,Low Performer,True
M046,Margherita Pizza,L11,Beachfront,Hidden Opportunity,Hidden Opportunity,True
M047,Pepperoni Pizza,L11,Beachfront,Hidden Opportunity,Hidden Opportunity,True
M027,Vegetable Korma,L11,Beachfront,Low Performer,Low Performer,True
M104,Fish Tacos,L10,Station Square,Hidden Opportunity,Hidden Opportunity,True
M026,Duck Confit,L11,Beachfront,Volume Driver,Volume Driver,True
M023,Thai Green Curry,L11,Beachfront,Low Performer,Low Performer,True
M002,Loaded Nachos,L11,Beachfront,Hidden Opportunity,Hidden Opportunity,True
M003,Soup of the Day,L11,Beachfront,Low Performer,Low Performer,True
M004,Calamari Rings,L11,Beachfront,Low Performer,Low Performer,True
M005,Chicken Wings,L11,Beachfront,Low Performer,Low Performer,True
M006,Spring Rolls,L11,Beachfront,Hidden Opportunity,Hidden Opportunity,True
M007,Garlic Bread,L11,Beachfront,Low Performer,Low Performer,True
M008,Bruschetta,L11,Beachfront,Low Performer,Low Performer,True
M010,Stuffed Mushrooms,L11,Beachfront,Hidden Opportunity,Hidden Opportunity,True
M011,Cheese Sticks,L11,Beachfront,Low Performer,Low Performer,True
M012,Onion Rings,L11,Beachfront,Low Performer,Low Performer,True
M013,Prawn Tempura,L11,Beachfront,Low Performer,Low Performer,True
M014,Caesar Salad,L11,Beachfront,Low Performer,Low Performer,True
M015,Greek Salad,L11,Beachfront,Low Performer,Low Performer,True
M016,Signature Ribeye,L11,Beachfront,Low Performer,Low Performer,True
M017,Butter Chicken,L11,Beachfront,Hidden Opportunity,Hidden Opportunity,True
M019,Mushroom Risotto,L11,Beachfront,Hidden Opportunity,Hidden Opportunity,True
M020,Beef Stroganoff,L11,Beachfront,Low Performer,Low Performer,True
M021,Chicken Alfredo,L11,Beachfront,Hidden Opportunity,Hidden Opportunity,True
M022,Lamb Rogan Josh,L11,Beachfront,Hidden Opportunity,Hidden Opportunity,True
M024,Roast Chicken,L11,Beachfront,Hidden Opportunity,Hidden Opportunity,True
M117,Ice Cream Sundae,L08,Lakeside,Hidden Opportunity,Hidden Opportunity,True
M103,Tuna Steak,L10,Station Square,Profit Driver,Profit Driver,True
M101,Baked Cod,L10,Station Square,Low Performer,Low Performer,True
M037,BBQ Pulled Pork,L10,Station Square,Hidden Opportunity,Hidden Opportunity,True
M038,Grilled Lamb Skewers,L10,Station Square,Low Performer,Low Performer,True
M039,Char-Grilled Steak,L10,Station Square,Low Performer,Low Performer,True
M040,Smoked Sausage Plate,L10,Station Square,Low Performer,Low Performer,True
M041,Chicken Tikka Skewers,L10,Station Square,Low Performer,Low Performer,True
M042,Grilled Veg Platter,L10,Station Square,Hidden Opportunity,Hidden Opportunity,True
M043,Beef Short Ribs,L10,Station Square,Hidden Opportunity,Hidden Opportunity,True
M044,Spicy Buffalo Wings,L10,Station Square,Low Performer,Low Performer,True
M036,Tandoori Chicken,L10,Station Square,Hidden Opportunity,Hidden Opportunity,True
M045,Mixed Grill,L10,Station Square,Low Performer,Low Performer,True
M047,Pepperoni Pizza,L10,Station Square,Hidden Opportunity,Hidden Opportunity,True
M048,Truffle Carbonara,L10,Station Square,Low Performer,Low Performer,True
M049,Four Cheese Pasta,L10,Station Square,Low Performer,Low Performer,True
M050,BBQ Chicken Pizza,L10,Station Square,Hidden Opportunity,Hidden Opportunity,True
M051,Veggie Supreme Pizza,L10,Station Square,Hidden Opportunity,Hidden Opportunity,True
M052,Spaghetti Bolognese,L10,Station Square,Low Performer,Low Performer,True
M053,Penne Arrabbiata,L10,Station Square,Hidden Opportunity,Hidden Opportunity,True
M054,Lasagne al Forno,L10,Station Square,Hidden Opportunity,Hidden Opportunity,True
M046,Margherita Pizza,L10,Station Square,Hidden Opportunity,Hidden Opportunity,True
M035,Grilled Kebab Platter,L10,Station Square,Low Performer,Low Performer,True
M034,Lamb Chops,L10,Station Square,Hidden Opportunity,Hidden Opportunity,True
M033,Peri Peri Chicken,L10,Station Square,Low Performer,Low Performer,True
M014,Caesar Salad,L10,Station Square,Low Performer,Low Performer,True
M015,Greek Salad,L10,Station Square,Low Performer,Low Performer,True
M016,Signature Ribeye,L10,Station Square,Low Performer,Low Performer,True
M017,Butter Chicken,L10,Station Square,Hidden Opportunity,Hidden Opportunity,True
M018,Grilled Salmon,L10,Station Square,Profit Driver,Profit Driver,True
M019,Mushroom Risotto,L10,Station Square,Hidden Opportunity,Hidden Opportunity,True
M020,Beef Stroganoff,L10,Station Square,Low Performer,Low Performer,True
M021,Chicken Alfredo,L10,Station Square,Hidden Opportunity,Hidden Opportunity,True
M022,Lamb Rogan Josh,L10,Station Square,Hidden Opportunity,Hidden Opportunity,True
M023,Thai Green Curry,L10,Station Square,Low Performer,Low Performer,True
M024,Roast Chicken,L10,Station Square,Hidden Opportunity,Hidden Opportunity,True
M025,Beef Wellington,L10,Station Square,Hidden Opportunity,Hidden Opportunity,True
M026,Duck Confit,L10,Station Square,Low Performer,Low Performer,True
M027,Vegetable Korma,L10,Station Square,Low Performer,Low Performer,True
M028,Chicken Parmesan,L10,Station Square,Hidden Opportunity,Hidden Opportunity,True
M029,Pan-Seared Steak,L10,Station Square,Profit Driver,Profit Driver,True
M030,Paneer Tikka Masala,L10,Station Square,Hidden Opportunity,Hidden Opportunity,True
M031,Smoked Brisket,L10,Station Square,Hidden Opportunity,Hidden Opportunity,True
M032,BBQ Ribs Full Rack,L10,Station Square,Hidden Opportunity,Hidden Opportunity,True
M055,Meat Feast Pizza,L10,Station Square,Hidden Opportunity,Hidden Opportunity,True
M056,Hawaiian Pizza,L10,Station Square,Hidden Opportunity,Hidden Opportunity,True
M057,Mushroom Pizza,L10,Station Square,Low Performer,Low Performer,True
M058,Seafood Linguine,L10,Station Square,Profit Driver,Profit Driver,True
M082,Jeera Rice,L10,Station Square,Low Performer,Low Performer,True
M083,Mushroom Rice,L10,Station Square,Hidden Opportunity,Hidden Opportunity,True
M084,Beef Pulao,L10,Station Square,Low Performer,Low Performer,True
M085,Vegetable Pulao,L10,Station Square,Volume Driver,Volume Driver,True
M086,Schezwan Fried Rice,L10,Station Square,Hidden Opportunity,Hidden Opportunity,True
M087,Kabuli Pulao,L10,Station Square,Hidden Opportunity,Hidden Opportunity,True
M088,Lemon Rice,L10,Station Square,Hidden Opportunity,Hidden Opportunity,True
M089,Hyderabadi Biryani,L10,Station Square,Hidden Opportunity,Hidden Opportunity,True
M090,Steamed Basmati,L10,Station Square,Hidden Opportunity,Hidden Opportunity,True
M091,Grilled Prawns,L10,Station Square,Hidden Opportunity,Hidden Opportunity,True
M092,Fish and Chips,L10,Station Square,Hidden Opportunity,Hidden Opportunity,True
M093,Butter Garlic Shrimp,L10,Station Square,Hidden Opportunity,Hidden Opportunity,True
M094,Crab Cakes,L10,Station Square,Low Performer,Low Performer,True
M095,Lobster Thermidor,L10,Station Square,Hidden Opportunity,Hidden Opportunity,True
M096,Fried Calamari,L10,Station Square,Low Performer,Low Performer,True
M097,Grilled Octopus,L10,Station Square,Hidden Opportunity,Hidden Opportunity,True
M098,Seafood Platter,L10,Station Square,Hidden Opportunity,Hidden Opportunity,True
M099,Salmon Teriyaki,L10,Station Square,Low Performer,Low Performer,True
M100,Prawn Curry,L10,Station Square,Low Performer,Low Performer,True
M081,Prawn Biryani,L10,Station Square,Hidden Opportunity,Hidden Opportunity,True
M102,Mussels Marinara,L10,Station Square,Hidden Opportunity,Hidden Opportunity,True
M080,Chicken Fried Rice,L10,Station Square,Hidden Opportunity,Hidden Opportunity,True
M078,Veg Biryani,L10,Station Square,Low Performer,Low Performer,True
M059,Mac and Cheese,L10,Station Square,Hidden Opportunity,Hidden Opportunity,True
M060,Pesto Pasta,L10,Station Square,Hidden Opportunity,Hidden Opportunity,True
M061,Classic Beef Burger,L10,Station Square,Hidden Opportunity,Hidden Opportunity,True
M062,Cheeseburger Deluxe,L10,Station Square,Low Performer,Low Performer,True
M063,Crispy Chicken Burger,L10,Station Square,Low Performer,Low Performer,True
M064,Double Bacon Burger,L10,Station Square,Low Performer,Low Performer,True
M065,Veggie Burger,L10,Station Square,Hidden Opportunity,Hidden Opportunity,True
M066,Pulled Pork Sandwich,L10,Station Square,Low Performer,Low Performer,True
M067,Club Sandwich,L10,Station Square,Profit Driver,Profit Driver,True
M068,Grilled Chicken Wrap,L10,Station Square,Hidden Opportunity,Hidden Opportunity,True
M069,Fish Burger,L10,Station Square,Hidden Opportunity,Hidden Opportunity,True
M070,Steak Sandwich,L10,Station Square,Profit Driver,Profit Driver,True
M071,Falafel Wrap,L10,Station Square,Hidden Opportunity,Hidden Opportunity,True
M072,Philly Cheesesteak,L10,Station Square,Low Performer,Low Performer,True
M073,BBQ Bacon Burger,L10,Station Square,Hidden Opportunity,Hidden Opportunity,True
M074,Spicy Zinger Burger,L10,Station Square,Hidden Opportunity,Hidden Opportunity,True
M075,Halloumi Burger,L10,Station Square,Low Performer,Low Performer,True
M076,Chicken Biryani,L10,Station Square,Low Performer,Low Performer,True
M077,Mutton Biryani,L10,Station Square,Hidden Opportunity,Hidden Opportunity,True
M079,Egg Fried Rice,L10,Station Square,Hidden Opportunity,Hidden Opportunity,True
M049,Four Cheese Pasta,L11,Beachfront,Low Performer,Low Performer,True
M116,Fruit Tart,L08,Lakeside,Low Performer,Low Performer,True
M114,Banoffee Pie,L08,Lakeside,Low Performer,Low Performer,True
M145,Rice Bowl,L06,Grand Mall,Hidden Opportunity,Hidden Opportunity,True
M146,Pita Bread,L06,Grand Mall,Hidden Opportunity,Hidden Opportunity,True
M147,Grilled Corn,L06,Grand Mall,Hidden Opportunity,Hidden Opportunity,True
M148,Extra Cheese,L06,Grand Mall,Hidden Opportunity,Hidden Opportunity,True
M149,Dinner Roll,L06,Grand Mall,Low Performer,Low Performer,True
M150,Pickle Plate,L06,Grand Mall,Low Performer,Low Performer,True
M001,Truffle Fries,L07,Old Town,Hidden Opportunity,Hidden Opportunity,True
M002,Loaded Nachos,L07,Old Town,Hidden Opportunity,Hidden Opportunity,True
M144,Sweet Potato Fries,L06,Grand Mall,Hidden Opportunity,Hidden Opportunity,True
M003,Soup of the Day,L07,Old Town,Low Performer,Low Performer,True
M005,Chicken Wings,L07,Old Town,Low Performer,Low Performer,True
M006,Spring Rolls,L07,Old Town,Hidden Opportunity,Hidden Opportunity,True
M007,Garlic Bread,L07,Old Town,Low Performer,Low Performer,True
M009,Hummus Platter,L07,Old Town,Volume Driver,Volume Driver,True
M010,Stuffed Mushrooms,L07,Old Town,Hidden Opportunity,Hidden Opportunity,True
M011,Cheese Sticks,L07,Old Town,Low Performer,Low Performer,True
M012,Onion Rings,L07,Old Town,Low Performer,Low Performer,True
M013,Prawn Tempura,L07,Old Town,Volume Driver,Volume Driver,True
M004,Calamari Rings,L07,Old Town,Low Performer,Low Performer,True
M143,Cheese Dip,L06,Grand Mall,Low Performer,Low Performer,True
M142,Buttered Corn,L06,Grand Mall,Hidden Opportunity,Hidden Opportunity,True
M141,Garlic Naan,L06,Grand Mall,Profit Driver,Profit Driver,True
M121,Fresh Lemonade,L06,Grand Mall,Hidden Opportunity,Hidden Opportunity,True
M122,Craft Cold Brew,L06,Grand Mall,Hidden Opportunity,Hidden Opportunity,True
M123,Mango Smoothie,L06,Grand Mall,Low Performer,Low Performer,True
M125,Masala Chai,L06,Grand Mall,Hidden Opportunity,Hidden Opportunity,True
M126,Fresh Orange Juice,L06,Grand Mall,Hidden Opportunity,Hidden Opportunity,True
M127,Sparkling Water,L06,Grand Mall,Hidden Opportunity,Hidden Opportunity,True
M128,Cappuccino,L06,Grand Mall,Low Performer,Low Performer,True
M129,Strawberry Milkshake,L06,Grand Mall,Hidden Opportunity,Hidden Opportunity,True
M130,Green Tea,L06,Grand Mall,Hidden Opportunity,Hidden Opportunity,True
M131,Coca-Cola,L06,Grand Mall,Low Performer,Low Performer,True
M132,Virgin Mojito,L06,Grand Mall,Hidden Opportunity,Hidden Opportunity,True
M133,Espresso,L06,Grand Mall,Low Performer,Low Performer,True
M134,Berry Smoothie,L06,Grand Mall,Hidden Opportunity,Hidden Opportunity,True
M135,Salted Caramel Frappe,L06,Grand Mall,Hidden Opportunity,Hidden Opportunity,True
M136,French Fries,L06,Grand Mall,Low Performer,Low Performer,True
M137,Mashed Potatoes,L06,Grand Mall,Low Performer,Low Performer,True
M138,Steamed Vegetables,L06,Grand Mall,Hidden Opportunity,Hidden Opportunity,True
M139,Coleslaw,L06,Grand Mall,Low Performer,Low Performer,True
M140,Side Salad,L06,Grand Mall,Volume Driver,Volume Driver,True
M014,Caesar Salad,L07,Old Town,Low Performer,Low Performer,True
M120,Red Velvet Slice,L06,Grand Mall,Hidden Opportunity,Hidden Opportunity,True
M015,Greek Salad,L07,Old Town,Low Performer,Low Performer,True
M017,Butter Chicken,L07,Old Town,Hidden Opportunity,Hidden Opportunity,True
M043,Beef Short Ribs,L07,Old Town,Hidden Opportunity,Hidden Opportunity,True
M044,Spicy Buffalo Wings,L07,Old Town,Low Performer,Low Performer,True
M045,Mixed Grill,L07,Old Town,Low Performer,Low Performer,True
M046,Margherita Pizza,L07,Old Town,Hidden Opportunity,Hidden Opportunity,True
M047,Pepperoni Pizza,L07,Old Town,Hidden Opportunity,Hidden Opportunity,True
M048,Truffle Carbonara,L07,Old Town,Low Performer,Low Performer,True
M050,BBQ Chicken Pizza,L07,Old Town,Hidden Opportunity,Hidden Opportunity,True
M051,Veggie Supreme Pizza,L07,Old Town,Hidden Opportunity,Hidden Opportunity,True
M042,Grilled Veg Platter,L07,Old Town,Hidden Opportunity,Hidden Opportunity,True
M052,Spaghetti Bolognese,L07,Old Town,Low Performer,Low Performer,True
M054,Lasagne al Forno,L07,Old Town,Hidden Opportunity,Hidden Opportunity,True
M055,Meat Feast Pizza,L07,Old Town,Hidden Opportunity,Hidden Opportunity,True
M056,Hawaiian Pizza,L07,Old Town,Hidden Opportunity,Hidden Opportunity,True
M057,Mushroom Pizza,L07,Old Town,Low Performer,Low Performer,True
M058,Seafood Linguine,L07,Old Town,Profit Driver,Profit Driver,True
M059,Mac and Cheese,L07,Old Town,Hidden Opportunity,Hidden Opportunity,True
M060,Pesto Pasta,L07,Old Town,Hidden Opportunity,Hidden Opportunity,True
M061,Classic Beef Burger,L07,Old Town,Hidden Opportunity,Hidden Opportunity,True
M053,Penne Arrabbiata,L07,Old Town,Hidden Opportunity,Hidden Opportunity,True
M041,Chicken Tikka Skewers,L07,Old Town,Low Performer,Low Performer,True
M040,Smoked Sausage Plate,L07,Old Town,Low Performer,Low Performer,True
M039,Char-Grilled Steak,L07,Old Town,Low Performer,Low Performer,True
M019,Mushroom Risotto,L07,Old Town,Hidden Opportunity,Hidden Opportunity,True
M020,Beef Stroganoff,L07,Old Town,Low Performer,Low Performer,True
M021,Chicken Alfredo,L07,Old Town,Hidden Opportunity,Hidden Opportunity,True
M022,Lamb Rogan Josh,L07,Old Town,Hidden Opportunity,Hidden Opportunity,True
M023,Thai Green Curry,L07,Old Town,Low Performer,Low Performer,True
M024,Roast Chicken,L07,Old Town,Hidden Opportunity,Hidden Opportunity,True
M025,Beef Wellington,L07,Old Town,Hidden Opportunity,Hidden Opportunity,True
M026,Duck Confit,L07,Old Town,Low Performer,Low Performer,True
M027,Vegetable Korma,L07,Old Town,Low Performer,Low Performer,True
M028,Chicken Parmesan,L07,Old Town,Hidden Opportunity,Hidden Opportunity,True
M030,Paneer Tikka Masala,L07,Old Town,Hidden Opportunity,Hidden Opportunity,True
M031,Smoked Brisket,L07,Old Town,Hidden Opportunity,Hidden Opportunity,True
M032,BBQ Ribs Full Rack,L07,Old Town,Hidden Opportunity,Hidden Opportunity,True
M033,Peri Peri Chicken,L07,Old Town,Low Performer,Low Performer,True
M034,Lamb Chops,L07,Old Town,Hidden Opportunity,Hidden Opportunity,True
M035,Grilled Kebab Platter,L07,Old Town,Low Performer,Low Performer,True
M036,Tandoori Chicken,L07,Old Town,Hidden Opportunity,Hidden Opportunity,True
M037,BBQ Pulled Pork,L07,Old Town,Hidden Opportunity,Hidden Opportunity,True
M038,Grilled Lamb Skewers,L07,Old Town,Low Performer,Low Performer,True
M016,Signature Ribeye,L07,Old Town,Low Performer,Low Performer,True
M119,Carrot Cake,L06,Grand Mall,Low Performer,Low Performer,True
M118,Baklava,L06,Grand Mall,Volume Driver,Volume Driver,True
M117,Ice Cream Sundae,L06,Grand Mall,Hidden Opportunity,Hidden Opportunity,True
M051,Veggie Supreme Pizza,L06,Grand Mall,Hidden Opportunity,Hidden Opportunity,True
M052,Spaghetti Bolognese,L06,Grand Mall,Low Performer,Low Performer,True
M053,Penne Arrabbiata,L06,Grand Mall,Hidden Opportunity,Hidden Opportunity,True
M054,Lasagne al Forno,L06,Grand Mall,Hidden Opportunity,Hidden Opportunity,True
M055,Meat Feast Pizza,L06,Grand Mall,Hidden Opportunity,Hidden Opportunity,True
M056,Hawaiian Pizza,L06,Grand Mall,Hidden Opportunity,Hidden Opportunity,True
M057,Mushroom Pizza,L06,Grand Mall,Low Performer,Low Performer,True
M059,Mac and Cheese,L06,Grand Mall,Hidden Opportunity,Hidden Opportunity,True
M050,BBQ Chicken Pizza,L06,Grand Mall,Hidden Opportunity,Hidden Opportunity,True
M060,Pesto Pasta,L06,Grand Mall,Profit Driver,Profit Driver,True
M062,Cheeseburger Deluxe,L06,Grand Mall,Low Performer,Low Performer,True
M063,Crispy Chicken Burger,L06,Grand Mall,Low Performer,Low Performer,True
M064,Double Bacon Burger,L06,Grand Mall,Low Performer,Low Performer,True
M065,Veggie Burger,L06,Grand Mall,Hidden Opportunity,Hidden Opportunity,True
M066,Pulled Pork Sandwich,L06,Grand Mall,Low Performer,Low Performer,True
M067,Club Sandwich,L06,Grand Mall,Profit Driver,Profit Driver,True
M068,Grilled Chicken Wrap,L06,Grand Mall,Low Performer,Low Performer,True
M069,Fish Burger,L06,Grand Mall,Hidden Opportunity,Hidden Opportunity,True
M061,Classic Beef Burger,L06,Grand Mall,Hidden Opportunity,Hidden Opportunity,True
M049,Four Cheese Pasta,L06,Grand Mall,Low Performer,Low Performer,True
M048,Truffle Carbonara,L06,Grand Mall,Volume Driver,Volume Driver,True
M047,Pepperoni Pizza,L06,Grand Mall,Hidden Opportunity,Hidden Opportunity,True
M024,Roast Chicken,L06,Grand Mall,Hidden Opportunity,Hidden Opportunity,True
M026,Duck Confit,L06,Grand Mall,Volume Driver,Volume Driver,True
M027,Vegetable Korma,L06,Grand Mall,Low Performer,Low Performer,True
M028,Chicken Parmesan,L06,Grand Mall,Hidden Opportunity,Hidden Opportunity,True
M030,Paneer Tikka Masala,L06,Grand Mall,Hidden Opportunity,Hidden Opportunity,True
M031,Smoked Brisket,L06,Grand Mall,Hidden Opportunity,Hidden Opportunity,True
M032,BBQ Ribs Full Rack,L06,Grand Mall,Hidden Opportunity,Hidden Opportunity,True
M033,Peri Peri Chicken,L06,Grand Mall,Low Performer,Low Performer,True
M034,Lamb Chops,L06,Grand Mall,Hidden Opportunity,Hidden Opportunity,True
M035,Grilled Kebab Platter,L06,Grand Mall,Low Performer,Low Performer,True
M036,Tandoori Chicken,L06,Grand Mall,Hidden Opportunity,Hidden Opportunity,True
M037,BBQ Pulled Pork,L06,Grand Mall,Hidden Opportunity,Hidden Opportunity,True
M038,Grilled Lamb Skewers,L06,Grand Mall,Low Performer,Low Performer,True
M040,Smoked Sausage Plate,L06,Grand Mall,Low Performer,Low Performer,True
M041,Chicken Tikka Skewers,L06,Grand Mall,Low Performer,Low Performer,True
M042,Grilled Veg Platter,L06,Grand Mall,Hidden Opportunity,Hidden Opportunity,True
M043,Beef Short Ribs,L06,Grand Mall,Low Performer,Low Performer,True
M045,Mixed Grill,L06,Grand Mall,Low Performer,Low Performer,True
M046,Margherita Pizza,L06,Grand Mall,Hidden Opportunity,Hidden Opportunity,True
M071,Falafel Wrap,L06,Grand Mall,Hidden Opportunity,Hidden Opportunity,True
M072,Philly Cheesesteak,L06,Grand Mall,Low Performer,Low Performer,True
M073,BBQ Bacon Burger,L06,Grand Mall,Hidden Opportunity,Hidden Opportunity,True
M074,Spicy Zinger Burger,L06,Grand Mall,Hidden Opportunity,Hidden Opportunity,True
M098,Seafood Platter,L06,Grand Mall,Hidden Opportunity,Hidden Opportunity,True
M099,Salmon Teriyaki,L06,Grand Mall,Low Performer,Low Performer,True
M100,Prawn Curry,L06,Grand Mall,Low Performer,Low Performer,True
M101,Baked Cod,L06,Grand Mall,Low Performer,Low Performer,True
M102,Mussels Marinara,L06,Grand Mall,Hidden Opportunity,Hidden Opportunity,True
M103,Tuna Steak,L06,Grand Mall,Profit Driver,Profit Driver,True
M104,Fish Tacos,L06,Grand Mall,Hidden Opportunity,Hidden Opportunity,True
M105,Shrimp Scampi,L06,Grand Mall,Hidden Opportunity,Hidden Opportunity,True
M106,Molten Lava Cake,L06,Grand Mall,Low Performer,Low Performer,True
M107,New York Cheesecake,L06,Grand Mall,Low Performer,Low Performer,True
M108,Gelato Trio,L06,Grand Mall,Low Performer,Low Performer,True
M109,Tiramisu,L06,Grand Mall,Hidden Opportunity,Hidden Opportunity,True
M110,Chocolate Brownie,L06,Grand Mall,Low Performer,Low Performer,True
M111,Creme Brulee,L06,Grand Mall,Low Performer,Low Performer,True
M112,Apple Pie,L06,Grand Mall,Low Performer,Low Performer,True
M113,Sticky Toffee Pudding,L06,Grand Mall,Hidden Opportunity,Hidden Opportunity,True
M114,Banoffee Pie,L06,Grand Mall,Low Performer,Low Performer,True
M115,Panna Cotta,L06,Grand Mall,Hidden Opportunity,Hidden Opportunity,True
M116,Fruit Tart,L06,Grand Mall,Low Performer,Low Performer,True
M097,Grilled Octopus,L06,Grand Mall,Profit Driver,Profit Driver,True
M062,Cheeseburger Deluxe,L07,Old Town,Low Performer,Low Performer,True
M096,Fried Calamari,L06,Grand Mall,Low Performer,Low Performer,True
M094,Crab Cakes,L06,Grand Mall,Volume Driver,Volume Driver,True
M075,Halloumi Burger,L06,Grand Mall,Low Performer,Low Performer,True
M076,Chicken Biryani,L06,Grand Mall,Low Performer,Low Performer,True
M077,Mutton Biryani,L06,Grand Mall,Hidden Opportunity,Hidden Opportunity,True
M078,Veg Biryani,L06,Grand Mall,Low Performer,Low Performer,True
M079,Egg Fried Rice,L06,Grand Mall,Hidden Opportunity,Hidden Opportunity,True
M080,Chicken Fried Rice,L06,Grand Mall,Hidden Opportunity,Hidden Opportunity,True
M081,Prawn Biryani,L06,Grand Mall,Hidden Opportunity,Hidden Opportunity,True
M082,Jeera Rice,L06,Grand Mall,Low Performer,Low Performer,True
M083,Mushroom Rice,L06,Grand Mall,Hidden Opportunity,Hidden Opportunity,True
M084,Beef Pulao,L06,Grand Mall,Low Performer,Low Performer,True
M085,Vegetable Pulao,L06,Grand Mall,Volume Driver,Volume Driver,True
M086,Schezwan Fried Rice,L06,Grand Mall,Hidden Opportunity,Hidden Opportunity,True
M087,Kabuli Pulao,L06,Grand Mall,Hidden Opportunity,Hidden Opportunity,True
M088,Lemon Rice,L06,Grand Mall,Hidden Opportunity,Hidden Opportunity,True
M089,Hyderabadi Biryani,L06,Grand Mall,Hidden Opportunity,Hidden Opportunity,True
M090,Steamed Basmati,L06,Grand Mall,Hidden Opportunity,Hidden Opportunity,True
M091,Grilled Prawns,L06,Grand Mall,Hidden Opportunity,Hidden Opportunity,True
M092,Fish and Chips,L06,Grand Mall,Hidden Opportunity,Hidden Opportunity,True
M093,Butter Garlic Shrimp,L06,Grand Mall,Hidden Opportunity,Hidden Opportunity,True
M095,Lobster Thermidor,L06,Grand Mall,Hidden Opportunity,Hidden Opportunity,True
M063,Crispy Chicken Burger,L07,Old Town,Low Performer,Low Performer,True
M064,Double Bacon Burger,L07,Old Town,Low Performer,Low Performer,True
M065,Veggie Burger,L07,Old Town,Hidden Opportunity,Hidden Opportunity,True
M041,Chicken Tikka Skewers,L08,Lakeside,Low Performer,Low Performer,True
M042,Grilled Veg Platter,L08,Lakeside,Hidden Opportunity,Hidden Opportunity,True
M046,Margherita Pizza,L08,Lakeside,Hidden Opportunity,Hidden Opportunity,True
M047,Pepperoni Pizza,L08,Lakeside,Hidden Opportunity,Hidden Opportunity,True
M048,Truffle Carbonara,L08,Lakeside,Low Performer,Low Performer,True
M050,BBQ Chicken Pizza,L08,Lakeside,Hidden Opportunity,Hidden Opportunity,True
M051,Veggie Supreme Pizza,L08,Lakeside,Hidden Opportunity,Hidden Opportunity,True
M052,Spaghetti Bolognese,L08,Lakeside,Low Performer,Low Performer,True
M040,Smoked Sausage Plate,L08,Lakeside,Low Performer,Low Performer,True
M053,Penne Arrabbiata,L08,Lakeside,Hidden Opportunity,Hidden Opportunity,True
M055,Meat Feast Pizza,L08,Lakeside,Hidden Opportunity,Hidden Opportunity,True
M056,Hawaiian Pizza,L08,Lakeside,Hidden Opportunity,Hidden Opportunity,True
M057,Mushroom Pizza,L08,Lakeside,Low Performer,Low Performer,True
M059,Mac and Cheese,L08,Lakeside,Hidden Opportunity,Hidden Opportunity,True
M060,Pesto Pasta,L08,Lakeside,Hidden Opportunity,Hidden Opportunity,True
M061,Classic Beef Burger,L08,Lakeside,Hidden Opportunity,Hidden Opportunity,True
M062,Cheeseburger Deluxe,L08,Lakeside,Low Performer,Low Performer,True
M063,Crispy Chicken Burger,L08,Lakeside,Low Performer,Low Performer,True
M054,Lasagne al Forno,L08,Lakeside,Hidden Opportunity,Hidden Opportunity,True
M038,Grilled Lamb Skewers,L08,Lakeside,Low Performer,Low Performer,True
M037,BBQ Pulled Pork,L08,Lakeside,Hidden Opportunity,Hidden Opportunity,True
M036,Tandoori Chicken,L08,Lakeside,Hidden Opportunity,Hidden Opportunity,True
M014,Caesar Salad,L08,Lakeside,Low Performer,Low Performer,True
M015,Greek Salad,L08,Lakeside,Low Performer,Low Performer,True
M016,Signature Ribeye,L08,Lakeside,Low Performer,Low Performer,True
M017,Butter Chicken,L08,Lakeside,Hidden Opportunity,Hidden Opportunity,True
M018,Grilled Salmon,L08,Lakeside,Hidden Opportunity,Hidden Opportunity,True
M019,Mushroom Risotto,L08,Lakeside,Hidden Opportunity,Hidden Opportunity,True
M020,Beef Stroganoff,L08,Lakeside,Low Performer,Low Performer,True
M021,Chicken Alfredo,L08,Lakeside,Hidden Opportunity,Hidden Opportunity,True
M022,Lamb Rogan Josh,L08,Lakeside,Hidden Opportunity,Hidden Opportunity,True
M023,Thai Green Curry,L08,Lakeside,Low Performer,Low Performer,True
M024,Roast Chicken,L08,Lakeside,Hidden Opportunity,Hidden Opportunity,True
M026,Duck Confit,L08,Lakeside,Low Performer,Low Performer,True
M027,Vegetable Korma,L08,Lakeside,Low Performer,Low Performer,True
M028,Chicken Parmesan,L08,Lakeside,Hidden Opportunity,Hidden Opportunity,True
M031,Smoked Brisket,L08,Lakeside,Hidden Opportunity,Hidden Opportunity,True
M032,BBQ Ribs Full Rack,L08,Lakeside,Hidden Opportunity,Hidden Opportunity,True
M033,Peri Peri Chicken,L08,Lakeside,Low Performer,Low Performer,True
M034,Lamb Chops,L08,Lakeside,Hidden Opportunity,Hidden Opportunity,True
M035,Grilled Kebab Platter,L08,Lakeside,Low Performer,Low Performer,True
M064,Double Bacon Burger,L08,Lakeside,Low Performer,Low Performer,True
M065,Veggie Burger,L08,Lakeside,Hidden Opportunity,Hidden Opportunity,True
M066,Pulled Pork Sandwich,L08,Lakeside,Low Performer,Low Performer,True
M067,Club Sandwich,L08,Lakeside,Profit Driver,Profit Driver,True
M093,Butter Garlic Shrimp,L08,Lakeside,Hidden Opportunity,Hidden Opportunity,True
M094,Crab Cakes,L08,Lakeside,Volume Driver,Volume Driver,True
M095,Lobster Thermidor,L08,Lakeside,Hidden Opportunity,Hidden Opportunity,True
M096,Fried Calamari,L08,Lakeside,Low Performer,Low Performer,True
M097,Grilled Octopus,L08,Lakeside,Hidden Opportunity,Hidden Opportunity,True
M098,Seafood Platter,L08,Lakeside,Hidden Opportunity,Hidden Opportunity,True
M099,Salmon Teriyaki,L08,Lakeside,Low Performer,Low Performer,True
M100,Prawn Curry,L08,Lakeside,Low Performer,Low Performer,True
M101,Baked Cod,L08,Lakeside,Low Performer,Low Performer,True
M102,Mussels Marinara,L08,Lakeside,Hidden Opportunity,Hidden Opportunity,True
M104,Fish Tacos,L08,Lakeside,Hidden Opportunity,Hidden Opportunity,True
M105,Shrimp Scampi,L08,Lakeside,Hidden Opportunity,Hidden Opportunity,True
M106,Molten Lava Cake,L08,Lakeside,Low Performer,Low Performer,True
M107,New York Cheesecake,L08,Lakeside,Low Performer,Low Performer,True
M109,Tiramisu,L08,Lakeside,Low Performer,Low Performer,True
M110,Chocolate Brownie,L08,Lakeside,Low Performer,Low Performer,True
M111,Creme Brulee,L08,Lakeside,Low Performer,Low Performer,True
M112,Apple Pie,L08,Lakeside,Low Performer,Low Performer,True
M113,Sticky Toffee Pudding,L08,Lakeside,Hidden Opportunity,Hidden Opportunity,True
M092,Fish and Chips,L08,Lakeside,Hidden Opportunity,Hidden Opportunity,True
M013,Prawn Tempura,L08,Lakeside,Low Performer,Low Performer,True
M091,Grilled Prawns,L08,Lakeside,Hidden Opportunity,Hidden Opportunity,True
M089,Hyderabadi Biryani,L08,Lakeside,Hidden Opportunity,Hidden Opportunity,True
M069,Fish Burger,L08,Lakeside,Hidden Opportunity,Hidden Opportunity,True
M070,Steak Sandwich,L08,Lakeside,Hidden Opportunity,Hidden Opportunity,True
M071,Falafel Wrap,L08,Lakeside,Hidden Opportunity,Hidden Opportunity,True
M072,Philly Cheesesteak,L08,Lakeside,Low Performer,Low Performer,True
M073,BBQ Bacon Burger,L08,Lakeside,Hidden Opportunity,Hidden Opportunity,True
M074,Spicy Zinger Burger,L08,Lakeside,Hidden Opportunity,Hidden Opportunity,True
M075,Halloumi Burger,L08,Lakeside,Low Performer,Low Performer,True
M076,Chicken Biryani,L08,Lakeside,Low Performer,Low Performer,True
M077,Mutton Biryani,L08,Lakeside,Hidden Opportunity,Hidden Opportunity,True
M078,Veg Biryani,L08,Lakeside,Low Performer,Low Performer,True
M079,Egg Fried Rice,L08,Lakeside,Hidden Opportunity,Hidden Opportunity,True
M080,Chicken Fried Rice,L08,Lakeside,Hidden Opportunity,Hidden Opportunity,True
M081,Prawn Biryani,L08,Lakeside,Hidden Opportunity,Hidden Opportunity,True
M082,Jeera Rice,L08,Lakeside,Low Performer,Low Performer,True
M083,Mushroom Rice,L08,Lakeside,Hidden Opportunity,Hidden Opportunity,True
M084,Beef Pulao,L08,Lakeside,Low Performer,Low Performer,True
M086,Schezwan Fried Rice,L08,Lakeside,Hidden Opportunity,Hidden Opportunity,True
M087,Kabuli Pulao,L08,Lakeside,Hidden Opportunity,Hidden Opportunity,True
M088,Lemon Rice,L08,Lakeside,Hidden Opportunity,Hidden Opportunity,True
M090,Steamed Basmati,L08,Lakeside,Hidden Opportunity,Hidden Opportunity,True
M115,Panna Cotta,L08,Lakeside,Hidden Opportunity,Hidden Opportunity,True
M012,Onion Rings,L08,Lakeside,Low Performer,Low Performer,True
M010,Stuffed Mushrooms,L08,Lakeside,Hidden Opportunity,Hidden Opportunity,True
M091,Grilled Prawns,L07,Old Town,Hidden Opportunity,Hidden Opportunity,True
M092,Fish and Chips,L07,Old Town,Hidden Opportunity,Hidden Opportunity,True
M093,Butter Garlic Shrimp,L07,Old Town,Hidden Opportunity,Hidden Opportunity,True
M095,Lobster Thermidor,L07,Old Town,Hidden Opportunity,Hidden Opportunity,True
M096,Fried Calamari,L07,Old Town,Low Performer,Low Performer,True
M097,Grilled Octopus,L07,Old Town,Hidden Opportunity,Hidden Opportunity,True
M098,Seafood Platter,L07,Old Town,Hidden Opportunity,Hidden Opportunity,True
M099,Salmon Teriyaki,L07,Old Town,Low Performer,Low Performer,True
M090,Steamed Basmati,L07,Old Town,Hidden Opportunity,Hidden Opportunity,True
M100,Prawn Curry,L07,Old Town,Low Performer,Low Performer,True
M102,Mussels Marinara,L07,Old Town,Hidden Opportunity,Hidden Opportunity,True
M103,Tuna Steak,L07,Old Town,Profit Driver,Profit Driver,True
M104,Fish Tacos,L07,Old Town,Hidden Opportunity,Hidden Opportunity,True
M105,Shrimp Scampi,L07,Old Town,Hidden Opportunity,Hidden Opportunity,True
M106,Molten Lava Cake,L07,Old Town,Low Performer,Low Performer,True
M107,New York Cheesecake,L07,Old Town,Low Performer,Low Performer,True
M108,Gelato Trio,L07,Old Town,Low Performer,Low Performer,True
M109,Tiramisu,L07,Old Town,Hidden Opportunity,Hidden Opportunity,True
M101,Baked Cod,L07,Old Town,Low Performer,Low Performer,True
M089,Hyderabadi Biryani,L07,Old Town,Hidden Opportunity,Hidden Opportunity,True
M088,Lemon Rice,L07,Old Town,Hidden Opportunity,Hidden Opportunity,True
M087,Kabuli Pulao,L07,Old Town,Hidden Opportunity,Hidden Opportunity,True
M066,Pulled Pork Sandwich,L07,Old Town,Low Performer,Low Performer,True
M067,Club Sandwich,L07,Old Town,Profit Driver,Profit Driver,True
M069,Fish Burger,L07,Old Town,Hidden Opportunity,Hidden Opportunity,True
M070,Steak Sandwich,L07,Old Town,Hidden Opportunity,Hidden Opportunity,True
M072,Philly Cheesesteak,L07,Old Town,Low Performer,Low Performer,True
M073,BBQ Bacon Burger,L07,Old Town,Hidden Opportunity,Hidden Opportunity,True
M074,Spicy Zinger Burger,L07,Old Town,Hidden Opportunity,Hidden Opportunity,True
M075,Halloumi Burger,L07,Old Town,Low Performer,Low Performer,True
M076,Chicken Biryani,L07,Old Town,Low Performer,Low Performer,True
M077,Mutton Biryani,L07,Old Town,Hidden Opportunity,Hidden Opportunity,True
M078,Veg Biryani,L07,Old Town,Low Performer,Low Performer,True
M079,Egg Fried Rice,L07,Old Town,Hidden Opportunity,Hidden Opportunity,True
M080,Chicken Fried Rice,L07,Old Town,Hidden Opportunity,Hidden Opportunity,True
M081,Prawn Biryani,L07,Old Town,Hidden Opportunity,Hidden Opportunity,True
M082,Jeera Rice,L07,Old Town,Low Performer,Low Performer,True
M083,Mushroom Rice,L07,Old Town,Hidden Opportunity,Hidden Opportunity,True
M084,Beef Pulao,L07,Old Town,Low Performer,Low Performer,True
M085,Vegetable Pulao,L07,Old Town,Volume Driver,Volume Driver,True
M086,Schezwan Fried Rice,L07,Old Town,Hidden Opportunity,Hidden Opportunity,True
M110,Chocolate Brownie,L07,Old Town,Low Performer,Low Performer,True
M111,Creme Brulee,L07,Old Town,Low Performer,Low Performer,True
M112,Apple Pie,L07,Old Town,Low Performer,Low Performer,True
M113,Sticky Toffee Pudding,L07,Old Town,Hidden Opportunity,Hidden Opportunity,True
M140,Side Salad,L07,Old Town,Volume Driver,Volume Driver,True
M141,Garlic Naan,L07,Old Town,Profit Driver,Profit Driver,True
M142,Buttered Corn,L07,Old Town,Hidden Opportunity,Hidden Opportunity,True
M143,Cheese Dip,L07,Old Town,Low Performer,Low Performer,True
M144,Sweet Potato Fries,L07,Old Town,Hidden Opportunity,Hidden Opportunity,True
M145,Rice Bowl,L07,Old Town,Hidden Opportunity,Hidden Opportunity,True
M146,Pita Bread,L07,Old Town,Hidden Opportunity,Hidden Opportunity,True
M147,Grilled Corn,L07,Old Town,Hidden Opportunity,Hidden Opportunity,True
M148,Extra Cheese,L07,Old Town,Hidden Opportunity,Hidden Opportunity,True
M149,Dinner Roll,L07,Old Town,Low Performer,Low Performer,True
M150,Pickle Plate,L07,Old Town,Low Performer,Low Performer,True
M001,Truffle Fries,L08,Lakeside,Hidden Opportunity,Hidden Opportunity,True
M002,Loaded Nachos,L08,Lakeside,Hidden Opportunity,Hidden Opportunity,True
M003,Soup of the Day,L08,Lakeside,Low Performer,Low Performer,True
M004,Calamari Rings,L08,Lakeside,Low Performer,Low Performer,True
M005,Chicken Wings,L08,Lakeside,Low Performer,Low Performer,True
M006,Spring Rolls,L08,Lakeside,Hidden Opportunity,Hidden Opportunity,True
M007,Garlic Bread,L08,Lakeside,Low Performer,Low Performer,True
M008,Bruschetta,L08,Lakeside,Hidden Opportunity,Hidden Opportunity,True
M139,Coleslaw,L07,Old Town,Low Performer,Low Performer,True
M011,Cheese Sticks,L08,Lakeside,Low Performer,Low Performer,True
M138,Steamed Vegetables,L07,Old Town,Hidden Opportunity,Hidden Opportunity,True
M136,French Fries,L07,Old Town,Low Performer,Low Performer,True
M114,Banoffee Pie,L07,Old Town,Low Performer,Low Performer,True
M115,Panna Cotta,L07,Old Town,Hidden Opportunity,Hidden Opportunity,True
M116,Fruit Tart,L07,Old Town,Low Performer,Low Performer,True
M117,Ice Cream Sundae,L07,Old Town,Hidden Opportunity,Hidden Opportunity,True
M118,Baklava,L07,Old Town,Volume Driver,Volume Driver,True
M119,Carrot Cake,L07,Old Town,Hidden Opportunity,Hidden Opportunity,True
M120,Red Velvet Slice,L07,Old Town,Hidden Opportunity,Hidden Opportunity,True
M121,Fresh Lemonade,L07,Old Town,Hidden Opportunity,Hidden Opportunity,True
M122,Craft Cold Brew,L07,Old Town,Hidden Opportunity,Hidden Opportunity,True
M123,Mango Smoothie,L07,Old Town,Low Performer,Low Performer,True
M125,Masala Chai,L07,Old Town,Hidden Opportunity,Hidden Opportunity,True
M127,Sparkling Water,L07,Old Town,Hidden Opportunity,Hidden Opportunity,True
M128,Cappuccino,L07,Old Town,Low Performer,Low Performer,True
M129,Strawberry Milkshake,L07,Old Town,Hidden Opportunity,Hidden Opportunity,True
M130,Green Tea,L07,Old Town,Hidden Opportunity,Hidden Opportunity,True
M131,Coca-Cola,L07,Old Town,Low Performer,Low Performer,True
M132,Virgin Mojito,L07,Old Town,Hidden Opportunity,Hidden Opportunity,True
M133,Espresso,L07,Old Town,Low Performer,Low Performer,True
M134,Berry Smoothie,L07,Old Town,Hidden Opportunity,Hidden Opportunity,True
M137,Mashed Potatoes,L07,Old Town,Low Performer,Low Performer,True
M150,Pickle Plate,L20,Palm Court,Low Performer,Low Performer,True
