item_id,location_id,spark_pred,label_str
M124,L10,Low Performer,Volume Driver
M038,L10,Low Performer,Low Performer
M049,L10,Low Performer,Low Performer
M094,L10,Low Performer,Low Performer
M058,L10,Profit Driver,Profit Driver
M129,L10,Hidden Opportunity,Hidden Opportunity
M079,L10,Hidden Opportunity,Hidden Opportunity
M075,L10,Low Performer,Low Performer
M060,L10,Hidden Opportunity,Hidden Opportunity
M090,L10,Hidden Opportunity,Hidden Opportunity
M039,L10,Low Performer,Low Performer
M081,L10,Hidden Opportunity,Hidden Opportunity
M093,L10,Hidden Opportunity,Hidden Opportunity
M107,L10,Low Performer,Low Performer
M031,L10,Hidden Opportunity,Hidden Opportunity
M143,L10,Low Performer,Low Performer
M144,L10,Hidden Opportunity,Hidden Opportunity
M142,L10,Hidden Opportunity,Hidden Opportunity
M018,L10,Profit Driver,Profit Driver
M111,L10,Low Performer,Low Performer
M104,L10,Hidden Opportunity,Hidden Opportunity
M120,L10,Hidden Opportunity,Hidden Opportunity
M050,L10,Hidden Opportunity,Hidden Opportunity
M101,L10,Low Performer,Low Performer
M035,L10,Low Performer,Low Performer
M010,L10,Hidden Opportunity,Hidden Opportunity
M136,L10,Low Performer,Low Performer
M004,L10,Low Performer,Low Performer
M001,L10,Hidden Opportunity,Hidden Opportunity
M086,L10,Hidden Opportunity,Hidden Opportunity
M149,L10,Low Performer,Low Performer
M092,L10,Hidden Opportunity,Hidden Opportunity
M023,L10,Low Performer,Low Performer
M130,L10,Hidden Opportunity,Hidden Opportunity
M088,L10,Hidden Opportunity,Hidden Opportunity
M108,L10,Low Performer,Low Performer
M042,L10,Hidden Opportunity,Hidden Opportunity
M085,L10,Volume Driver,Volume Driver
M131,L10,Low Performer,Low Performer
M032,L10,Hidden Opportunity,Hidden Opportunity
M072,L10,Low Performer,Low Performer
M114,L10,Low Performer,Low Performer
M026,L10,Low Performer,Low Performer
M102,L10,Hidden Opportunity,Hidden Opportunity
M070,L10,Profit Driver,Profit Driver
M103,L10,Profit Driver,Profit Driver
M064,L10,Low Performer,Low Performer
M106,L10,Low Performer,Low Performer
M037,L10,Hidden Opportunity,Hidden Opportunity
M068,L10,Hidden Opportunity,Low Performer
M146,L10,Hidden Opportunity,Hidden Opportunity
M011,L10,Low Performer,Low Performer
M052,L10,Low Performer,Low Performer
M117,L10,Hidden Opportunity,Hidden Opportunity
M040,L10,Low Performer,Low Performer
M071,L10,Hidden Opportunity,Hidden Opportunity
M080,L10,Hidden Opportunity,Hidden Opportunity
M014,L10,Low Performer,Low Performer
M076,L10,Low Performer,Low Performer
M021,L10,Hidden Opportunity,Hidden Opportunity
M036,L10,Hidden Opportunity,Hidden Opportunity
M132,L10,Hidden Opportunity,Hidden Opportunity
M145,L10,Hidden Opportunity,Hidden Opportunity
M012,L10,Low Performer,Low Performer
M013,L10,Low Performer,Low Performer
M148,L10,Hidden Opportunity,Hidden Opportunity
M128,L10,Low Performer,Low Performer
M097,L10,Hidden Opportunity,Hidden Opportunity
M053,L10,Hidden Opportunity,Hidden Opportunity
M127,L10,Hidden Opportunity,Hidden Opportunity
M003,L10,Low Performer,Low Performer
M087,L10,Hidden Opportunity,Hidden Opportunity
M139,L10,Low Performer,Low Performer
M089,L10,Hidden Opportunity,Hidden Opportunity
M044,L10,Low Performer,Low Performer
M073,L10,Hidden Opportunity,Hidden Opportunity
M029,L10,Profit Driver,Profit Driver
M078,L10,Low Performer,Low Performer
M028,L10,Hidden Opportunity,Hidden Opportunity
M138,L10,Hidden Opportunity,Low Performer
M008,L10,Hidden Opportunity,Low Performer
M105,L10,Hidden Opportunity,Hidden Opportunity
M043,L10,Hidden Opportunity,Hidden Opportunity
M119,L10,Hidden Opportunity,Hidden Opportunity
M019,L10,Hidden Opportunity,Hidden Opportunity
M055,L10,Hidden Opportunity,Hidden Opportunity
M147,L10,Hidden Opportunity,Hidden Opportunity
M048,L10,Low Performer,Low Performer
M002,L10,Hidden Opportunity,Hidden Opportunity
M056,L10,Hidden Opportunity,Hidden Opportunity
M051,L10,Hidden Opportunity,Hidden Opportunity
M096,L10,Low Performer,Low Performer
M066,L10,Low Performer,Low Performer
M069,L10,Hidden Opportunity,Hidden Opportunity
M135,L10,Hidden Opportunity,Hidden Opportunity
M084,L10,Low Performer,Low Performer
M015,L10,Low Performer,Low Performer
M020,L10,Low Performer,Low Performer
M115,L10,Hidden Opportunity,Hidden Opportunity
M074,L10,Hidden Opportunity,Hidden Opportunity
M082,L10,Low Performer,Low Performer
M077,L10,Hidden Opportunity,Hidden Opportunity
M059,L10,Hidden Opportunity,Hidden Opportunity
M025,L10,Hidden Opportunity,Hidden Opportunity
M109,L10,Hidden Opportunity,Hidden Opportunity
M118,L10,Volume Driver,Volume Driver
M009,L10,Low Performer,Volume Driver
M122,L10,Hidden Opportunity,Hidden Opportunity
M062,L10,Low Performer,Low Performer
M091,L10,Hidden Opportunity,Hidden Opportunity
M100,L10,Low Performer,Low Performer
M099,L10,Low Performer,Low Performer
M098,L10,Hidden Opportunity,Hidden Opportunity
M057,L10,Low Performer,Low Performer
M134,L10,Hidden Opportunity,Hidden Opportunity
M110,L10,Low Performer,Low Performer
M063,L10,Low Performer,Low Performer
M112,L10,Low Performer,Low Performer
M006,L10,Hidden Opportunity,Hidden Opportunity
M017,L10,Hidden Opportunity,Hidden Opportunity
M095,L10,Hidden Opportunity,Hidden Opportunity
M133,L10,Low Performer,Low Performer
M116,L10,Low Performer,Low Performer
M047,L10,Hidden Opportunity,Hidden Opportunity
M041,L10,Low Performer,Low Performer
M045,L10,Low Performer,Low Performer
M030,L10,Hidden Opportunity,Hidden Opportunity
M125,L10,Hidden Opportunity,Hidden Opportunity
M027,L10,Low Performer,Low Performer
M141,L10,Profit Driver,Profit Driver
M022,L10,Hidden Opportunity,Hidden Opportunity
M083,L10,Hidden Opportunity,Hidden Opportunity
M126,L10,Hidden Opportunity,Hidden Opportunity
M007,L10,Low Performer,Low Performer
M150,L10,Low Performer,Low Performer
M137,L10,Low Performer,Low Performer
M005,L10,Low Performer,Low Performer
M034,L10,Hidden Opportunity,Hidden Opportunity
M065,L10,Hidden Opportunity,Hidden Opportunity
M016,L10,Low Performer,Low Performer
M067,L10,Profit Driver,Profit Driver
M140,L10,Volume Driver,Volume Driver
M024,L10,Hidden Opportunity,Hidden Opportunity
M121,L10,Hidden Opportunity,Hidden Opportunity
M113,L10,Hidden Opportunity,Hidden Opportunity
M046,L10,Hidden Opportunity,Hidden Opportunity
M054,L10,Hidden Opportunity,Hidden Opportunity
M033,L10,Low Performer,Low Performer
M123,L10,Low Performer,Low Performer
M061,L10,Hidden Opportunity,Hidden Opportunity
M098,L19,Hidden Opportunity,Hidden Opportunity
M051,L19,Hidden Opportunity,Hidden Opportunity
M083,L19,Hidden Opportunity,Hidden Opportunity
M147,L19,Hidden Opportunity,Hidden Opportunity
M099,L19,Low Performer,Low Performer
M025,L19,Hidden Opportunity,Hidden Opportunity
M111,L19,Low Performer,Low Performer
M062,L19,Low Performer,Low Performer
M030,L19,Hidden Opportunity,Hidden Opportunity
M094,L19,Low Performer,Low Performer
M097,L19,Hidden Opportunity,Hidden Opportunity
M049,L19,Low Performer,Low Performer
M073,L19,Hidden Opportunity,Hidden Opportunity
M106,L19,Low Performer,Low Performer
M020,L19,Low Performer,Low Performer
M086,L19,Hidden Opportunity,Hidden Opportunity
M023,L19,Low Performer,Low Performer
M055,L19,Hidden Opportunity,Hidden Opportunity
M093,L19,Hidden Opportunity,Hidden Opportunity
M024,L19,Hidden Opportunity,Hidden Opportunity
M108,L19,Low Performer,Low Performer
M013,L19,Low Performer,Low Performer
M142,L19,Hidden Opportunity,Hidden Opportunity
M141,L19,Profit Driver,Profit Driver
M130,L19,Hidden Opportunity,Hidden Opportunity
M100,L19,Low Performer,Low Performer
M037,L19,Hidden Opportunity,Hidden Opportunity
M015,L19,Low Performer,Low Performer
M018,L19,Hidden Opportunity,Profit Driver
M060,L19,Hidden Opportunity,Hidden Opportunity
M119,L19,Hidden Opportunity,Hidden Opportunity
M114,L19,Low Performer,Low Performer
M032,L19,Hidden Opportunity,Hidden Opportunity
M092,L19,Hidden Opportunity,Hidden Opportunity
M003,L19,Low Performer,Low Performer
M079,L19,Hidden Opportunity,Hidden Opportunity
M067,L19,Profit Driver,Profit Driver
M012,L19,Low Performer,Low Performer
M026,L19,Low Performer,Low Performer
M118,L19,Volume Driver,Volume Driver
M149,L19,Low Performer,Low Performer
M088,L19,Hidden Opportunity,Profit Driver
M076,L19,Low Performer,Low Performer
M138,L19,Hidden Opportunity,Hidden Opportunity
M048,L19,Low Performer,Low Performer
M112,L19,Low Performer,Low Performer
M105,L19,Hidden Opportunity,Hidden Opportunity
M090,L19,Hidden Opportunity,Hidden Opportunity
M007,L19,Low Performer,Low Performer
M045,L19,Low Performer,Low Performer
M033,L19,Low Performer,Low Performer
M022,L19,Hidden Opportunity,Hidden Opportunity
M148,L19,Hidden Opportunity,Hidden Opportunity
M021,L19,Hidden Opportunity,Hidden Opportunity
M144,L19,Hidden Opportunity,Hidden Opportunity
M047,L19,Hidden Opportunity,Hidden Opportunity
M027,L19,Low Performer,Low Performer
M058,L19,Profit Driver,Profit Driver
M059,L19,Hidden Opportunity,Hidden Opportunity
M056,L19,Hidden Opportunity,Hidden Opportunity
M109,L19,Hidden Opportunity,Hidden Opportunity
M126,L19,Hidden Opportunity,Low Performer
M008,L19,Low Performer,Low Performer
M129,L19,Profit Driver,Profit Driver
M091,L19,Hidden Opportunity,Hidden Opportunity
M146,L19,Hidden Opportunity,Hidden Opportunity
M034,L19,Hidden Opportunity,Hidden Opportunity
M050,L19,Hidden Opportunity,Hidden Opportunity
M002,L19,Hidden Opportunity,Hidden Opportunity
M066,L19,Low Performer,Low Performer
M068,L19,Low Performer,Low Performer
M136,L19,Low Performer,Low Performer
M005,L19,Low Performer,Low Performer
M145,L19,Hidden Opportunity,Low Performer
M125,L19,Hidden Opportunity,Hidden Opportunity
M040,L19,Low Performer,Low Performer
M064,L19,Low Performer,Low Performer
M137,L19,Low Performer,Low Performer
M042,L19,Hidden Opportunity,Hidden Opportunity
M070,L19,Hidden Opportunity,Hidden Opportunity
M029,L19,Profit Driver,Profit Driver
M139,L19,Low Performer,Low Performer
M107,L19,Low Performer,Low Performer
M080,L19,Hidden Opportunity,Hidden Opportunity
M010,L19,Hidden Opportunity,Hidden Opportunity
M069,L19,Hidden Opportunity,Hidden Opportunity
M072,L19,Low Performer,Low Performer
M115,L19,Hidden Opportunity,Hidden Opportunity
M113,L19,Hidden Opportunity,Hidden Opportunity
M127,L19,Hidden Opportunity,Hidden Opportunity
M089,L19,Hidden Opportunity,Hidden Opportunity
M075,L19,Low Performer,Low Performer
M061,L19,Hidden Opportunity,Hidden Opportunity
M131,L19,Low Performer,Low Performer
M004,L19,Low Performer,Low Performer
M082,L19,Low Performer,Low Performer
M150,L19,Low Performer,Low Performer
M124,L19,Low Performer,Low Performer
M057,L19,Low Performer,Low Performer
M074,L19,Hidden Opportunity,Hidden Opportunity
M039,L19,Low Performer,Low Performer
M036,L19,Hidden Opportunity,Hidden Opportunity
M041,L19,Low Performer,Low Performer
M132,L19,Hidden Opportunity,Hidden Opportunity
M052,L19,Low Performer,Low Performer
M078,L19,Low Performer,Low Performer
M017,L19,Hidden Opportunity,Hidden Opportunity
M135,L19,Hidden Opportunity,Hidden Opportunity
M116,L19,Low Performer,Low Performer
M085,L19,Volume Driver,Volume Driver
M101,L19,Low Performer,Low Performer
M121,L19,Hidden Opportunity,Hidden Opportunity
M110,L19,Low Performer,Low Performer
M035,L19,Low Performer,Low Performer
M016,L19,Low Performer,Low Performer
M120,L19,Hidden Opportunity,Hidden Opportunity
M001,L19,Hidden Opportunity,Hidden Opportunity
M087,L19,Hidden Opportunity,Hidden Opportunity
M117,L19,Hidden Opportunity,Hidden Opportunity
M014,L19,Low Performer,Low Performer
M084,L19,Low Performer,Low Performer
M096,L19,Low Performer,Low Performer
M046,L19,Hidden Opportunity,Hidden Opportunity
M053,L19,Hidden Opportunity,Hidden Opportunity
M009,L19,Volume Driver,Volume Driver
M071,L19,Hidden Opportunity,Hidden Opportunity
M143,L19,Low Performer,Low Performer
M104,L19,Hidden Opportunity,Hidden Opportunity
M102,L19,Hidden Opportunity,Hidden Opportunity
M081,L19,Hidden Opportunity,Hidden Opportunity
M128,L19,Low Performer,Low Performer
M122,L19,Hidden Opportunity,Hidden Opportunity
M134,L19,Hidden Opportunity,Hidden Opportunity
M043,L19,Hidden Opportunity,Hidden Opportunity
M095,L19,Hidden Opportunity,Hidden Opportunity
M019,L19,Hidden Opportunity,Hidden Opportunity
M063,L19,Low Performer,Low Performer
M140,L19,Volume Driver,Volume Driver
M065,L19,Hidden Opportunity,Hidden Opportunity
M006,L19,Hidden Opportunity,Hidden Opportunity
M103,L19,Profit Driver,Profit Driver
M077,L19,Hidden Opportunity,Hidden Opportunity
M054,L19,Hidden Opportunity,Hidden Opportunity
M038,L19,Low Performer,Low Performer
M028,L19,Hidden Opportunity,Hidden Opportunity
M031,L19,Hidden Opportunity,Hidden Opportunity
M011,L19,Low Performer,Low Performer
M123,L19,Low Performer,Low Performer
M133,L19,Low Performer,Low Performer
M044,L19,Low Performer,Low Performer
M034,L04,Hidden Opportunity,Hidden Opportunity
M006,L04,Hidden Opportunity,Hidden Opportunity
M072,L04,Volume Driver,Volume Driver
M135,L04,Hidden Opportunity,Profit Driver
M129,L04,Hidden Opportunity,Hidden Opportunity
M120,L04,Hidden Opportunity,Hidden Opportunity
M060,L04,Hidden Opportunity,Hidden Opportunity
M044,L04,Low Performer,Low Performer
M109,L04,Hidden Opportunity,Hidden Opportunity
M074,L04,Hidden Opportunity,Hidden Opportunity
M073,L04,Hidden Opportunity,Hidden Opportunity
M089,L04,Hidden Opportunity,Hidden Opportunity
M002,L04,Hidden Opportunity,Hidden Opportunity
M023,L04,Low Performer,Low Performer
M032,L04,Hidden Opportunity,Hidden Opportunity
M033,L04,Low Performer,Low Performer
M037,L04,Hidden Opportunity,Hidden Opportunity
M107,L04,Low Performer,Low Performer
M104,L04,Hidden Opportunity,Hidden Opportunity
M064,L04,Low Performer,Low Performer
M108,L04,Low Performer,Low Performer
M138,L04,Hidden Opportunity,Hidden Opportunity
M087,L04,Hidden Opportunity,Hidden Opportunity
M096,L04,Low Performer,Low Performer
M084,L04,Low Performer,Low Performer
M139,L04,Low Performer,Low Performer
M021,L04,Hidden Opportunity,Hidden Opportunity
M018,L04,Hidden Opportunity,Hidden Opportunity
M049,L04,Low Performer,Low Performer
M111,L04,Low Performer,Low Performer
M038,L04,Low Performer,Low Performer
M020,L04,Low Performer,Low Performer
M048,L04,Low Performer,Low Performer
M143,L04,Low Performer,Low Performer
M086,L04,Hidden Opportunity,Hidden Opportunity
M019,L04,Hidden Opportunity,Hidden Opportunity
M125,L04,Hidden Opportunity,Hidden Opportunity
M081,L04,Hidden Opportunity,Hidden Opportunity
M069,L04,Hidden Opportunity,Hidden Opportunity
M043,L04,Hidden Opportunity,Hidden Opportunity
M010,L04,Hidden Opportunity,Hidden Opportunity
M101,L04,Low Performer,Low Performer
M146,L04,Hidden Opportunity,Hidden Opportunity
M056,L04,Hidden Opportunity,Hidden Opportunity
M067,L04,Profit Driver,Profit Driver
M147,L04,Hidden Opportunity,Hidden Opportunity
M094,L04,Volume Driver,Volume Driver
M105,L04,Hidden Opportunity,Hidden Opportunity
M062,L04,Low Performer,Low Performer
M134,L04,Hidden Opportunity,Hidden Opportunity
M122,L04,Hidden Opportunity,Hidden Opportunity
M058,L04,Profit Driver,Profit Driver
M004,L04,Low Performer,Low Performer
M128,L04,Low Performer,Low Performer
M063,L04,Low Performer,Low Performer
M041,L04,Low Performer,Low Performer
M119,L04,Hidden Opportunity,Hidden Opportunity
M008,L04,Hidden Opportunity,Hidden Opportunity
M065,L04,Hidden Opportunity,Hidden Opportunity
M092,L04,Hidden Opportunity,Hidden Opportunity
M115,L04,Hidden Opportunity,Hidden Opportunity
M137,L04,Low Performer,Low Performer
M012,L04,Low Performer,Low Performer
M085,L04,Volume Driver,Volume Driver
M141,L04,Profit Driver,Profit Driver
M022,L04,Hidden Opportunity,Hidden Opportunity
M007,L04,Low Performer,Low Performer
M017,L04,Hidden Opportunity,Hidden Opportunity
M117,L04,Hidden Opportunity,Hidden Opportunity
M024,L04,Hidden Opportunity,Hidden Opportunity
M013,L04,Low Performer,Low Performer
M001,L04,Hidden Opportunity,Hidden Opportunity
M059,L04,Hidden Opportunity,Hidden Opportunity
M061,L04,Hidden Opportunity,Hidden Opportunity
M126,L04,Hidden Opportunity,Hidden Opportunity
M078,L04,Low Performer,Low Performer
M005,L04,Low Performer,Low Performer
M136,L04,Low Performer,Low Performer
M112,L04,Low Performer,Low Performer
M095,L04,Hidden Opportunity,Hidden Opportunity
M133,L04,Low Performer,Low Performer
M103,L04,Profit Driver,Profit Driver
M036,L04,Hidden Opportunity,Hidden Opportunity
M142,L04,Hidden Opportunity,Hidden Opportunity
M121,L04,Hidden Opportunity,Hidden Opportunity
M055,L04,Hidden Opportunity,Hidden Opportunity
M106,L04,Low Performer,Low Performer
M118,L04,Volume Driver,Volume Driver
M053,L04,Profit Driver,Profit Driver
M083,L04,Hidden Opportunity,Hidden Opportunity
M025,L04,Hidden Opportunity,Profit Driver
M068,L04,Hidden Opportunity,Hidden Opportunity
M016,L04,Low Performer,Low Performer
M099,L04,Low Performer,Low Performer
M093,L04,Profit Driver,Profit Driver
M077,L04,Hidden Opportunity,Hidden Opportunity
M114,L04,Low Performer,Low Performer
M039,L04,Volume Driver,Volume Driver
M132,L04,Hidden Opportunity,Hidden Opportunity
M042,L04,Hidden Opportunity,Hidden Opportunity
M035,L04,Low Performer,Low Performer
M029,L04,Hidden Opportunity,Profit Driver
M100,L04,Low Performer,Low Performer
M011,L04,Low Performer,Low Performer
M140,L04,Volume Driver,Volume Driver
M090,L04,Hidden Opportunity,Hidden Opportunity
M045,L04,Volume Driver,Volume Driver
M047,L04,Hidden Opportunity,Hidden Opportunity
M145,L04,Hidden Opportunity,Hidden Opportunity
M030,L04,Hidden Opportunity,Hidden Opportunity
M144,L04,Hidden Opportunity,Hidden Opportunity
M088,L04,Hidden Opportunity,Hidden Opportunity
M131,L04,Low Performer,Low Performer
M124,L04,Low Performer,Volume Driver
M082,L04,Low Performer,Low Performer
M051,L04,Hidden Opportunity,Hidden Opportunity
M028,L04,Hidden Opportunity,Hidden Opportunity
M057,L04,Low Performer,Low Performer
M127,L04,Hidden Opportunity,Hidden Opportunity
M070,L04,Hidden Opportunity,Profit Driver
M079,L04,Hidden Opportunity,Profit Driver
M080,L04,Hidden Opportunity,Hidden Opportunity
M148,L04,Hidden Opportunity,Hidden Opportunity
M091,L04,Hidden Opportunity,Hidden Opportunity
M040,L04,Low Performer,Low Performer
M098,L04,Hidden Opportunity,Hidden Opportunity
M149,L04,Low Performer,Low Performer
M150,L04,Low Performer,Low Performer
M009,L04,Low Performer,Volume Driver
M110,L04,Low Performer,Low Performer
M130,L04,Hidden Opportunity,Hidden Opportunity
M116,L04,Low Performer,Low Performer
M123,L04,Low Performer,Low Performer
M046,L04,Hidden Opportunity,Hidden Opportunity
M015,L04,Low Performer,Low Performer
M097,L04,Hidden Opportunity,Hidden Opportunity
M031,L04,Hidden Opportunity,Hidden Opportunity
M066,L04,Low Performer,Low Performer
M026,L04,Low Performer,Low Performer
M052,L04,Low Performer,Low Performer
M014,L04,Low Performer,Low Performer
M075,L04,Low Performer,Low Performer
M071,L04,Hidden Opportunity,Hidden Opportunity
M113,L04,Hidden Opportunity,Hidden Opportunity
M050,L04,Hidden Opportunity,Hidden Opportunity
M054,L04,Hidden Opportunity,Hidden Opportunity
M076,L04,Low Performer,Low Performer
M003,L04,Low Performer,Low Performer
M102,L04,Hidden Opportunity,Hidden Opportunity
M027,L04,Low Performer,Low Performer
M025,L08,Hidden Opportunity,Profit Driver
M059,L08,Hidden Opportunity,Hidden Opportunity
M065,L08,Hidden Opportunity,Hidden Opportunity
M110,L08,Low Performer,Low Performer
M134,L08,Hidden Opportunity,Hidden Opportunity
M137,L08,Low Performer,Low Performer
M056,L08,Hidden Opportunity,Hidden Opportunity
M105,L08,Hidden Opportunity,Hidden Opportunity
M087,L08,Hidden Opportunity,Hidden Opportunity
M010,L08,Hidden Opportunity,Hidden Opportunity
M079,L08,Hidden Opportunity,Hidden Opportunity
M083,L08,Hidden Opportunity,Hidden Opportunity
M001,L08,Hidden Opportunity,Hidden Opportunity
M101,L08,Low Performer,Low Performer
M042,L08,Hidden Opportunity,Hidden Opportunity
M076,L08,Low Performer,Low Performer
M045,L08,Low Performer,Volume Driver
M144,L08,Hidden Opportunity,Hidden Opportunity
M021,L08,Hidden Opportunity,Hidden Opportunity
M119,L08,Hidden Opportunity,Hidden Opportunity
M057,L08,Low Performer,Low Performer
M124,L08,Low Performer,Volume Driver
M102,L08,Hidden Opportunity,Hidden Opportunity
M036,L08,Hidden Opportunity,Hidden Opportunity
M033,L08,Low Performer,Low Performer
M074,L08,Hidden Opportunity,Hidden Opportunity
M120,L08,Hidden Opportunity,Hidden Opportunity
M090,L08,Hidden Opportunity,Hidden Opportunity
M038,L08,Low Performer,Low Performer
M072,L08,Low Performer,Low Performer
M039,L08,Low Performer,Volume Driver
M012,L08,Low Performer,Low Performer
M128,L08,Low Performer,Low Performer
M031,L08,Hidden Opportunity,Hidden Opportunity
M041,L08,Low Performer,Low Performer
M142,L08,Hidden Opportunity,Hidden Opportunity
M002,L08,Hidden Opportunity,Hidden Opportunity
M017,L08,Hidden Opportunity,Hidden Opportunity
M055,L08,Hidden Opportunity,Hidden Opportunity
M150,L08,Low Performer,Low Performer
M078,L08,Low Performer,Low Performer
M020,L08,Low Performer,Low Performer
M116,L08,Low Performer,Low Performer
M118,L08,Low Performer,Volume Driver
M117,L08,Hidden Opportunity,Hidden Opportunity
M125,L08,Hidden Opportunity,Hidden Opportunity
M107,L08,Low Performer,Low Performer
M071,L08,Hidden Opportunity,Hidden Opportunity
M140,L08,Low Performer,Volume Driver
M077,L08,Hidden Opportunity,Hidden Opportunity
M085,L08,Low Performer,Volume Driver
M139,L08,Low Performer,Low Performer
M131,L08,Low Performer,Low Performer
M148,L08,Hidden Opportunity,Hidden Opportunity
M024,L08,Hidden Opportunity,Hidden Opportunity
M123,L08,Low Performer,Low Performer
M081,L08,Hidden Opportunity,Hidden Opportunity
M064,L08,Low Performer,Low Performer
M035,L08,Low Performer,Low Performer
M136,L08,Low Performer,Low Performer
M096,L08,Low Performer,Low Performer
M149,L08,Low Performer,Low Performer
M062,L08,Low Performer,Low Performer
M092,L08,Hidden Opportunity,Hidden Opportunity
M108,L08,Low Performer,Volume Driver
M070,L08,Hidden Opportunity,Profit Driver
M088,L08,Hidden Opportunity,Hidden Opportunity
M011,L08,Low Performer,Low Performer
M048,L08,Low Performer,Low Performer
M080,L08,Hidden Opportunity,Hidden Opportunity
M111,L08,Low Performer,Low Performer
M032,L08,Hidden Opportunity,Hidden Opportunity
M095,L08,Hidden Opportunity,Hidden Opportunity
M147,L08,Hidden Opportunity,Hidden Opportunity
M022,L08,Hidden Opportunity,Hidden Opportunity
M003,L08,Low Performer,Low Performer
M113,L08,Hidden Opportunity,Hidden Opportunity
M018,L08,Hidden Opportunity,Profit Driver
M141,L08,Hidden Opportunity,Profit Driver
M127,L08,Hidden Opportunity,Hidden Opportunity
M063,L08,Low Performer,Low Performer
M146,L08,Hidden Opportunity,Hidden Opportunity
M037,L08,Hidden Opportunity,Hidden Opportunity
M005,L08,Low Performer,Low Performer
M089,L08,Hidden Opportunity,Hidden Opportunity
M007,L08,Low Performer,Low Performer
M132,L08,Profit Driver,Profit Driver
M044,L08,Low Performer,Volume Driver
M060,L08,Hidden Opportunity,Hidden Opportunity
M030,L08,Hidden Opportunity,Profit Driver
M006,L08,Hidden Opportunity,Hidden Opportunity
M100,L08,Low Performer,Low Performer
M130,L08,Hidden Opportunity,Hidden Opportunity
M135,L08,Hidden Opportunity,Profit Driver
M093,L08,Hidden Opportunity,Hidden Opportunity
M026,L08,Low Performer,Low Performer
M106,L08,Low Performer,Low Performer
M016,L08,Low Performer,Low Performer
M015,L08,Low Performer,Low Performer
M052,L08,Low Performer,Low Performer
M069,L08,Hidden Opportunity,Hidden Opportunity
M058,L08,Hidden Opportunity,Profit Driver
M094,L08,Volume Driver,Volume Driver
M028,L08,Hidden Opportunity,Hidden Opportunity
M091,L08,Hidden Opportunity,Hidden Opportunity
M004,L08,Low Performer,Low Performer
M109,L08,Low Performer,Low Performer
M145,L08,Low Performer,Low Performer
M054,L08,Hidden Opportunity,Hidden Opportunity
M008,L08,Hidden Opportunity,Hidden Opportunity
M121,L08,Hidden Opportunity,Hidden Opportunity
M126,L08,Hidden Opportunity,Hidden Opportunity
M129,L08,Hidden Opportunity,Hidden Opportunity
M084,L08,Low Performer,Low Performer
M112,L08,Low Performer,Low Performer
M029,L08,Hidden Opportunity,Profit Driver
M103,L08,Hidden Opportunity,Profit Driver
M098,L08,Hidden Opportunity,Hidden Opportunity
M046,L08,Hidden Opportunity,Hidden Opportunity
M034,L08,Hidden Opportunity,Hidden Opportunity
M019,L08,Hidden Opportunity,Hidden Opportunity
M133,L08,Low Performer,Low Performer
M082,L08,Low Performer,Low Performer
M047,L08,Hidden Opportunity,Hidden Opportunity
M066,L08,Low Performer,Low Performer
M097,L08,Hidden Opportunity,Hidden Opportunity
M114,L08,Low Performer,Low Performer
M053,L08,Hidden Opportunity,Hidden Opportunity
M009,L08,Low Performer,Volume Driver
M067,L08,Profit Driver,Profit Driver
M049,L08,Low Performer,Volume Driver
M122,L08,Hidden Opportunity,Hidden Opportunity
M051,L08,Hidden Opportunity,Hidden Opportunity
M040,L08,Low Performer,Low Performer
M014,L08,Low Performer,Low Performer
M073,L08,Hidden Opportunity,Hidden Opportunity
M050,L08,Hidden Opportunity,Hidden Opportunity
M138,L08,Hidden Opportunity,Hidden Opportunity
M013,L08,Low Performer,Low Performer
M099,L08,Low Performer,Low Performer
M043,L08,Hidden Opportunity,Hidden Opportunity
M075,L08,Low Performer,Low Performer
M104,L08,Hidden Opportunity,Hidden Opportunity
M027,L08,Low Performer,Low Performer
M086,L08,Hidden Opportunity,Hidden Opportunity
M143,L08,Low Performer,Low Performer
M023,L08,Low Performer,Low Performer
M115,L08,Hidden Opportunity,Hidden Opportunity
M068,L08,Low Performer,Hidden Opportunity
M061,L08,Hidden Opportunity,Hidden Opportunity
M118,L09,Volume Driver,Low Performer
M089,L09,Hidden Opportunity,Hidden Opportunity
M062,L09,Low Performer,Low Performer
M018,L09,Hidden Opportunity,Hidden Opportunity
M025,L09,Hidden Opportunity,Hidden Opportunity
M149,L09,Low Performer,Low Performer
M045,L09,Low Performer,Low Performer
M002,L09,Hidden Opportunity,Hidden Opportunity
M071,L09,Hidden Opportunity,Hidden Opportunity
M051,L09,Hidden Opportunity,Hidden Opportunity
M090,L09,Hidden Opportunity,Hidden Opportunity
M010,L09,Hidden Opportunity,Hidden Opportunity
M050,L09,Hidden Opportunity,Hidden Opportunity
M134,L09,Hidden Opportunity,Hidden Opportunity
M073,L09,Hidden Opportunity,Hidden Opportunity
M037,L09,Hidden Opportunity,Hidden Opportunity
M012,L09,Low Performer,Low Performer
M131,L09,Low Performer,Low Performer
M117,L09,Hidden Opportunity,Hidden Opportunity
M044,L09,Low Performer,Low Performer
M101,L09,Low Performer,Low Performer
M059,L09,Hidden Opportunity,Hidden Opportunity
M085,L09,Low Performer,Low Performer
M097,L09,Hidden Opportunity,Hidden Opportunity
M103,L09,Profit Driver,Profit Driver
M140,L09,Volume Driver,Low Performer
M005,L09,Low Performer,Low Performer
M124,L09,Low Performer,Volume Driver
M009,L09,Low Performer,Low Performer
M139,L09,Low Performer,Low Performer
M083,L09,Hidden Opportunity,Hidden Opportunity
M136,L09,Low Performer,Low Performer
M006,L09,Hidden Opportunity,Hidden Opportunity
M001,L09,Hidden Opportunity,Hidden Opportunity
M047,L09,Hidden Opportunity,Hidden Opportunity
M052,L09,Low Performer,Low Performer
M024,L09,Hidden Opportunity,Hidden Opportunity
M098,L09,Hidden Opportunity,Hidden Opportunity
M035,L09,Low Performer,Low Performer
M119,L09,Hidden Opportunity,Hidden Opportunity
M036,L09,Hidden Opportunity,Hidden Opportunity
M125,L09,Hidden Opportunity,Hidden Opportunity
M055,L09,Hidden Opportunity,Hidden Opportunity
M086,L09,Hidden Opportunity,Hidden Opportunity
M067,L09,Profit Driver,Hidden Opportunity
M076,L09,Low Performer,Low Performer
M032,L09,Hidden Opportunity,Hidden Opportunity
M057,L09,Low Performer,Low Performer
M126,L09,Profit Driver,Profit Driver
M132,L09,Hidden Opportunity,Hidden Opportunity
M033,L09,Low Performer,Low Performer
M120,L09,Hidden Opportunity,Hidden Opportunity
M121,L09,Hidden Opportunity,Hidden Opportunity
M023,L09,Low Performer,Low Performer
M100,L09,Low Performer,Low Performer
M053,L09,Hidden Opportunity,Hidden Opportunity
M138,L09,Hidden Opportunity,Hidden Opportunity
M108,L09,Low Performer,Low Performer
M069,L09,Hidden Opportunity,Hidden Opportunity
M093,L09,Hidden Opportunity,Hidden Opportunity
M142,L09,Hidden Opportunity,Hidden Opportunity
M048,L09,Low Performer,Low Performer
M049,L09,Low Performer,Low Performer
M021,L09,Hidden Opportunity,Hidden Opportunity
M122,L09,Hidden Opportunity,Hidden Opportunity
M070,L09,Hidden Opportunity,Hidden Opportunity
M141,L09,Profit Driver,Hidden Opportunity
M065,L09,Hidden Opportunity,Hidden Opportunity
M135,L09,Hidden Opportunity,Hidden Opportunity
M040,L09,Low Performer,Low Performer
M013,L09,Low Performer,Low Performer
M017,L09,Hidden Opportunity,Hidden Opportunity
M043,L09,Hidden Opportunity,Hidden Opportunity
M127,L09,Hidden Opportunity,Hidden Opportunity
M014,L09,Low Performer,Low Performer
M060,L09,Hidden Opportunity,Hidden Opportunity
M084,L09,Low Performer,Low Performer
M109,L09,Hidden Opportunity,Hidden Opportunity
M123,L09,Low Performer,Low Performer
M137,L09,Low Performer,Low Performer
M105,L09,Hidden Opportunity,Hidden Opportunity
M082,L09,Low Performer,Low Performer
M019,L09,Hidden Opportunity,Hidden Opportunity
M128,L09,Low Performer,Low Performer
M145,L09,Hidden Opportunity,Hidden Opportunity
M063,L09,Low Performer,Low Performer
M104,L09,Hidden Opportunity,Hidden Opportunity
M042,L09,Hidden Opportunity,Hidden Opportunity
M112,L09,Low Performer,Low Performer
M094,L09,Low Performer,Low Performer
M113,L09,Hidden Opportunity,Hidden Opportunity
M016,L09,Low Performer,Low Performer
M026,L09,Low Performer,Low Performer
M077,L09,Hidden Opportunity,Hidden Opportunity
M146,L09,Hidden Opportunity,Hidden Opportunity
M041,L09,Low Performer,Low Performer
M064,L09,Low Performer,Low Performer
M150,L09,Low Performer,Low Performer
M148,L09,Hidden Opportunity,Hidden Opportunity
M039,L09,Low Performer,Low Performer
M096,L09,Low Performer,Low Performer
M022,L09,Hidden Opportunity,Hidden Opportunity
M029,L09,Hidden Opportunity,Hidden Opportunity
M074,L09,Hidden Opportunity,Hidden Opportunity
M144,L09,Hidden Opportunity,Hidden Opportunity
M056,L09,Hidden Opportunity,Hidden Opportunity
M028,L09,Hidden Opportunity,Hidden Opportunity
M147,L09,Hidden Opportunity,Hidden Opportunity
M015,L09,Low Performer,Low Performer
M007,L09,Low Performer,Low Performer
M088,L09,Hidden Opportunity,Hidden Opportunity
M099,L09,Low Performer,Low Performer
M081,L09,Hidden Opportunity,Hidden Opportunity
M008,L09,Low Performer,Hidden Opportunity
M020,L09,Low Performer,Low Performer
M030,L09,Hidden Opportunity,Hidden Opportunity
M129,L09,Hidden Opportunity,Hidden Opportunity
M027,L09,Low Performer,Low Performer
M114,L09,Low Performer,Low Performer
M079,L09,Hidden Opportunity,Hidden Opportunity
M102,L09,Hidden Opportunity,Hidden Opportunity
M068,L09,Hidden Opportunity,Hidden Opportunity
M116,L09,Low Performer,Low Performer
M058,L09,Hidden Opportunity,Hidden Opportunity
M038,L09,Low Performer,Low Performer
M080,L09,Hidden Opportunity,Hidden Opportunity
M075,L09,Low Performer,Low Performer
M061,L09,Hidden Opportunity,Hidden Opportunity
M110,L09,Low Performer,Low Performer
M072,L09,Low Performer,Low Performer
M087,L09,Hidden Opportunity,Hidden Opportunity
M004,L09,Low Performer,Low Performer
M046,L09,Hidden Opportunity,Hidden Opportunity
M091,L09,Hidden Opportunity,Hidden Opportunity
M111,L09,Low Performer,Low Performer
M106,L09,Low Performer,Low Performer
M107,L09,Low Performer,Low Performer
M011,L09,Low Performer,Low Performer
M078,L09,Low Performer,Low Performer
M130,L09,Hidden Opportunity,Hidden Opportunity
M054,L09,Hidden Opportunity,Hidden Opportunity
M034,L09,Hidden Opportunity,Hidden Opportunity
M095,L09,Hidden Opportunity,Hidden Opportunity
M031,L09,Hidden Opportunity,Hidden Opportunity
M092,L09,Hidden Opportunity,Hidden Opportunity
M115,L09,Hidden Opportunity,Hidden Opportunity
M143,L09,Low Performer,Low Performer
M066,L09,Low Performer,Low Performer
M003,L09,Low Performer,Low Performer
M133,L09,Low Performer,Low Performer
M034,L15,Hidden Opportunity,Hidden Opportunity
M043,L15,Hidden Opportunity,Hidden Opportunity
M071,L15,Hidden Opportunity,Hidden Opportunity
M072,L15,Low Performer,Low Performer
M012,L15,Low Performer,Low Performer
M134,L15,Hidden Opportunity,Hidden Opportunity
M010,L15,Hidden Opportunity,Hidden Opportunity
M127,L15,Hidden Opportunity,Hidden Opportunity
M037,L15,Hidden Opportunity,Hidden Opportunity
M111,L15,Low Performer,Low Performer
M007,L15,Low Performer,Low Performer
M027,L15,Low Performer,Low Performer
M081,L15,Hidden Opportunity,Hidden Opportunity
M057,L15,Low Performer,Low Performer
M125,L15,Hidden Opportunity,Hidden Opportunity
M136,L15,Low Performer,Low Performer
M036,L15,Hidden Opportunity,Hidden Opportunity
M078,L15,Low Performer,Low Performer
M108,L15,Low Performer,Low Performer
M031,L15,Hidden Opportunity,Hidden Opportunity
M001,L15,Hidden Opportunity,Hidden Opportunity
M006,L15,Hidden Opportunity,Hidden Opportunity
M096,L15,Low Performer,Volume Driver
M149,L15,Low Performer,Low Performer
M097,L15,Profit Driver,Profit Driver
M011,L15,Low Performer,Low Performer
M053,L15,Hidden Opportunity,Hidden Opportunity
M142,L15,Hidden Opportunity,Hidden Opportunity
M065,L15,Hidden Opportunity,Profit Driver
M139,L15,Low Performer,Low Performer
M146,L15,Hidden Opportunity,Hidden Opportunity
M115,L15,Hidden Opportunity,Hidden Opportunity
M058,L15,Profit Driver,Profit Driver
M131,L15,Low Performer,Low Performer
M117,L15,Hidden Opportunity,Hidden Opportunity
M092,L15,Hidden Opportunity,Hidden Opportunity
M141,L15,Hidden Opportunity,Profit Driver
M099,L15,Low Performer,Low Performer
M067,L15,Profit Driver,Profit Driver
M029,L15,Profit Driver,Profit Driver
M049,L15,Low Performer,Volume Driver
M051,L15,Hidden Opportunity,Hidden Opportunity
M040,L15,Low Performer,Low Performer
M073,L15,Hidden Opportunity,Hidden Opportunity
M080,L15,Hidden Opportunity,Hidden Opportunity
M089,L15,Hidden Opportunity,Hidden Opportunity
M116,L15,Low Performer,Low Performer
M035,L15,Low Performer,Low Performer
M024,L15,Hidden Opportunity,Hidden Opportunity
M052,L15,Low Performer,Low Performer
M144,L15,Hidden Opportunity,Hidden Opportunity
M082,L15,Low Performer,Low Performer
M075,L15,Low Performer,Low Performer
M091,L15,Hidden Opportunity,Hidden Opportunity
M038,L15,Low Performer,Low Performer
M018,L15,Hidden Opportunity,Profit Driver
M112,L15,Low Performer,Low Performer
M098,L15,Hidden Opportunity,Hidden Opportunity
M090,L15,Hidden Opportunity,Hidden Opportunity
M129,L15,Hidden Opportunity,Hidden Opportunity
M046,L15,Hidden Opportunity,Hidden Opportunity
M055,L15,Hidden Opportunity,Hidden Opportunity
M121,L15,Hidden Opportunity,Hidden Opportunity
M019,L15,Hidden Opportunity,Hidden Opportunity
M079,L15,Hidden Opportunity,Hidden Opportunity
M086,L15,Profit Driver,Profit Driver
M023,L15,Low Performer,Low Performer
M119,L15,Hidden Opportunity,Hidden Opportunity
M056,L15,Hidden Opportunity,Hidden Opportunity
M085,L15,Volume Driver,Volume Driver
M093,L15,Hidden Opportunity,Hidden Opportunity
M054,L15,Hidden Opportunity,Hidden Opportunity
M105,L15,Hidden Opportunity,Hidden Opportunity
M070,L15,Hidden Opportunity,Profit Driver
M032,L15,Hidden Opportunity,Hidden Opportunity
M130,L15,Hidden Opportunity,Hidden Opportunity
M041,L15,Low Performer,Low Performer
M128,L15,Low Performer,Low Performer
M050,L15,Hidden Opportunity,Hidden Opportunity
M106,L15,Low Performer,Volume Driver
M003,L15,Low Performer,Low Performer
M113,L15,Low Performer,Low Performer
M039,L15,Volume Driver,Volume Driver
M059,L15,Hidden Opportunity,Hidden Opportunity
M094,L15,Volume Driver,Volume Driver
M147,L15,Hidden Opportunity,Hidden Opportunity
M021,L15,Hidden Opportunity,Hidden Opportunity
M015,L15,Low Performer,Low Performer
M045,L15,Low Performer,Low Performer
M020,L15,Low Performer,Low Performer
M095,L15,Hidden Opportunity,Hidden Opportunity
M100,L15,Low Performer,Low Performer
M087,L15,Hidden Opportunity,Hidden Opportunity
M008,L15,Hidden Opportunity,Hidden Opportunity
M104,L15,Hidden Opportunity,Hidden Opportunity
M133,L15,Low Performer,Low Performer
M120,L15,Hidden Opportunity,Hidden Opportunity
M074,L15,Hidden Opportunity,Hidden Opportunity
M033,L15,Low Performer,Low Performer
M022,L15,Hidden Opportunity,Hidden Opportunity
M107,L15,Low Performer,Low Performer
M002,L15,Hidden Opportunity,Hidden Opportunity
M077,L15,Hidden Opportunity,Hidden Opportunity
M063,L15,Low Performer,Low Performer
M061,L15,Hidden Opportunity,Hidden Opportunity
M005,L15,Low Performer,Low Performer
M026,L15,Low Performer,Low Performer
M103,L15,Profit Driver,Profit Driver
M042,L15,Hidden Opportunity,Hidden Opportunity
M060,L15,Hidden Opportunity,Hidden Opportunity
M030,L15,Hidden Opportunity,Hidden Opportunity
M068,L15,Hidden Opportunity,Hidden Opportunity
M114,L15,Low Performer,Volume Driver
M124,L15,Low Performer,Volume Driver
M062,L15,Low Performer,Low Performer
M109,L15,Hidden Opportunity,Low Performer
M066,L15,Low Performer,Low Performer
M101,L15,Low Performer,Low Performer
M047,L15,Hidden Opportunity,Hidden Opportunity
M137,L15,Low Performer,Low Performer
M148,L15,Hidden Opportunity,Hidden Opportunity
M009,L15,Volume Driver,Volume Driver
M135,L15,Hidden Opportunity,Profit Driver
M083,L15,Hidden Opportunity,Hidden Opportunity
M017,L15,Hidden Opportunity,Hidden Opportunity
M069,L15,Hidden Opportunity,Hidden Opportunity
M126,L15,Hidden Opportunity,Hidden Opportunity
M014,L15,Low Performer,Low Performer
M028,L15,Hidden Opportunity,Hidden Opportunity
M143,L15,Low Performer,Low Performer
M123,L15,Low Performer,Low Performer
M132,L15,Hidden Opportunity,Profit Driver
M076,L15,Low Performer,Volume Driver
M110,L15,Low Performer,Low Performer
M102,L15,Hidden Opportunity,Profit Driver
M145,L15,Hidden Opportunity,Hidden Opportunity
M016,L15,Low Performer,Low Performer
M048,L15,Low Performer,Low Performer
M122,L15,Hidden Opportunity,Hidden Opportunity
M150,L15,Low Performer,Low Performer
M138,L15,Hidden Opportunity,Hidden Opportunity
M004,L15,Low Performer,Low Performer
M044,L15,Volume Driver,Volume Driver
M118,L15,Volume Driver,Volume Driver
M140,L15,Volume Driver,Volume Driver
M025,L15,Hidden Opportunity,Profit Driver
M084,L15,Low Performer,Low Performer
M064,L15,Low Performer,Low Performer
M088,L15,Hidden Opportunity,Hidden Opportunity
M013,L15,Low Performer,Low Performer
M055,L01,Hidden Opportunity,Hidden Opportunity
M114,L01,Low Performer,Low Performer
M015,L01,Low Performer,Low Performer
M140,L01,Volume Driver,Volume Driver
M067,L01,Profit Driver,Profit Driver
M102,L01,Profit Driver,Profit Driver
M112,L01,Low Performer,Low Performer
M056,L01,Hidden Opportunity,Hidden Opportunity
M058,L01,Profit Driver,Profit Driver
M013,L01,Low Performer,Low Performer
M034,L01,Hidden Opportunity,Hidden Opportunity
M115,L01,Hidden Opportunity,Hidden Opportunity
M027,L01,Volume Driver,Volume Driver
M014,L01,Low Performer,Low Performer
M135,L01,Hidden Opportunity,Hidden Opportunity
M106,L01,Low Performer,Low Performer
M096,L01,Low Performer,Low Performer
M150,L01,Low Performer,Low Performer
M147,L01,Hidden Opportunity,Hidden Opportunity
M108,L01,Low Performer,Low Performer
M061,L01,Hidden Opportunity,Hidden Opportunity
M084,L01,Low Performer,Low Performer
M116,L01,Low Performer,Low Performer
M019,L01,Hidden Opportunity,Hidden Opportunity
M109,L01,Hidden Opportunity,Hidden Opportunity
M020,L01,Low Performer,Low Performer
M033,L01,Low Performer,Low Performer
M141,L01,Profit Driver,Profit Driver
M132,L01,Hidden Opportunity,Hidden Opportunity
M051,L01,Hidden Opportunity,Hidden Opportunity
M062,L01,Low Performer,Low Performer
M005,L01,Low Performer,Low Performer
M104,L01,Hidden Opportunity,Hidden Opportunity
M031,L01,Hidden Opportunity,Hidden Opportunity
M007,L01,Low Performer,Low Performer
M128,L01,Low Performer,Low Performer
M017,L01,Hidden Opportunity,Hidden Opportunity
M107,L01,Low Performer,Low Performer
M052,L01,Low Performer,Low Performer
M079,L01,Hidden Opportunity,Hidden Opportunity
M059,L01,Profit Driver,Profit Driver
M009,L01,Low Performer,Volume Driver
M018,L01,Hidden Opportunity,Hidden Opportunity
M004,L01,Low Performer,Low Performer
M078,L01,Low Performer,Low Performer
M011,L01,Low Performer,Low Performer
M021,L01,Hidden Opportunity,Hidden Opportunity
M071,L01,Hidden Opportunity,Hidden Opportunity
M049,L01,Low Performer,Low Performer
M029,L01,Hidden Opportunity,Profit Driver
M036,L01,Hidden Opportunity,Hidden Opportunity
M127,L01,Hidden Opportunity,Hidden Opportunity
M060,L01,Hidden Opportunity,Hidden Opportunity
M083,L01,Hidden Opportunity,Hidden Opportunity
M074,L01,Hidden Opportunity,Hidden Opportunity
M092,L01,Hidden Opportunity,Hidden Opportunity
M035,L01,Low Performer,Low Performer
M091,L01,Hidden Opportunity,Hidden Opportunity
M006,L01,Hidden Opportunity,Hidden Opportunity
M088,L01,Hidden Opportunity,Hidden Opportunity
M097,L01,Hidden Opportunity,Hidden Opportunity
M125,L01,Hidden Opportunity,Hidden Opportunity
M043,L01,Hidden Opportunity,Hidden Opportunity
M063,L01,Low Performer,Low Performer
M085,L01,Volume Driver,Volume Driver
M113,L01,Hidden Opportunity,Hidden Opportunity
M117,L01,Hidden Opportunity,Hidden Opportunity
M086,L01,Hidden Opportunity,Hidden Opportunity
M076,L01,Low Performer,Low Performer
M138,L01,Hidden Opportunity,Hidden Opportunity
M080,L01,Hidden Opportunity,Hidden Opportunity
M090,L01,Hidden Opportunity,Hidden Opportunity
M137,L01,Low Performer,Low Performer
M101,L01,Low Performer,Low Performer
M077,L01,Hidden Opportunity,Hidden Opportunity
M130,L01,Hidden Opportunity,Hidden Opportunity
M105,L01,Hidden Opportunity,Hidden Opportunity
M001,L01,Hidden Opportunity,Hidden Opportunity
M025,L01,Hidden Opportunity,Hidden Opportunity
M042,L01,Hidden Opportunity,Hidden Opportunity
M039,L01,Low Performer,Low Performer
M087,L01,Hidden Opportunity,Hidden Opportunity
M089,L01,Hidden Opportunity,Hidden Opportunity
M148,L01,Hidden Opportunity,Hidden Opportunity
M073,L01,Hidden Opportunity,Hidden Opportunity
M068,L01,Hidden Opportunity,Hidden Opportunity
M100,L01,Low Performer,Low Performer
M072,L01,Low Performer,Low Performer
M099,L01,Low Performer,Low Performer
M126,L01,Hidden Opportunity,Hidden Opportunity
M123,L01,Low Performer,Low Performer
M095,L01,Hidden Opportunity,Hidden Opportunity
M037,L01,Hidden Opportunity,Hidden Opportunity
M129,L01,Hidden Opportunity,Hidden Opportunity
M118,L01,Volume Driver,Volume Driver
M121,L01,Hidden Opportunity,Hidden Opportunity
M146,L01,Hidden Opportunity,Hidden Opportunity
M093,L01,Hidden Opportunity,Hidden Opportunity
M065,L01,Hidden Opportunity,Hidden Opportunity
M038,L01,Low Performer,Low Performer
M050,L01,Hidden Opportunity,Hidden Opportunity
M136,L01,Low Performer,Low Performer
M030,L01,Hidden Opportunity,Hidden Opportunity
M131,L01,Hidden Opportunity,Hidden Opportunity
M041,L01,Low Performer,Low Performer
M082,L01,Low Performer,Low Performer
M139,L01,Low Performer,Low Performer
M103,L01,Profit Driver,Profit Driver
M134,L01,Hidden Opportunity,Hidden Opportunity
M124,L01,Low Performer,Low Performer
M143,L01,Low Performer,Low Performer
M119,L01,Hidden Opportunity,Hidden Opportunity
M098,L01,Hidden Opportunity,Hidden Opportunity
M120,L01,Hidden Opportunity,Hidden Opportunity
M094,L01,Low Performer,Low Performer
M016,L01,Low Performer,Low Performer
M145,L01,Hidden Opportunity,Hidden Opportunity
M110,L01,Low Performer,Low Performer
M008,L01,Hidden Opportunity,Hidden Opportunity
M023,L01,Low Performer,Low Performer
M064,L01,Low Performer,Low Performer
M133,L01,Low Performer,Low Performer
M066,L01,Low Performer,Low Performer
M045,L01,Low Performer,Low Performer
M046,L01,Hidden Opportunity,Hidden Opportunity
M022,L01,Hidden Opportunity,Hidden Opportunity
M044,L01,Low Performer,Low Performer
M111,L01,Low Performer,Low Performer
M040,L01,Low Performer,Low Performer
M032,L01,Hidden Opportunity,Hidden Opportunity
M026,L01,Low Performer,Low Performer
M149,L01,Low Performer,Low Performer
M053,L01,Hidden Opportunity,Hidden Opportunity
M070,L01,Hidden Opportunity,Hidden Opportunity
M048,L01,Low Performer,Low Performer
M122,L01,Hidden Opportunity,Hidden Opportunity
M024,L01,Hidden Opportunity,Hidden Opportunity
M012,L01,Low Performer,Low Performer
M057,L01,Low Performer,Low Performer
M081,L01,Hidden Opportunity,Hidden Opportunity
M010,L01,Hidden Opportunity,Hidden Opportunity
M003,L01,Low Performer,Low Performer
M028,L01,Hidden Opportunity,Hidden Opportunity
M047,L01,Hidden Opportunity,Hidden Opportunity
M075,L01,Low Performer,Low Performer
M002,L01,Hidden Opportunity,Hidden Opportunity
M054,L01,Hidden Opportunity,Hidden Opportunity
M144,L01,Hidden Opportunity,Hidden Opportunity
M142,L01,Hidden Opportunity,Hidden Opportunity
M069,L01,Hidden Opportunity,Hidden Opportunity
M051,L02,Hidden Opportunity,Hidden Opportunity
M067,L02,Profit Driver,Profit Driver
M085,L02,Low Performer,Low Performer
M054,L02,Hidden Opportunity,Hidden Opportunity
M066,L02,Low Performer,Low Performer
M012,L02,Low Performer,Low Performer
M038,L02,Low Performer,Low Performer
M014,L02,Low Performer,Low Performer
M031,L02,Hidden Opportunity,Hidden Opportunity
M022,L02,Hidden Opportunity,Hidden Opportunity
M109,L02,Hidden Opportunity,Hidden Opportunity
M065,L02,Hidden Opportunity,Hidden Opportunity
M074,L02,Hidden Opportunity,Hidden Opportunity
M036,L02,Hidden Opportunity,Hidden Opportunity
M077,L02,Hidden Opportunity,Hidden Opportunity
M130,L02,Hidden Opportunity,Hidden Opportunity
M108,L02,Low Performer,Low Performer
M006,L02,Hidden Opportunity,Hidden Opportunity
M138,L02,Hidden Opportunity,Hidden Opportunity
M139,L02,Low Performer,Low Performer
M002,L02,Hidden Opportunity,Hidden Opportunity
M043,L02,Hidden Opportunity,Hidden Opportunity
M142,L02,Hidden Opportunity,Hidden Opportunity
M004,L02,Low Performer,Low Performer
M052,L02,Low Performer,Low Performer
M144,L02,Hidden Opportunity,Hidden Opportunity
M086,L02,Hidden Opportunity,Hidden Opportunity
M104,L02,Hidden Opportunity,Hidden Opportunity
M040,L02,Low Performer,Low Performer
M062,L02,Low Performer,Low Performer
M061,L02,Hidden Opportunity,Hidden Opportunity
M112,L02,Low Performer,Low Performer
M048,L02,Low Performer,Low Performer
M147,L02,Hidden Opportunity,Hidden Opportunity
M091,L02,Hidden Opportunity,Hidden Opportunity
M087,L02,Hidden Opportunity,Hidden Opportunity
M044,L02,Low Performer,Low Performer
M149,L02,Low Performer,Low Performer
M117,L02,Hidden Opportunity,Hidden Opportunity
M143,L02,Low Performer,Low Performer
M129,L02,Hidden Opportunity,Hidden Opportunity
M100,L02,Low Performer,Low Performer
M060,L02,Hidden Opportunity,Hidden Opportunity
M081,L02,Hidden Opportunity,Hidden Opportunity
M099,L02,Low Performer,Low Performer
M055,L02,Hidden Opportunity,Hidden Opportunity
M021,L02,Hidden Opportunity,Hidden Opportunity
M041,L02,Low Performer,Low Performer
M115,L02,Hidden Opportunity,Hidden Opportunity
M119,L02,Hidden Opportunity,Hidden Opportunity
M015,L02,Low Performer,Low Performer
M136,L02,Low Performer,Low Performer
M101,L02,Low Performer,Low Performer
M030,L02,Hidden Opportunity,Hidden Opportunity
M011,L02,Low Performer,Low Performer
M083,L02,Hidden Opportunity,Hidden Opportunity
M110,L02,Low Performer,Low Performer
M045,L02,Low Performer,Low Performer
M107,L02,Low Performer,Low Performer
M114,L02,Low Performer,Low Performer
M042,L02,Hidden Opportunity,Hidden Opportunity
M098,L02,Hidden Opportunity,Hidden Opportunity
M032,L02,Hidden Opportunity,Hidden Opportunity
M005,L02,Low Performer,Low Performer
M037,L02,Hidden Opportunity,Hidden Opportunity
M050,L02,Hidden Opportunity,Hidden Opportunity
M023,L02,Low Performer,Low Performer
M103,L02,Hidden Opportunity,Hidden Opportunity
M026,L02,Low Performer,Low Performer
M034,L02,Hidden Opportunity,Hidden Opportunity
M047,L02,Hidden Opportunity,Hidden Opportunity
M025,L02,Hidden Opportunity,Hidden Opportunity
M039,L02,Low Performer,Low Performer
M140,L02,Low Performer,Low Performer
M125,L02,Hidden Opportunity,Hidden Opportunity
M027,L02,Low Performer,Low Performer
M064,L02,Low Performer,Low Performer
M134,L02,Hidden Opportunity,Hidden Opportunity
M053,L02,Hidden Opportunity,Hidden Opportunity
M096,L02,Low Performer,Low Performer
M116,L02,Low Performer,Low Performer
M033,L02,Low Performer,Low Performer
M020,L02,Low Performer,Low Performer
M003,L02,Low Performer,Low Performer
M001,L02,Hidden Opportunity,Hidden Opportunity
M068,L02,Hidden Opportunity,Hidden Opportunity
M016,L02,Low Performer,Low Performer
M131,L02,Low Performer,Low Performer
M019,L02,Hidden Opportunity,Hidden Opportunity
M121,L02,Hidden Opportunity,Hidden Opportunity
M082,L02,Low Performer,Low Performer
M058,L02,Profit Driver,Hidden Opportunity
M123,L02,Low Performer,Low Performer
M056,L02,Hidden Opportunity,Hidden Opportunity
M105,L02,Hidden Opportunity,Hidden Opportunity
M070,L02,Hidden Opportunity,Hidden Opportunity
M135,L02,Hidden Opportunity,Hidden Opportunity
M145,L02,Hidden Opportunity,Hidden Opportunity
M132,L02,Hidden Opportunity,Hidden Opportunity
M029,L02,Hidden Opportunity,Hidden Opportunity
M072,L02,Low Performer,Low Performer
M126,L02,Hidden Opportunity,Hidden Opportunity
M089,L02,Hidden Opportunity,Hidden Opportunity
M028,L02,Hidden Opportunity,Hidden Opportunity
M080,L02,Hidden Opportunity,Hidden Opportunity
M007,L02,Low Performer,Low Performer
M049,L02,Low Performer,Low Performer
M046,L02,Hidden Opportunity,Hidden Opportunity
M073,L02,Hidden Opportunity,Hidden Opportunity
M127,L02,Hidden Opportunity,Hidden Opportunity
M097,L02,Hidden Opportunity,Hidden Opportunity
M094,L02,Low Performer,Low Performer
M124,L02,Volume Driver,Low Performer
M084,L02,Low Performer,Low Performer
M141,L02,Profit Driver,Hidden Opportunity
M150,L02,Low Performer,Low Performer
M102,L02,Hidden Opportunity,Hidden Opportunity
M071,L02,Hidden Opportunity,Hidden Opportunity
M010,L02,Hidden Opportunity,Hidden Opportunity
M111,L02,Low Performer,Low Performer
M069,L02,Hidden Opportunity,Hidden Opportunity
M093,L02,Hidden Opportunity,Hidden Opportunity
M113,L02,Hidden Opportunity,Hidden Opportunity
M024,L02,Hidden Opportunity,Hidden Opportunity
M122,L02,Hidden Opportunity,Hidden Opportunity
M092,L02,Hidden Opportunity,Hidden Opportunity
M078,L02,Low Performer,Low Performer
M137,L02,Low Performer,Low Performer
M075,L02,Volume Driver,Low Performer
M095,L02,Hidden Opportunity,Hidden Opportunity
M088,L02,Hidden Opportunity,Hidden Opportunity
M146,L02,Hidden Opportunity,Hidden Opportunity
M009,L02,Low Performer,Low Performer
M128,L02,Low Performer,Low Performer
M013,L02,Low Performer,Low Performer
M106,L02,Low Performer,Low Performer
M017,L02,Hidden Opportunity,Hidden Opportunity
M148,L02,Hidden Opportunity,Hidden Opportunity
M133,L02,Low Performer,Low Performer
M018,L02,Hidden Opportunity,Hidden Opportunity
M120,L02,Hidden Opportunity,Hidden Opportunity
M059,L02,Hidden Opportunity,Hidden Opportunity
M035,L02,Low Performer,Low Performer
M076,L02,Low Performer,Low Performer
M057,L02,Low Performer,Low Performer
M090,L02,Hidden Opportunity,Hidden Opportunity
M118,L02,Volume Driver,Low Performer
M079,L02,Hidden Opportunity,Hidden Opportunity
M008,L02,Hidden Opportunity,Hidden Opportunity
M063,L02,Low Performer,Low Performer
M146,L18,Hidden Opportunity,Hidden Opportunity
M115,L18,Hidden Opportunity,Hidden Opportunity
M011,L18,Low Performer,Low Performer
M039,L18,Low Performer,Low Performer
M040,L18,Low Performer,Low Performer
M027,L18,Low Performer,Low Performer
M126,L18,Hidden Opportunity,Hidden Opportunity
M018,L18,Profit Driver,Profit Driver
M109,L18,Hidden Opportunity,Hidden Opportunity
M125,L18,Hidden Opportunity,Hidden Opportunity
M012,L18,Low Performer,Low Performer
M002,L18,Hidden Opportunity,Hidden Opportunity
M024,L18,Hidden Opportunity,Hidden Opportunity
M046,L18,Hidden Opportunity,Hidden Opportunity
M061,L18,Hidden Opportunity,Hidden Opportunity
M015,L18,Low Performer,Low Performer
M051,L18,Hidden Opportunity,Hidden Opportunity
M025,L18,Hidden Opportunity,Hidden Opportunity
M053,L18,Hidden Opportunity,Hidden Opportunity
M010,L18,Hidden Opportunity,Hidden Opportunity
M014,L18,Low Performer,Low Performer
M050,L18,Hidden Opportunity,Hidden Opportunity
M100,L18,Low Performer,Low Performer
M013,L18,Low Performer,Low Performer
M135,L18,Hidden Opportunity,Hidden Opportunity
M020,L18,Low Performer,Low Performer
M102,L18,Hidden Opportunity,Hidden Opportunity
M122,L18,Hidden Opportunity,Hidden Opportunity
M079,L18,Hidden Opportunity,Hidden Opportunity
M099,L18,Low Performer,Low Performer
M123,L18,Hidden Opportunity,Hidden Opportunity
M075,L18,Low Performer,Low Performer
M049,L18,Low Performer,Low Performer
M007,L18,Low Performer,Low Performer
M006,L18,Hidden Opportunity,Hidden Opportunity
M063,L18,Low Performer,Low Performer
M116,L18,Low Performer,Low Performer
M108,L18,Low Performer,Low Performer
M076,L18,Low Performer,Low Performer
M069,L18,Hidden Opportunity,Hidden Opportunity
M058,L18,Hidden Opportunity,Hidden Opportunity
M093,L18,Hidden Opportunity,Hidden Opportunity
M148,L18,Hidden Opportunity,Hidden Opportunity
M137,L18,Low Performer,Low Performer
M087,L18,Hidden Opportunity,Hidden Opportunity
M042,L18,Hidden Opportunity,Hidden Opportunity
M112,L18,Low Performer,Low Performer
M005,L18,Low Performer,Low Performer
M089,L18,Hidden Opportunity,Hidden Opportunity
M017,L18,Hidden Opportunity,Hidden Opportunity
M043,L18,Hidden Opportunity,Hidden Opportunity
M090,L18,Hidden Opportunity,Hidden Opportunity
M052,L18,Low Performer,Low Performer
M133,L18,Low Performer,Low Performer
M023,L18,Low Performer,Low Performer
M062,L18,Low Performer,Low Performer
M003,L18,Low Performer,Low Performer
M111,L18,Low Performer,Low Performer
M117,L18,Hidden Opportunity,Hidden Opportunity
M107,L18,Low Performer,Low Performer
M103,L18,Profit Driver,Profit Driver
M145,L18,Hidden Opportunity,Hidden Opportunity
M041,L18,Low Performer,Low Performer
M045,L18,Low Performer,Low Performer
M054,L18,Hidden Opportunity,Hidden Opportunity
M095,L18,Hidden Opportunity,Hidden Opportunity
M081,L18,Hidden Opportunity,Hidden Opportunity
M119,L18,Hidden Opportunity,Hidden Opportunity
M101,L18,Low Performer,Low Performer
M147,L18,Hidden Opportunity,Hidden Opportunity
M110,L18,Low Performer,Low Performer
M082,L18,Low Performer,Low Performer
M066,L18,Low Performer,Low Performer
M131,L18,Hidden Opportunity,Hidden Opportunity
M078,L18,Low Performer,Low Performer
M035,L18,Low Performer,Low Performer
M139,L18,Low Performer,Low Performer
M072,L18,Low Performer,Low Performer
M028,L18,Hidden Opportunity,Hidden Opportunity
M074,L18,Hidden Opportunity,Hidden Opportunity
M029,L18,Hidden Opportunity,Profit Driver
M036,L18,Hidden Opportunity,Hidden Opportunity
M149,L18,Low Performer,Low Performer
M034,L18,Hidden Opportunity,Hidden Opportunity
M086,L18,Hidden Opportunity,Hidden Opportunity
M124,L18,Low Performer,Low Performer
M088,L18,Hidden Opportunity,Hidden Opportunity
M032,L18,Hidden Opportunity,Hidden Opportunity
M132,L18,Hidden Opportunity,Hidden Opportunity
M073,L18,Hidden Opportunity,Hidden Opportunity
M071,L18,Profit Driver,Hidden Opportunity
M037,L18,Hidden Opportunity,Hidden Opportunity
M004,L18,Low Performer,Low Performer
M104,L18,Hidden Opportunity,Hidden Opportunity
M077,L18,Hidden Opportunity,Hidden Opportunity
M113,L18,Hidden Opportunity,Hidden Opportunity
M106,L18,Low Performer,Low Performer
M098,L18,Hidden Opportunity,Hidden Opportunity
M094,L18,Volume Driver,Volume Driver
M120,L18,Hidden Opportunity,Hidden Opportunity
M114,L18,Low Performer,Low Performer
M080,L18,Hidden Opportunity,Hidden Opportunity
M084,L18,Low Performer,Low Performer
M008,L18,Hidden Opportunity,Hidden Opportunity
M097,L18,Hidden Opportunity,Hidden Opportunity
M056,L18,Hidden Opportunity,Hidden Opportunity
M129,L18,Hidden Opportunity,Hidden Opportunity
M083,L18,Hidden Opportunity,Hidden Opportunity
M048,L18,Low Performer,Low Performer
M019,L18,Hidden Opportunity,Hidden Opportunity
M022,L18,Hidden Opportunity,Hidden Opportunity
M136,L18,Low Performer,Low Performer
M130,L18,Hidden Opportunity,Hidden Opportunity
M121,L18,Hidden Opportunity,Hidden Opportunity
M070,L18,Hidden Opportunity,Hidden Opportunity
M096,L18,Low Performer,Low Performer
M092,L18,Hidden Opportunity,Hidden Opportunity
M031,L18,Hidden Opportunity,Hidden Opportunity
M143,L18,Low Performer,Low Performer
M009,L18,Low Performer,Low Performer
M118,L18,Volume Driver,Volume Driver
M016,L18,Low Performer,Low Performer
M067,L18,Profit Driver,Profit Driver
M105,L18,Hidden Opportunity,Hidden Opportunity
M134,L18,Hidden Opportunity,Hidden Opportunity
M026,L18,Low Performer,Low Performer
M044,L18,Low Performer,Low Performer
M091,L18,Hidden Opportunity,Hidden Opportunity
M150,L18,Low Performer,Low Performer
M055,L18,Hidden Opportunity,Hidden Opportunity
M033,L18,Low Performer,Low Performer
M141,L18,Profit Driver,Profit Driver
M001,L18,Hidden Opportunity,Hidden Opportunity
M057,L18,Low Performer,Low Performer
M128,L18,Low Performer,Low Performer
M138,L18,Hidden Opportunity,Hidden Opportunity
M021,L18,Hidden Opportunity,Hidden Opportunity
M059,L18,Hidden Opportunity,Hidden Opportunity
M060,L18,Hidden Opportunity,Hidden Opportunity
M142,L18,Hidden Opportunity,Hidden Opportunity
M140,L18,Volume Driver,Volume Driver
M038,L18,Low Performer,Low Performer
M085,L18,Volume Driver,Volume Driver
M068,L18,Hidden Opportunity,Hidden Opportunity
M127,L18,Hidden Opportunity,Hidden Opportunity
M065,L18,Hidden Opportunity,Hidden Opportunity
M047,L18,Hidden Opportunity,Hidden Opportunity
M030,L18,Hidden Opportunity,Hidden Opportunity
M144,L18,Hidden Opportunity,Hidden Opportunity
M064,L18,Low Performer,Low Performer
M014,L05,Low Performer,Low Performer
M148,L05,Hidden Opportunity,Hidden Opportunity
M067,L05,Profit Driver,Profit Driver
M104,L05,Hidden Opportunity,Hidden Opportunity
M132,L05,Hidden Opportunity,Hidden Opportunity
M079,L05,Hidden Opportunity,Hidden Opportunity
M020,L05,Low Performer,Low Performer
M007,L05,Low Performer,Low Performer
M049,L05,Low Performer,Low Performer
M003,L05,Low Performer,Low Performer
M035,L05,Low Performer,Low Performer
M072,L05,Low Performer,Low Performer
M069,L05,Hidden Opportunity,Hidden Opportunity
M142,L05,Hidden Opportunity,Hidden Opportunity
M138,L05,Hidden Opportunity,Hidden Opportunity
M034,L05,Hidden Opportunity,Hidden Opportunity
M009,L05,Low Performer,Low Performer
M002,L05,Hidden Opportunity,Hidden Opportunity
M018,L05,Hidden Opportunity,Hidden Opportunity
M032,L05,Hidden Opportunity,Hidden Opportunity
M012,L05,Low Performer,Low Performer
M101,L05,Low Performer,Low Performer
M017,L05,Hidden Opportunity,Hidden Opportunity
M006,L05,Hidden Opportunity,Hidden Opportunity
M058,L05,Hidden Opportunity,Hidden Opportunity
M094,L05,Low Performer,Low Performer
M108,L05,Low Performer,Low Performer
M043,L05,Hidden Opportunity,Hidden Opportunity
M004,L05,Low Performer,Low Performer
M052,L05,Low Performer,Low Performer
M119,L05,Hidden Opportunity,Hidden Opportunity
M016,L05,Low Performer,Low Performer
M011,L05,Low Performer,Low Performer
M061,L05,Hidden Opportunity,Hidden Opportunity
M010,L05,Hidden Opportunity,Hidden Opportunity
M070,L05,Hidden Opportunity,Profit Driver
M055,L05,Hidden Opportunity,Hidden Opportunity
M105,L05,Hidden Opportunity,Hidden Opportunity
M092,L05,Hidden Opportunity,Hidden Opportunity
M033,L05,Low Performer,Low Performer
M051,L05,Hidden Opportunity,Hidden Opportunity
M059,L05,Hidden Opportunity,Hidden Opportunity
M086,L05,Hidden Opportunity,Hidden Opportunity
M065,L05,Hidden Opportunity,Hidden Opportunity
M110,L05,Low Performer,Low Performer
M139,L05,Low Performer,Low Performer
M083,L05,Hidden Opportunity,Hidden Opportunity
M081,L05,Hidden Opportunity,Hidden Opportunity
M120,L05,Hidden Opportunity,Hidden Opportunity
M022,L05,Hidden Opportunity,Hidden Opportunity
M127,L05,Hidden Opportunity,Hidden Opportunity
M096,L05,Low Performer,Low Performer
M036,L05,Hidden Opportunity,Hidden Opportunity
M021,L05,Hidden Opportunity,Hidden Opportunity
M140,L05,Volume Driver,Volume Driver
M048,L05,Low Performer,Low Performer
M134,L05,Hidden Opportunity,Hidden Opportunity
M005,L05,Low Performer,Low Performer
M141,L05,Hidden Opportunity,Hidden Opportunity
M039,L05,Low Performer,Low Performer
M038,L05,Low Performer,Low Performer
M064,L05,Low Performer,Low Performer
M056,L05,Hidden Opportunity,Hidden Opportunity
M091,L05,Hidden Opportunity,Hidden Opportunity
M115,L05,Hidden Opportunity,Hidden Opportunity
M143,L05,Low Performer,Low Performer
M112,L05,Low Performer,Low Performer
M063,L05,Low Performer,Low Performer
M074,L05,Hidden Opportunity,Hidden Opportunity
M144,L05,Hidden Opportunity,Hidden Opportunity
M040,L05,Low Performer,Low Performer
M135,L05,Hidden Opportunity,Hidden Opportunity
M024,L05,Hidden Opportunity,Hidden Opportunity
M062,L05,Low Performer,Low Performer
M098,L05,Profit Driver,Profit Driver
M118,L05,Low Performer,Low Performer
M087,L05,Hidden Opportunity,Hidden Opportunity
M102,L05,Hidden Opportunity,Hidden Opportunity
M053,L05,Hidden Opportunity,Hidden Opportunity
M116,L05,Low Performer,Low Performer
M030,L05,Hidden Opportunity,Hidden Opportunity
M099,L05,Low Performer,Low Performer
M084,L05,Low Performer,Low Performer
M097,L05,Hidden Opportunity,Hidden Opportunity
M088,L05,Hidden Opportunity,Hidden Opportunity
M057,L05,Low Performer,Low Performer
M114,L05,Low Performer,Low Performer
M109,L05,Hidden Opportunity,Hidden Opportunity
M046,L05,Hidden Opportunity,Hidden Opportunity
M137,L05,Low Performer,Low Performer
M124,L05,Low Performer,Low Performer
M026,L05,Low Performer,Low Performer
M111,L05,Low Performer,Low Performer
M068,L05,Hidden Opportunity,Hidden Opportunity
M054,L05,Hidden Opportunity,Hidden Opportunity
M042,L05,Hidden Opportunity,Hidden Opportunity
M076,L05,Low Performer,Low Performer
M001,L05,Hidden Opportunity,Hidden Opportunity
M123,L05,Low Performer,Low Performer
M013,L05,Hidden Opportunity,Low Performer
M136,L05,Low Performer,Low Performer
M121,L05,Hidden Opportunity,Hidden Opportunity
M037,L05,Hidden Opportunity,Hidden Opportunity
M071,L05,Hidden Opportunity,Hidden Opportunity
M019,L05,Hidden Opportunity,Hidden Opportunity
M093,L05,Hidden Opportunity,Hidden Opportunity
M023,L05,Low Performer,Low Performer
M150,L05,Low Performer,Low Performer
M107,L05,Low Performer,Low Performer
M085,L05,Volume Driver,Low Performer
M027,L05,Low Performer,Low Performer
M149,L05,Low Performer,Low Performer
M103,L05,Profit Driver,Hidden Opportunity
M073,L05,Hidden Opportunity,Hidden Opportunity
M147,L05,Hidden Opportunity,Hidden Opportunity
M080,L05,Hidden Opportunity,Hidden Opportunity
M095,L05,Hidden Opportunity,Hidden Opportunity
M131,L05,Low Performer,Low Performer
M075,L05,Low Performer,Low Performer
M113,L05,Hidden Opportunity,Hidden Opportunity
M090,L05,Hidden Opportunity,Hidden Opportunity
M100,L05,Low Performer,Low Performer
M145,L05,Hidden Opportunity,Hidden Opportunity
M050,L05,Hidden Opportunity,Hidden Opportunity
M060,L05,Hidden Opportunity,Hidden Opportunity
M041,L05,Low Performer,Low Performer
M129,L05,Hidden Opportunity,Hidden Opportunity
M128,L05,Low Performer,Low Performer
M077,L05,Hidden Opportunity,Hidden Opportunity
M125,L05,Hidden Opportunity,Hidden Opportunity
M078,L05,Low Performer,Low Performer
M031,L05,Hidden Opportunity,Hidden Opportunity
M029,L05,Profit Driver,Hidden Opportunity
M117,L05,Hidden Opportunity,Hidden Opportunity
M025,L05,Hidden Opportunity,Hidden Opportunity
M066,L05,Low Performer,Low Performer
M015,L05,Low Performer,Low Performer
M130,L05,Hidden Opportunity,Hidden Opportunity
M126,L05,Hidden Opportunity,Hidden Opportunity
M044,L05,Low Performer,Low Performer
M008,L05,Hidden Opportunity,Hidden Opportunity
M082,L05,Low Performer,Low Performer
M133,L05,Low Performer,Low Performer
M047,L05,Hidden Opportunity,Hidden Opportunity
M089,L05,Hidden Opportunity,Hidden Opportunity
M146,L05,Profit Driver,Hidden Opportunity
M045,L05,Low Performer,Low Performer
M028,L05,Hidden Opportunity,Hidden Opportunity
M122,L05,Hidden Opportunity,Hidden Opportunity
M106,L05,Low Performer,Low Performer
M143,L14,Low Performer,Low Performer
M124,L14,Low Performer,Low Performer
M085,L14,Low Performer,Low Performer
M127,L14,Low Performer,Low Performer
M098,L14,Hidden Opportunity,Hidden Opportunity
M019,L14,Hidden Opportunity,Hidden Opportunity
M080,L14,Hidden Opportunity,Hidden Opportunity
M063,L14,Low Performer,Low Performer
M036,L14,Hidden Opportunity,Hidden Opportunity
M020,L14,Low Performer,Low Performer
M048,L14,Low Performer,Low Performer
M015,L14,Low Performer,Low Performer
M043,L14,Hidden Opportunity,Hidden Opportunity
M061,L14,Hidden Opportunity,Hidden Opportunity
M088,L14,Hidden Opportunity,Hidden Opportunity
M091,L14,Hidden Opportunity,Hidden Opportunity
M113,L14,Hidden Opportunity,Hidden Opportunity
M106,L14,Low Performer,Low Performer
M018,L14,Hidden Opportunity,Hidden Opportunity
M027,L14,Low Performer,Low Performer
M056,L14,Hidden Opportunity,Hidden Opportunity
M095,L14,Hidden Opportunity,Hidden Opportunity
M110,L14,Low Performer,Low Performer
M062,L14,Low Performer,Low Performer
M137,L14,Low Performer,Low Performer
M014,L14,Low Performer,Low Performer
M086,L14,Hidden Opportunity,Hidden Opportunity
M021,L14,Hidden Opportunity,Hidden Opportunity
M094,L14,Low Performer,Low Performer
M002,L14,Hidden Opportunity,Hidden Opportunity
M132,L14,Hidden Opportunity,Hidden Opportunity
M147,L14,Hidden Opportunity,Hidden Opportunity
M126,L14,Hidden Opportunity,Hidden Opportunity
M090,L14,Hidden Opportunity,Hidden Opportunity
M072,L14,Low Performer,Low Performer
M114,L14,Low Performer,Low Performer
M022,L14,Hidden Opportunity,Hidden Opportunity
M103,L14,Hidden Opportunity,Hidden Opportunity
M131,L14,Low Performer,Low Performer
M146,L14,Hidden Opportunity,Hidden Opportunity
M047,L14,Hidden Opportunity,Hidden Opportunity
M010,L14,Hidden Opportunity,Hidden Opportunity
M041,L14,Low Performer,Low Performer
M035,L14,Low Performer,Low Performer
M049,L14,Low Performer,Low Performer
M096,L14,Volume Driver,Volume Driver
M129,L14,Hidden Opportunity,Hidden Opportunity
M059,L14,Hidden Opportunity,Hidden Opportunity
M011,L14,Low Performer,Low Performer
M100,L14,Low Performer,Low Performer
M142,L14,Hidden Opportunity,Hidden Opportunity
M099,L14,Low Performer,Low Performer
M055,L14,Hidden Opportunity,Hidden Opportunity
M149,L14,Low Performer,Low Performer
M029,L14,Hidden Opportunity,Hidden Opportunity
M042,L14,Hidden Opportunity,Hidden Opportunity
M066,L14,Low Performer,Low Performer
M071,L14,Hidden Opportunity,Hidden Opportunity
M121,L14,Hidden Opportunity,Hidden Opportunity
M046,L14,Hidden Opportunity,Hidden Opportunity
M076,L14,Low Performer,Low Performer
M074,L14,Hidden Opportunity,Hidden Opportunity
M093,L14,Hidden Opportunity,Hidden Opportunity
M008,L14,Low Performer,Low Performer
M065,L14,Hidden Opportunity,Hidden Opportunity
M120,L14,Hidden Opportunity,Hidden Opportunity
M040,L14,Low Performer,Low Performer
M070,L14,Hidden Opportunity,Hidden Opportunity
M068,L14,Low Performer,Low Performer
M135,L14,Hidden Opportunity,Hidden Opportunity
M037,L14,Hidden Opportunity,Hidden Opportunity
M023,L14,Low Performer,Low Performer
M089,L14,Hidden Opportunity,Hidden Opportunity
M141,L14,Profit Driver,Profit Driver
M058,L14,Hidden Opportunity,Hidden Opportunity
M044,L14,Low Performer,Low Performer
M038,L14,Low Performer,Low Performer
M032,L14,Hidden Opportunity,Hidden Opportunity
M075,L14,Low Performer,Low Performer
M053,L14,Hidden Opportunity,Hidden Opportunity
M064,L14,Low Performer,Low Performer
M111,L14,Low Performer,Low Performer
M104,L14,Hidden Opportunity,Hidden Opportunity
M057,L14,Low Performer,Low Performer
M045,L14,Low Performer,Low Performer
M150,L14,Low Performer,Low Performer
M115,L14,Hidden Opportunity,Hidden Opportunity
M069,L14,Hidden Opportunity,Hidden Opportunity
M119,L14,Low Performer,Hidden Opportunity
M006,L14,Hidden Opportunity,Low Performer
M024,L14,Hidden Opportunity,Hidden Opportunity
M136,L14,Low Performer,Low Performer
M081,L14,Hidden Opportunity,Hidden Opportunity
M077,L14,Hidden Opportunity,Hidden Opportunity
M073,L14,Hidden Opportunity,Hidden Opportunity
M116,L14,Low Performer,Low Performer
M125,L14,Hidden Opportunity,Hidden Opportunity
M097,L14,Hidden Opportunity,Hidden Opportunity
M112,L14,Low Performer,Low Performer
M108,L14,Low Performer,Low Performer
M052,L14,Low Performer,Low Performer
M079,L14,Hidden Opportunity,Hidden Opportunity
M005,L14,Low Performer,Low Performer
M030,L14,Hidden Opportunity,Hidden Opportunity
M025,L14,Low Performer,Hidden Opportunity
M134,L14,Hidden Opportunity,Hidden Opportunity
M054,L14,Hidden Opportunity,Hidden Opportunity
M148,L14,Hidden Opportunity,Hidden Opportunity
M118,L14,Low Performer,Low Performer
M050,L14,Hidden Opportunity,Hidden Opportunity
M140,L14,Low Performer,Low Performer
M145,L14,Low Performer,Low Performer
M034,L14,Hidden Opportunity,Hidden Opportunity
M144,L14,Hidden Opportunity,Hidden Opportunity
M017,L14,Hidden Opportunity,Hidden Opportunity
M078,L14,Low Performer,Low Performer
M082,L14,Low Performer,Low Performer
M122,L14,Hidden Opportunity,Hidden Opportunity
M060,L14,Hidden Opportunity,Hidden Opportunity
M001,L14,Hidden Opportunity,Hidden Opportunity
M009,L14,Low Performer,Low Performer
M092,L14,Hidden Opportunity,Hidden Opportunity
M051,L14,Hidden Opportunity,Hidden Opportunity
M039,L14,Low Performer,Low Performer
M109,L14,Hidden Opportunity,Hidden Opportunity
M133,L14,Low Performer,Low Performer
M138,L14,Hidden Opportunity,Hidden Opportunity
M003,L14,Low Performer,Low Performer
M105,L14,Hidden Opportunity,Hidden Opportunity
M016,L14,Low Performer,Low Performer
M128,L14,Low Performer,Low Performer
M083,L14,Hidden Opportunity,Hidden Opportunity
M012,L14,Low Performer,Low Performer
M007,L14,Low Performer,Low Performer
M028,L14,Hidden Opportunity,Hidden Opportunity
M067,L14,Hidden Opportunity,Hidden Opportunity
M013,L14,Low Performer,Low Performer
M107,L14,Low Performer,Low Performer
M033,L14,Low Performer,Low Performer
M139,L14,Low Performer,Low Performer
M102,L14,Hidden Opportunity,Hidden Opportunity
M084,L14,Low Performer,Low Performer
M026,L14,Low Performer,Low Performer
M087,L14,Hidden Opportunity,Hidden Opportunity
M117,L14,Hidden Opportunity,Hidden Opportunity
M031,L14,Hidden Opportunity,Hidden Opportunity
M130,L14,Hidden Opportunity,Hidden Opportunity
M101,L14,Low Performer,Low Performer
M004,L14,Low Performer,Low Performer
M123,L14,Low Performer,Low Performer
M040,L20,Low Performer,Low Performer
M055,L20,Hidden Opportunity,Hidden Opportunity
M060,L20,Profit Driver,Profit Driver
M016,L20,Low Performer,Low Performer
M030,L20,Hidden Opportunity,Hidden Opportunity
M039,L20,Low Performer,Low Performer
M109,L20,Hidden Opportunity,Hidden Opportunity
M128,L20,Low Performer,Low Performer
M147,L20,Hidden Opportunity,Hidden Opportunity
M032,L20,Hidden Opportunity,Hidden Opportunity
M012,L20,Low Performer,Low Performer
M021,L20,Hidden Opportunity,Hidden Opportunity
M022,L20,Hidden Opportunity,Hidden Opportunity
M046,L20,Hidden Opportunity,Hidden Opportunity
M037,L20,Hidden Opportunity,Hidden Opportunity
M137,L20,Low Performer,Low Performer
M140,L20,Volume Driver,Volume Driver
M017,L20,Hidden Opportunity,Hidden Opportunity
M006,L20,Hidden Opportunity,Hidden Opportunity
M047,L20,Hidden Opportunity,Hidden Opportunity
M139,L20,Low Performer,Low Performer
M028,L20,Hidden Opportunity,Hidden Opportunity
M045,L20,Low Performer,Low Performer
M114,L20,Low Performer,Low Performer
M096,L20,Low Performer,Low Performer
M086,L20,Hidden Opportunity,Hidden Opportunity
M062,L20,Low Performer,Low Performer
M102,L20,Hidden Opportunity,Hidden Opportunity
M112,L20,Low Performer,Low Performer
M122,L20,Hidden Opportunity,Hidden Opportunity
M064,L20,Low Performer,Low Performer
M069,L20,Hidden Opportunity,Hidden Opportunity
M023,L20,Low Performer,Low Performer
M024,L20,Hidden Opportunity,Hidden Opportunity
M020,L20,Low Performer,Low Performer
M095,L20,Hidden Opportunity,Hidden Opportunity
M005,L20,Low Performer,Low Performer
M025,L20,Hidden Opportunity,Hidden Opportunity
M127,L20,Hidden Opportunity,Hidden Opportunity
M148,L20,Hidden Opportunity,Hidden Opportunity
M015,L20,Low Performer,Low Performer
M146,L20,Hidden Opportunity,Hidden Opportunity
M105,L20,Hidden Opportunity,Hidden Opportunity
M120,L20,Hidden Opportunity,Hidden Opportunity
M110,L20,Low Performer,Low Performer
M089,L20,Hidden Opportunity,Hidden Opportunity
M113,L20,Hidden Opportunity,Hidden Opportunity
M029,L20,Profit Driver,Hidden Opportunity
M054,L20,Hidden Opportunity,Hidden Opportunity
M074,L20,Hidden Opportunity,Hidden Opportunity
M131,L20,Low Performer,Low Performer
M092,L20,Hidden Opportunity,Hidden Opportunity
M118,L20,Volume Driver,Volume Driver
M013,L20,Low Performer,Low Performer
M061,L20,Hidden Opportunity,Hidden Opportunity
M026,L20,Volume Driver,Volume Driver
M063,L20,Low Performer,Low Performer
M097,L20,Hidden Opportunity,Hidden Opportunity
M103,L20,Hidden Opportunity,Hidden Opportunity
M080,L20,Hidden Opportunity,Hidden Opportunity
M007,L20,Low Performer,Low Performer
M066,L20,Low Performer,Low Performer
M119,L20,Hidden Opportunity,Hidden Opportunity
M142,L20,Hidden Opportunity,Hidden Opportunity
M081,L20,Hidden Opportunity,Hidden Opportunity
M049,L20,Low Performer,Low Performer
M135,L20,Hidden Opportunity,Hidden Opportunity
M065,L20,Hidden Opportunity,Hidden Opportunity
M117,L20,Hidden Opportunity,Hidden Opportunity
M090,L20,Hidden Opportunity,Hidden Opportunity
M088,L20,Hidden Opportunity,Hidden Opportunity
M107,L20,Low Performer,Low Performer
M034,L20,Hidden Opportunity,Hidden Opportunity
M130,L20,Hidden Opportunity,Hidden Opportunity
M123,L20,Low Performer,Low Performer
M059,L20,Hidden Opportunity,Hidden Opportunity
M002,L20,Hidden Opportunity,Hidden Opportunity
M077,L20,Hidden Opportunity,Hidden Opportunity
M056,L20,Hidden Opportunity,Hidden Opportunity
M041,L20,Low Performer,Low Performer
M085,L20,Volume Driver,Low Performer
M050,L20,Hidden Opportunity,Hidden Opportunity
M042,L20,Hidden Opportunity,Hidden Opportunity
M038,L20,Low Performer,Low Performer
M073,L20,Hidden Opportunity,Hidden Opportunity
M033,L20,Low Performer,Low Performer
M129,L20,Hidden Opportunity,Hidden Opportunity
M145,L20,Hidden Opportunity,Low Performer
M100,L20,Low Performer,Low Performer
M125,L20,Hidden Opportunity,Hidden Opportunity
M043,L20,Hidden Opportunity,Low Performer
M082,L20,Low Performer,Low Performer
M044,L20,Volume Driver,Volume Driver
M011,L20,Low Performer,Low Performer
M036,L20,Hidden Opportunity,Hidden Opportunity
M104,L20,Profit Driver,Profit Driver
M087,L20,Hidden Opportunity,Hidden Opportunity
M051,L20,Hidden Opportunity,Hidden Opportunity
M070,L20,Hidden Opportunity,Hidden Opportunity
M121,L20,Hidden Opportunity,Hidden Opportunity
M068,L20,Low Performer,Low Performer
M048,L20,Low Performer,Low Performer
M067,L20,Profit Driver,Profit Driver
M094,L20,Low Performer,Low Performer
M149,L20,Low Performer,Low Performer
M143,L20,Low Performer,Low Performer
M053,L20,Hidden Opportunity,Hidden Opportunity
M106,L20,Low Performer,Low Performer
M083,L20,Hidden Opportunity,Hidden Opportunity
M001,L20,Hidden Opportunity,Hidden Opportunity
M010,L20,Hidden Opportunity,Hidden Opportunity
M035,L20,Low Performer,Low Performer
M101,L20,Low Performer,Low Performer
M008,L20,Low Performer,Low Performer
M141,L20,Profit Driver,Profit Driver
M124,L20,Low Performer,Low Performer
M132,L20,Hidden Opportunity,Hidden Opportunity
M111,L20,Low Performer,Low Performer
M098,L20,Hidden Opportunity,Hidden Opportunity
M075,L20,Low Performer,Low Performer
M150,L20,Low Performer,Low Performer
M126,L20,Hidden Opportunity,Hidden Opportunity
M018,L20,Hidden Opportunity,Hidden Opportunity
M115,L20,Hidden Opportunity,Hidden Opportunity
M031,L20,Hidden Opportunity,Hidden Opportunity
M009,L20,Low Performer,Low Performer
M108,L20,Low Performer,Low Performer
M003,L20,Low Performer,Low Performer
M058,L20,Hidden Opportunity,Hidden Opportunity
M071,L20,Hidden Opportunity,Hidden Opportunity
M084,L20,Low Performer,Low Performer
M004,L20,Low Performer,Low Performer
M116,L20,Low Performer,Low Performer
M079,L20,Hidden Opportunity,Hidden Opportunity
M091,L20,Hidden Opportunity,Hidden Opportunity
M099,L20,Low Performer,Low Performer
M027,L20,Low Performer,Low Performer
M134,L20,Hidden Opportunity,Hidden Opportunity
M014,L20,Low Performer,Low Performer
M052,L20,Low Performer,Low Performer
M057,L20,Low Performer,Low Performer
M138,L20,Hidden Opportunity,Hidden Opportunity
M072,L20,Low Performer,Low Performer
M019,L20,Hidden Opportunity,Hidden Opportunity
M136,L20,Low Performer,Low Performer
M076,L20,Low Performer,Low Performer
M078,L20,Low Performer,Low Performer
M133,L20,Low Performer,Low Performer
M093,L20,Hidden Opportunity,Hidden Opportunity
M144,L20,Hidden Opportunity,Hidden Opportunity
M021,L06,Hidden Opportunity,Hidden Opportunity
M010,L06,Hidden Opportunity,Hidden Opportunity
M042,L06,Hidden Opportunity,Hidden Opportunity
M065,L06,Hidden Opportunity,Hidden Opportunity
M123,L06,Low Performer,Low Performer
M073,L06,Hidden Opportunity,Hidden Opportunity
M030,L06,Hidden Opportunity,Hidden Opportunity
M076,L06,Low Performer,Low Performer
M028,L06,Hidden Opportunity,Hidden Opportunity
M113,L06,Hidden Opportunity,Hidden Opportunity
M012,L06,Low Performer,Low Performer
M136,L06,Low Performer,Low Performer
M126,L06,Hidden Opportunity,Hidden Opportunity
M051,L06,Hidden Opportunity,Hidden Opportunity
M095,L06,Hidden Opportunity,Hidden Opportunity
M093,L06,Hidden Opportunity,Hidden Opportunity
M003,L06,Low Performer,Low Performer
M092,L06,Hidden Opportunity,Hidden Opportunity
M037,L06,Hidden Opportunity,Hidden Opportunity
M149,L06,Low Performer,Low Performer
M070,L06,Hidden Opportunity,Profit Driver
M144,L06,Hidden Opportunity,Hidden Opportunity
M129,L06,Hidden Opportunity,Hidden Opportunity
M138,L06,Hidden Opportunity,Hidden Opportunity
M020,L06,Low Performer,Low Performer
M064,L06,Low Performer,Low Performer
M100,L06,Low Performer,Low Performer
M023,L06,Low Performer,Low Performer
M098,L06,Hidden Opportunity,Hidden Opportunity
M103,L06,Profit Driver,Profit Driver
M119,L06,Low Performer,Low Performer
M026,L06,Volume Driver,Volume Driver
M117,L06,Hidden Opportunity,Hidden Opportunity
M008,L06,Low Performer,Low Performer
M147,L06,Hidden Opportunity,Hidden Opportunity
M062,L06,Low Performer,Low Performer
M131,L06,Low Performer,Low Performer
M125,L06,Hidden Opportunity,Hidden Opportunity
M075,L06,Low Performer,Low Performer
M009,L06,Volume Driver,Volume Driver
M045,L06,Low Performer,Low Performer
M082,L06,Low Performer,Low Performer
M140,L06,Volume Driver,Volume Driver
M145,L06,Hidden Opportunity,Hidden Opportunity
M083,L06,Hidden Opportunity,Hidden Opportunity
M038,L06,Low Performer,Low Performer
M120,L06,Hidden Opportunity,Hidden Opportunity
M077,L06,Hidden Opportunity,Hidden Opportunity
M085,L06,Volume Driver,Volume Driver
M067,L06,Profit Driver,Profit Driver
M068,L06,Low Performer,Low Performer
M054,L06,Hidden Opportunity,Hidden Opportunity
M101,L06,Low Performer,Low Performer
M104,L06,Hidden Opportunity,Hidden Opportunity
M057,L06,Low Performer,Low Performer
M137,L06,Low Performer,Low Performer
M016,L06,Low Performer,Low Performer
M066,L06,Low Performer,Low Performer
M079,L06,Hidden Opportunity,Hidden Opportunity
M055,L06,Hidden Opportunity,Hidden Opportunity
M036,L06,Hidden Opportunity,Hidden Opportunity
M015,L06,Low Performer,Low Performer
M124,L06,Low Performer,Volume Driver
M146,L06,Hidden Opportunity,Hidden Opportunity
M048,L06,Volume Driver,Volume Driver
M029,L06,Hidden Opportunity,Profit Driver
M005,L06,Low Performer,Low Performer
M134,L06,Hidden Opportunity,Hidden Opportunity
M108,L06,Low Performer,Low Performer
M130,L06,Hidden Opportunity,Hidden Opportunity
M139,L06,Low Performer,Low Performer
M080,L06,Hidden Opportunity,Hidden Opportunity
M001,L06,Hidden Opportunity,Hidden Opportunity
M116,L06,Low Performer,Low Performer
M102,L06,Hidden Opportunity,Hidden Opportunity
M071,L06,Hidden Opportunity,Hidden Opportunity
M069,L06,Hidden Opportunity,Hidden Opportunity
M088,L06,Hidden Opportunity,Hidden Opportunity
M078,L06,Low Performer,Low Performer
M141,L06,Profit Driver,Profit Driver
M132,L06,Hidden Opportunity,Hidden Opportunity
M063,L06,Low Performer,Low Performer
M058,L06,Hidden Opportunity,Profit Driver
M060,L06,Profit Driver,Profit Driver
M099,L06,Low Performer,Low Performer
M040,L06,Low Performer,Low Performer
M032,L06,Hidden Opportunity,Hidden Opportunity
M110,L06,Low Performer,Low Performer
M024,L06,Hidden Opportunity,Hidden Opportunity
M118,L06,Volume Driver,Volume Driver
M027,L06,Low Performer,Low Performer
M106,L06,Low Performer,Low Performer
M059,L06,Hidden Opportunity,Hidden Opportunity
M096,L06,Low Performer,Low Performer
M109,L06,Hidden Opportunity,Hidden Opportunity
M022,L06,Hidden Opportunity,Hidden Opportunity
M133,L06,Low Performer,Low Performer
M047,L06,Hidden Opportunity,Hidden Opportunity
M097,L06,Profit Driver,Profit Driver
M150,L06,Low Performer,Low Performer
M039,L06,Low Performer,Volume Driver
M105,L06,Hidden Opportunity,Hidden Opportunity
M049,L06,Low Performer,Low Performer
M091,L06,Hidden Opportunity,Hidden Opportunity
M115,L06,Hidden Opportunity,Hidden Opportunity
M122,L06,Hidden Opportunity,Hidden Opportunity
M017,L06,Hidden Opportunity,Hidden Opportunity
M089,L06,Hidden Opportunity,Hidden Opportunity
M035,L06,Low Performer,Low Performer
M014,L06,Low Performer,Low Performer
M061,L06,Hidden Opportunity,Hidden Opportunity
M127,L06,Hidden Opportunity,Hidden Opportunity
M143,L06,Low Performer,Low Performer
M043,L06,Low Performer,Low Performer
M025,L06,Hidden Opportunity,Profit Driver
M019,L06,Hidden Opportunity,Hidden Opportunity
M148,L06,Hidden Opportunity,Hidden Opportunity
M094,L06,Volume Driver,Volume Driver
M044,L06,Volume Driver,Volume Driver
M004,L06,Low Performer,Low Performer
M090,L06,Hidden Opportunity,Hidden Opportunity
M084,L06,Low Performer,Low Performer
M006,L06,Hidden Opportunity,Hidden Opportunity
M111,L06,Low Performer,Low Performer
M114,L06,Low Performer,Low Performer
M112,L06,Low Performer,Low Performer
M121,L06,Hidden Opportunity,Hidden Opportunity
M031,L06,Hidden Opportunity,Hidden Opportunity
M002,L06,Hidden Opportunity,Hidden Opportunity
M081,L06,Hidden Opportunity,Hidden Opportunity
M107,L06,Low Performer,Low Performer
M007,L06,Low Performer,Low Performer
M034,L06,Hidden Opportunity,Hidden Opportunity
M142,L06,Hidden Opportunity,Hidden Opportunity
M087,L06,Hidden Opportunity,Hidden Opportunity
M011,L06,Low Performer,Low Performer
M018,L06,Hidden Opportunity,Profit Driver
M074,L06,Hidden Opportunity,Hidden Opportunity
M135,L06,Hidden Opportunity,Hidden Opportunity
M013,L06,Hidden Opportunity,Low Performer
M086,L06,Hidden Opportunity,Hidden Opportunity
M053,L06,Hidden Opportunity,Hidden Opportunity
M041,L06,Low Performer,Low Performer
M050,L06,Hidden Opportunity,Hidden Opportunity
M056,L06,Hidden Opportunity,Hidden Opportunity
M072,L06,Low Performer,Low Performer
M052,L06,Low Performer,Low Performer
M033,L06,Low Performer,Low Performer
M046,L06,Hidden Opportunity,Hidden Opportunity
M128,L06,Low Performer,Low Performer
M012,L07,Low Performer,Low Performer
M118,L07,Volume Driver,Volume Driver
M126,L07,Low Performer,Hidden Opportunity
M067,L07,Profit Driver,Profit Driver
M124,L07,Low Performer,Volume Driver
M019,L07,Hidden Opportunity,Hidden Opportunity
M052,L07,Low Performer,Low Performer
M038,L07,Low Performer,Low Performer
M036,L07,Hidden Opportunity,Hidden Opportunity
M096,L07,Low Performer,Low Performer
M009,L07,Volume Driver,Volume Driver
M063,L07,Low Performer,Low Performer
M085,L07,Volume Driver,Volume Driver
M017,L07,Hidden Opportunity,Hidden Opportunity
M141,L07,Profit Driver,Profit Driver
M106,L07,Low Performer,Low Performer
M114,L07,Low Performer,Low Performer
M148,L07,Hidden Opportunity,Hidden Opportunity
M034,L07,Hidden Opportunity,Hidden Opportunity
M104,L07,Hidden Opportunity,Hidden Opportunity
M110,L07,Low Performer,Low Performer
M079,L07,Hidden Opportunity,Hidden Opportunity
M055,L07,Hidden Opportunity,Hidden Opportunity
M027,L07,Low Performer,Low Performer
M069,L07,Hidden Opportunity,Hidden Opportunity
M134,L07,Hidden Opportunity,Hidden Opportunity
M093,L07,Hidden Opportunity,Hidden Opportunity
M030,L07,Hidden Opportunity,Hidden Opportunity
M120,L07,Hidden Opportunity,Hidden Opportunity
M024,L07,Hidden Opportunity,Hidden Opportunity
M130,L07,Hidden Opportunity,Hidden Opportunity
M089,L07,Hidden Opportunity,Hidden Opportunity
M066,L07,Low Performer,Low Performer
M102,L07,Hidden Opportunity,Hidden Opportunity
M004,L07,Low Performer,Low Performer
M127,L07,Hidden Opportunity,Hidden Opportunity
M082,L07,Low Performer,Low Performer
M029,L07,Hidden Opportunity,Profit Driver
M137,L07,Low Performer,Low Performer
M059,L07,Hidden Opportunity,Hidden Opportunity
M139,L07,Low Performer,Low Performer
M094,L07,Low Performer,Low Performer
M113,L07,Hidden Opportunity,Hidden Opportunity
M142,L07,Hidden Opportunity,Hidden Opportunity
M002,L07,Hidden Opportunity,Hidden Opportunity
M092,L07,Hidden Opportunity,Hidden Opportunity
M109,L07,Hidden Opportunity,Hidden Opportunity
M013,L07,Volume Driver,Volume Driver
M041,L07,Low Performer,Low Performer
M084,L07,Low Performer,Low Performer
M040,L07,Low Performer,Low Performer
M068,L07,Hidden Opportunity,Hidden Opportunity
M135,L07,Hidden Opportunity,Hidden Opportunity
M077,L07,Hidden Opportunity,Hidden Opportunity
M049,L07,Volume Driver,Volume Driver
M117,L07,Hidden Opportunity,Hidden Opportunity
M010,L07,Hidden Opportunity,Hidden Opportunity
M072,L07,Low Performer,Low Performer
M090,L07,Hidden Opportunity,Hidden Opportunity
M091,L07,Hidden Opportunity,Hidden Opportunity
M046,L07,Hidden Opportunity,Hidden Opportunity
M021,L07,Hidden Opportunity,Hidden Opportunity
M147,L07,Hidden Opportunity,Hidden Opportunity
M031,L07,Hidden Opportunity,Hidden Opportunity
M047,L07,Hidden Opportunity,Hidden Opportunity
M088,L07,Hidden Opportunity,Hidden Opportunity
M042,L07,Hidden Opportunity,Hidden Opportunity
M080,L07,Hidden Opportunity,Hidden Opportunity
M145,L07,Hidden Opportunity,Hidden Opportunity
M020,L07,Low Performer,Low Performer
M039,L07,Low Performer,Low Performer
M026,L07,Low Performer,Low Performer
M075,L07,Low Performer,Low Performer
M044,L07,Low Performer,Low Performer
M150,L07,Low Performer,Low Performer
M005,L07,Low Performer,Low Performer
M035,L07,Low Performer,Low Performer
M121,L07,Hidden Opportunity,Hidden Opportunity
M146,L07,Hidden Opportunity,Hidden Opportunity
M056,L07,Hidden Opportunity,Hidden Opportunity
M083,L07,Hidden Opportunity,Hidden Opportunity
M050,L07,Hidden Opportunity,Hidden Opportunity
M116,L07,Low Performer,Low Performer
M100,L07,Low Performer,Low Performer
M006,L07,Hidden Opportunity,Hidden Opportunity
M007,L07,Low Performer,Low Performer
M103,L07,Profit Driver,Profit Driver
M133,L07,Low Performer,Low Performer
M065,L07,Hidden Opportunity,Hidden Opportunity
M125,L07,Hidden Opportunity,Hidden Opportunity
M028,L07,Hidden Opportunity,Hidden Opportunity
M097,L07,Hidden Opportunity,Hidden Opportunity
M095,L07,Hidden Opportunity,Hidden Opportunity
M064,L07,Low Performer,Low Performer
M070,L07,Hidden Opportunity,Hidden Opportunity
M022,L07,Hidden Opportunity,Hidden Opportunity
M018,L07,Hidden Opportunity,Hidden Opportunity
M045,L07,Low Performer,Low Performer
M058,L07,Profit Driver,Profit Driver
M086,L07,Hidden Opportunity,Hidden Opportunity
M122,L07,Hidden Opportunity,Hidden Opportunity
M033,L07,Low Performer,Low Performer
M108,L07,Low Performer,Low Performer
M016,L07,Low Performer,Low Performer
M073,L07,Hidden Opportunity,Hidden Opportunity
M001,L07,Hidden Opportunity,Hidden Opportunity
M136,L07,Low Performer,Low Performer
M132,L07,Hidden Opportunity,Hidden Opportunity
M149,L07,Low Performer,Low Performer
M011,L07,Low Performer,Low Performer
M015,L07,Low Performer,Low Performer
M101,L07,Low Performer,Low Performer
M043,L07,Hidden Opportunity,Hidden Opportunity
M107,L07,Low Performer,Low Performer
M054,L07,Hidden Opportunity,Hidden Opportunity
M023,L07,Low Performer,Low Performer
M008,L07,Low Performer,Hidden Opportunity
M003,L07,Low Performer,Low Performer
M081,L07,Hidden Opportunity,Hidden Opportunity
M144,L07,Hidden Opportunity,Hidden Opportunity
M057,L07,Low Performer,Low Performer
M062,L07,Low Performer,Low Performer
M025,L07,Hidden Opportunity,Hidden Opportunity
M123,L07,Low Performer,Low Performer
M143,L07,Low Performer,Low Performer
M131,L07,Low Performer,Low Performer
M074,L07,Hidden Opportunity,Hidden Opportunity
M078,L07,Low Performer,Low Performer
M037,L07,Hidden Opportunity,Hidden Opportunity
M061,L07,Hidden Opportunity,Hidden Opportunity
M099,L07,Low Performer,Low Performer
M112,L07,Low Performer,Low Performer
M129,L07,Hidden Opportunity,Hidden Opportunity
M071,L07,Profit Driver,Profit Driver
M051,L07,Hidden Opportunity,Hidden Opportunity
M105,L07,Hidden Opportunity,Hidden Opportunity
M060,L07,Hidden Opportunity,Hidden Opportunity
M119,L07,Hidden Opportunity,Hidden Opportunity
M140,L07,Volume Driver,Volume Driver
M048,L07,Low Performer,Low Performer
M076,L07,Low Performer,Low Performer
M032,L07,Hidden Opportunity,Hidden Opportunity
M138,L07,Hidden Opportunity,Hidden Opportunity
M087,L07,Hidden Opportunity,Hidden Opportunity
M098,L07,Hidden Opportunity,Hidden Opportunity
M111,L07,Low Performer,Low Performer
M014,L07,Low Performer,Low Performer
M053,L07,Hidden Opportunity,Hidden Opportunity
M115,L07,Hidden Opportunity,Hidden Opportunity
M128,L07,Low Performer,Low Performer
M011,L03,Low Performer,Low Performer
M124,L03,Low Performer,Volume Driver
M064,L03,Low Performer,Low Performer
M141,L03,Profit Driver,Profit Driver
M012,L03,Low Performer,Low Performer
M113,L03,Hidden Opportunity,Profit Driver
M096,L03,Low Performer,Low Performer
M127,L03,Hidden Opportunity,Hidden Opportunity
M085,L03,Volume Driver,Volume Driver
M077,L03,Hidden Opportunity,Hidden Opportunity
M123,L03,Low Performer,Low Performer
M007,L03,Low Performer,Low Performer
M106,L03,Low Performer,Volume Driver
M059,L03,Hidden Opportunity,Profit Driver
M002,L03,Hidden Opportunity,Hidden Opportunity
M090,L03,Hidden Opportunity,Hidden Opportunity
M133,L03,Low Performer,Low Performer
M112,L03,Low Performer,Low Performer
M125,L03,Hidden Opportunity,Hidden Opportunity
M136,L03,Low Performer,Low Performer
M146,L03,Hidden Opportunity,Hidden Opportunity
M025,L03,Profit Driver,Profit Driver
M102,L03,Hidden Opportunity,Profit Driver
M026,L03,Low Performer,Low Performer
M009,L03,Volume Driver,Volume Driver
M074,L03,Hidden Opportunity,Hidden Opportunity
M075,L03,Low Performer,Low Performer
M019,L03,Hidden Opportunity,Hidden Opportunity
M097,L03,Hidden Opportunity,Hidden Opportunity
M130,L03,Hidden Opportunity,Hidden Opportunity
M073,L03,Hidden Opportunity,Hidden Opportunity
M104,L03,Hidden Opportunity,Hidden Opportunity
M120,L03,Hidden Opportunity,Hidden Opportunity
M016,L03,Low Performer,Low Performer
M005,L03,Low Performer,Low Performer
M062,L03,Low Performer,Volume Driver
M111,L03,Low Performer,Low Performer
M100,L03,Low Performer,Low Performer
M142,L03,Hidden Opportunity,Hidden Opportunity
M065,L03,Hidden Opportunity,Profit Driver
M103,L03,Profit Driver,Profit Driver
M054,L03,Hidden Opportunity,Hidden Opportunity
M071,L03,Hidden Opportunity,Hidden Opportunity
M093,L03,Hidden Opportunity,Hidden Opportunity
M095,L03,Hidden Opportunity,Hidden Opportunity
M069,L03,Hidden Opportunity,Hidden Opportunity
M144,L03,Hidden Opportunity,Hidden Opportunity
M039,L03,Volume Driver,Volume Driver
M091,L03,Hidden Opportunity,Hidden Opportunity
M129,L03,Hidden Opportunity,Hidden Opportunity
M088,L03,Hidden Opportunity,Hidden Opportunity
M036,L03,Hidden Opportunity,Hidden Opportunity
M053,L03,Hidden Opportunity,Hidden Opportunity
M108,L03,Low Performer,Low Performer
M038,L03,Low Performer,Low Performer
M013,L03,Low Performer,Low Performer
M134,L03,Hidden Opportunity,Hidden Opportunity
M076,L03,Low Performer,Volume Driver
M081,L03,Hidden Opportunity,Hidden Opportunity
M043,L03,Hidden Opportunity,Hidden Opportunity
M150,L03,Low Performer,Low Performer
M098,L03,Hidden Opportunity,Profit Driver
M001,L03,Hidden Opportunity,Hidden Opportunity
M051,L03,Hidden Opportunity,Hidden Opportunity
M083,L03,Hidden Opportunity,Hidden Opportunity
M055,L03,Hidden Opportunity,Hidden Opportunity
M143,L03,Low Performer,Low Performer
M126,L03,Hidden Opportunity,Hidden Opportunity
M050,L03,Hidden Opportunity,Hidden Opportunity
M048,L03,Low Performer,Low Performer
M006,L03,Hidden Opportunity,Hidden Opportunity
M015,L03,Low Performer,Low Performer
M107,L03,Low Performer,Low Performer
M008,L03,Hidden Opportunity,Low Performer
M029,L03,Profit Driver,Profit Driver
M105,L03,Hidden Opportunity,Hidden Opportunity
M068,L03,Hidden Opportunity,Hidden Opportunity
M042,L03,Profit Driver,Profit Driver
M072,L03,Low Performer,Volume Driver
M056,L03,Hidden Opportunity,Hidden Opportunity
M110,L03,Low Performer,Low Performer
M116,L03,Low Performer,Low Performer
M117,L03,Hidden Opportunity,Hidden Opportunity
M041,L03,Low Performer,Low Performer
M066,L03,Low Performer,Low Performer
M119,L03,Hidden Opportunity,Hidden Opportunity
M115,L03,Hidden Opportunity,Hidden Opportunity
M023,L03,Low Performer,Low Performer
M022,L03,Hidden Opportunity,Hidden Opportunity
M109,L03,Hidden Opportunity,Hidden Opportunity
M034,L03,Hidden Opportunity,Hidden Opportunity
M061,L03,Hidden Opportunity,Hidden Opportunity
M035,L03,Low Performer,Low Performer
M046,L03,Hidden Opportunity,Hidden Opportunity
M045,L03,Low Performer,Volume Driver
M140,L03,Volume Driver,Volume Driver
M149,L03,Low Performer,Low Performer
M070,L03,Hidden Opportunity,Profit Driver
M128,L03,Low Performer,Low Performer
M032,L03,Hidden Opportunity,Hidden Opportunity
M132,L03,Hidden Opportunity,Profit Driver
M033,L03,Low Performer,Low Performer
M087,L03,Hidden Opportunity,Hidden Opportunity
M024,L03,Hidden Opportunity,Hidden Opportunity
M086,L03,Hidden Opportunity,Hidden Opportunity
M138,L03,Hidden Opportunity,Hidden Opportunity
M004,L03,Low Performer,Low Performer
M082,L03,Low Performer,Low Performer
M114,L03,Low Performer,Volume Driver
M021,L03,Hidden Opportunity,Hidden Opportunity
M118,L03,Volume Driver,Volume Driver
M079,L03,Hidden Opportunity,Profit Driver
M078,L03,Low Performer,Low Performer
M044,L03,Low Performer,Volume Driver
M017,L03,Hidden Opportunity,Hidden Opportunity
M139,L03,Low Performer,Low Performer
M060,L03,Profit Driver,Profit Driver
M030,L03,Hidden Opportunity,Profit Driver
M122,L03,Hidden Opportunity,Hidden Opportunity
M080,L03,Hidden Opportunity,Hidden Opportunity
M003,L03,Low Performer,Low Performer
M010,L03,Hidden Opportunity,Hidden Opportunity
M031,L03,Hidden Opportunity,Hidden Opportunity
M101,L03,Low Performer,Low Performer
M028,L03,Hidden Opportunity,Hidden Opportunity
M027,L03,Low Performer,Low Performer
M014,L03,Low Performer,Low Performer
M067,L03,Profit Driver,Profit Driver
M099,L03,Low Performer,Low Performer
M148,L03,Hidden Opportunity,Profit Driver
M049,L03,Low Performer,Volume Driver
M092,L03,Hidden Opportunity,Hidden Opportunity
M147,L03,Hidden Opportunity,Hidden Opportunity
M020,L03,Low Performer,Low Performer
M057,L03,Low Performer,Low Performer
M058,L03,Profit Driver,Profit Driver
M040,L03,Low Performer,Low Performer
M094,L03,Low Performer,Volume Driver
M135,L03,Hidden Opportunity,Profit Driver
M137,L03,Low Performer,Low Performer
M063,L03,Low Performer,Low Performer
M145,L03,Hidden Opportunity,Hidden Opportunity
M018,L03,Profit Driver,Profit Driver
M084,L03,Low Performer,Low Performer
M089,L03,Hidden Opportunity,Hidden Opportunity
M037,L03,Hidden Opportunity,Hidden Opportunity
M131,L03,Low Performer,Low Performer
M121,L03,Hidden Opportunity,Hidden Opportunity
M047,L03,Hidden Opportunity,Hidden Opportunity
M052,L03,Low Performer,Low Performer
M045,L11,Low Performer,Low Performer
M100,L11,Low Performer,Low Performer
M056,L11,Hidden Opportunity,Hidden Opportunity
M049,L11,Low Performer,Low Performer
M096,L11,Low Performer,Low Performer
M136,L11,Low Performer,Low Performer
M079,L11,Hidden Opportunity,Hidden Opportunity
M046,L11,Hidden Opportunity,Hidden Opportunity
M129,L11,Hidden Opportunity,Hidden Opportunity
M109,L11,Hidden Opportunity,Hidden Opportunity
M001,L11,Hidden Opportunity,Hidden Opportunity
M075,L11,Low Performer,Low Performer
M010,L11,Hidden Opportunity,Hidden Opportunity
M086,L11,Profit Driver,Profit Driver
M147,L11,Hidden Opportunity,Hidden Opportunity
M122,L11,Hidden Opportunity,Hidden Opportunity
M064,L11,Low Performer,Low Performer
M125,L11,Hidden Opportunity,Hidden Opportunity
M051,L11,Hidden Opportunity,Hidden Opportunity
M127,L11,Hidden Opportunity,Hidden Opportunity
M060,L11,Hidden Opportunity,Hidden Opportunity
M116,L11,Low Performer,Low Performer
M084,L11,Low Performer,Low Performer
M099,L11,Low Performer,Low Performer
M069,L11,Hidden Opportunity,Hidden Opportunity
M040,L11,Low Performer,Low Performer
M120,L11,Hidden Opportunity,Hidden Opportunity
M015,L11,Low Performer,Low Performer
M006,L11,Hidden Opportunity,Hidden Opportunity
M114,L11,Low Performer,Low Performer
M143,L11,Low Performer,Low Performer
M062,L11,Low Performer,Low Performer
M058,L11,Profit Driver,Profit Driver
M054,L11,Hidden Opportunity,Hidden Opportunity
M102,L11,Hidden Opportunity,Hidden Opportunity
M020,L11,Low Performer,Low Performer
M004,L11,Low Performer,Low Performer
M032,L11,Hidden Opportunity,Hidden Opportunity
M138,L11,Hidden Opportunity,Hidden Opportunity
M021,L11,Hidden Opportunity,Hidden Opportunity
M007,L11,Low Performer,Low Performer
M024,L11,Hidden Opportunity,Hidden Opportunity
M101,L11,Low Performer,Low Performer
M094,L11,Low Performer,Volume Driver
M009,L11,Low Performer,Volume Driver
M095,L11,Hidden Opportunity,Hidden Opportunity
M048,L11,Low Performer,Low Performer
M146,L11,Hidden Opportunity,Hidden Opportunity
M115,L11,Hidden Opportunity,Hidden Opportunity
M055,L11,Hidden Opportunity,Hidden Opportunity
M117,L11,Hidden Opportunity,Hidden Opportunity
M028,L11,Hidden Opportunity,Hidden Opportunity
M011,L11,Low Performer,Low Performer
M050,L11,Hidden Opportunity,Hidden Opportunity
M142,L11,Hidden Opportunity,Hidden Opportunity
M031,L11,Hidden Opportunity,Hidden Opportunity
M078,L11,Low Performer,Low Performer
M059,L11,Hidden Opportunity,Hidden Opportunity
M088,L11,Hidden Opportunity,Hidden Opportunity
M141,L11,Profit Driver,Profit Driver
M077,L11,Hidden Opportunity,Hidden Opportunity
M107,L11,Low Performer,Low Performer
M033,L11,Low Performer,Low Performer
M019,L11,Hidden Opportunity,Hidden Opportunity
M016,L11,Low Performer,Low Performer
M081,L11,Hidden Opportunity,Hidden Opportunity
M133,L11,Low Performer,Low Performer
M150,L11,Low Performer,Low Performer
M044,L11,Low Performer,Volume Driver
M105,L11,Hidden Opportunity,Hidden Opportunity
M047,L11,Hidden Opportunity,Hidden Opportunity
M065,L11,Hidden Opportunity,Hidden Opportunity
M029,L11,Profit Driver,Profit Driver
M135,L11,Hidden Opportunity,Profit Driver
M035,L11,Low Performer,Low Performer
M145,L11,Hidden Opportunity,Hidden Opportunity
M002,L11,Hidden Opportunity,Hidden Opportunity
M128,L11,Low Performer,Low Performer
M144,L11,Hidden Opportunity,Hidden Opportunity
M149,L11,Low Performer,Low Performer
M067,L11,Profit Driver,Profit Driver
M132,L11,Hidden Opportunity,Hidden Opportunity
M074,L11,Hidden Opportunity,Hidden Opportunity
M108,L11,Low Performer,Low Performer
M014,L11,Low Performer,Low Performer
M037,L11,Hidden Opportunity,Hidden Opportunity
M089,L11,Hidden Opportunity,Hidden Opportunity
M090,L11,Hidden Opportunity,Hidden Opportunity
M026,L11,Volume Driver,Volume Driver
M134,L11,Hidden Opportunity,Hidden Opportunity
M140,L11,Volume Driver,Volume Driver
M104,L11,Hidden Opportunity,Hidden Opportunity
M139,L11,Low Performer,Low Performer
M080,L11,Hidden Opportunity,Hidden Opportunity
M130,L11,Hidden Opportunity,Hidden Opportunity
M053,L11,Hidden Opportunity,Hidden Opportunity
M034,L11,Hidden Opportunity,Hidden Opportunity
M063,L11,Low Performer,Low Performer
M017,L11,Hidden Opportunity,Hidden Opportunity
M061,L11,Hidden Opportunity,Hidden Opportunity
M123,L11,Low Performer,Low Performer
M137,L11,Low Performer,Low Performer
M025,L11,Hidden Opportunity,Profit Driver
M118,L11,Volume Driver,Volume Driver
M093,L11,Hidden Opportunity,Hidden Opportunity
M110,L11,Low Performer,Low Performer
M124,L11,Volume Driver,Volume Driver
M036,L11,Hidden Opportunity,Hidden Opportunity
M018,L11,Hidden Opportunity,Profit Driver
M126,L11,Hidden Opportunity,Hidden Opportunity
M005,L11,Low Performer,Low Performer
M030,L11,Hidden Opportunity,Hidden Opportunity
M083,L11,Hidden Opportunity,Hidden Opportunity
M038,L11,Low Performer,Low Performer
M003,L11,Low Performer,Low Performer
M076,L11,Low Performer,Low Performer
M103,L11,Profit Driver,Profit Driver
M057,L11,Low Performer,Low Performer
M112,L11,Low Performer,Low Performer
M092,L11,Hidden Opportunity,Hidden Opportunity
M113,L11,Hidden Opportunity,Hidden Opportunity
M082,L11,Low Performer,Low Performer
M043,L11,Hidden Opportunity,Hidden Opportunity
M097,L11,Hidden Opportunity,Hidden Opportunity
M022,L11,Hidden Opportunity,Hidden Opportunity
M013,L11,Low Performer,Low Performer
M023,L11,Low Performer,Low Performer
M042,L11,Hidden Opportunity,Hidden Opportunity
M072,L11,Low Performer,Low Performer
M068,L11,Low Performer,Low Performer
M085,L11,Volume Driver,Volume Driver
M027,L11,Low Performer,Low Performer
M041,L11,Low Performer,Low Performer
M111,L11,Low Performer,Low Performer
M091,L11,Hidden Opportunity,Hidden Opportunity
M052,L11,Low Performer,Low Performer
M039,L11,Low Performer,Volume Driver
M131,L11,Low Performer,Low Performer
M119,L11,Hidden Opportunity,Hidden Opportunity
M012,L11,Low Performer,Low Performer
M121,L11,Hidden Opportunity,Hidden Opportunity
M098,L11,Hidden Opportunity,Hidden Opportunity
M087,L11,Hidden Opportunity,Hidden Opportunity
M106,L11,Low Performer,Low Performer
M070,L11,Profit Driver,Profit Driver
M071,L11,Hidden Opportunity,Hidden Opportunity
M148,L11,Hidden Opportunity,Hidden Opportunity
M073,L11,Hidden Opportunity,Hidden Opportunity
M066,L11,Low Performer,Low Performer
M008,L11,Low Performer,Low Performer
M094,L16,Low Performer,Low Performer
M101,L16,Low Performer,Low Performer
M056,L16,Hidden Opportunity,Hidden Opportunity
M070,L16,Hidden Opportunity,Hidden Opportunity
M048,L16,Low Performer,Low Performer
M113,L16,Hidden Opportunity,Low Performer
M061,L16,Hidden Opportunity,Hidden Opportunity
M029,L16,Hidden Opportunity,Hidden Opportunity
M012,L16,Low Performer,Low Performer
M065,L16,Hidden Opportunity,Hidden Opportunity
M040,L16,Low Performer,Low Performer
M097,L16,Hidden Opportunity,Hidden Opportunity
M022,L16,Hidden Opportunity,Low Performer
M008,L16,Low Performer,Low Performer
M144,L16,Hidden Opportunity,Hidden Opportunity
M013,L16,Low Performer,Low Performer
M134,L16,Hidden Opportunity,Hidden Opportunity
M035,L16,Low Performer,Low Performer
M007,L16,Low Performer,Low Performer
M091,L16,Hidden Opportunity,Hidden Opportunity
M072,L16,Low Performer,Low Performer
M079,L16,Hidden Opportunity,Hidden Opportunity
M024,L16,Hidden Opportunity,Hidden Opportunity
M019,L16,Hidden Opportunity,Hidden Opportunity
M050,L16,Hidden Opportunity,Hidden Opportunity
M016,L16,Low Performer,Low Performer
M014,L16,Low Performer,Low Performer
M146,L16,Hidden Opportunity,Hidden Opportunity
M020,L16,Low Performer,Low Performer
M031,L16,Hidden Opportunity,Hidden Opportunity
M052,L16,Low Performer,Low Performer
M135,L16,Hidden Opportunity,Hidden Opportunity
M038,L16,Low Performer,Low Performer
M044,L16,Low Performer,Low Performer
M010,L16,Hidden Opportunity,Hidden Opportunity
M068,L16,Low Performer,Low Performer
M142,L16,Hidden Opportunity,Hidden Opportunity
M107,L16,Low Performer,Low Performer
M108,L16,Low Performer,Low Performer
M006,L16,Hidden Opportunity,Low Performer
M133,L16,Low Performer,Low Performer
M093,L16,Hidden Opportunity,Hidden Opportunity
M103,L16,Hidden Opportunity,Hidden Opportunity
M117,L16,Hidden Opportunity,Hidden Opportunity
M087,L16,Hidden Opportunity,Hidden Opportunity
M086,L16,Hidden Opportunity,Hidden Opportunity
M148,L16,Hidden Opportunity,Hidden Opportunity
M138,L16,Hidden Opportunity,Low Performer
M046,L16,Hidden Opportunity,Hidden Opportunity
M081,L16,Hidden Opportunity,Hidden Opportunity
M027,L16,Low Performer,Low Performer
M001,L16,Hidden Opportunity,Hidden Opportunity
M025,L16,Low Performer,Low Performer
M149,L16,Low Performer,Low Performer
M080,L16,Hidden Opportunity,Hidden Opportunity
M083,L16,Hidden Opportunity,Hidden Opportunity
M129,L16,Hidden Opportunity,Hidden Opportunity
M111,L16,Low Performer,Low Performer
M085,L16,Low Performer,Low Performer
M110,L16,Low Performer,Low Performer
M017,L16,Hidden Opportunity,Hidden Opportunity
M043,L16,Hidden Opportunity,Hidden Opportunity
M131,L16,Low Performer,Low Performer
M122,L16,Hidden Opportunity,Hidden Opportunity
M026,L16,Low Performer,Low Performer
M030,L16,Profit Driver,Profit Driver
M139,L16,Low Performer,Low Performer
M071,L16,Hidden Opportunity,Hidden Opportunity
M132,L16,Hidden Opportunity,Hidden Opportunity
M036,L16,Hidden Opportunity,Hidden Opportunity
M104,L16,Hidden Opportunity,Hidden Opportunity
M077,L16,Hidden Opportunity,Low Performer
M143,L16,Low Performer,Low Performer
M119,L16,Hidden Opportunity,Hidden Opportunity
M005,L16,Low Performer,Low Performer
M037,L16,Hidden Opportunity,Hidden Opportunity
M147,L16,Hidden Opportunity,Hidden Opportunity
M141,L16,Hidden Opportunity,Hidden Opportunity
M064,L16,Low Performer,Low Performer
M067,L16,Hidden Opportunity,Hidden Opportunity
M145,L16,Low Performer,Low Performer
M116,L16,Low Performer,Low Performer
M058,L16,Profit Driver,Profit Driver
M120,L16,Hidden Opportunity,Hidden Opportunity
M088,L16,Hidden Opportunity,Hidden Opportunity
M150,L16,Low Performer,Low Performer
M063,L16,Low Performer,Low Performer
M105,L16,Hidden Opportunity,Hidden Opportunity
M042,L16,Hidden Opportunity,Hidden Opportunity
M011,L16,Low Performer,Low Performer
M054,L16,Hidden Opportunity,Hidden Opportunity
M060,L16,Profit Driver,Profit Driver
M033,L16,Low Performer,Low Performer
M092,L16,Hidden Opportunity,Hidden Opportunity
M023,L16,Low Performer,Low Performer
M090,L16,Hidden Opportunity,Hidden Opportunity
M041,L16,Low Performer,Low Performer
M082,L16,Low Performer,Low Performer
M096,L16,Low Performer,Low Performer
M053,L16,Hidden Opportunity,Hidden Opportunity
M062,L16,Low Performer,Low Performer
M076,L16,Low Performer,Low Performer
M015,L16,Low Performer,Low Performer
M100,L16,Low Performer,Low Performer
M078,L16,Low Performer,Low Performer
M059,L16,Hidden Opportunity,Hidden Opportunity
M136,L16,Low Performer,Low Performer
M095,L16,Hidden Opportunity,Hidden Opportunity
M099,L16,Low Performer,Low Performer
M039,L16,Volume Driver,Volume Driver
M125,L16,Hidden Opportunity,Hidden Opportunity
M028,L16,Hidden Opportunity,Hidden Opportunity
M049,L16,Low Performer,Low Performer
M106,L16,Low Performer,Low Performer
M002,L16,Hidden Opportunity,Hidden Opportunity
M089,L16,Hidden Opportunity,Hidden Opportunity
M130,L16,Hidden Opportunity,Hidden Opportunity
M032,L16,Hidden Opportunity,Hidden Opportunity
M034,L16,Hidden Opportunity,Hidden Opportunity
M126,L16,Hidden Opportunity,Low Performer
M098,L16,Hidden Opportunity,Hidden Opportunity
M066,L16,Low Performer,Low Performer
M004,L16,Low Performer,Low Performer
M057,L16,Low Performer,Low Performer
M102,L16,Hidden Opportunity,Hidden Opportunity
M074,L16,Hidden Opportunity,Hidden Opportunity
M051,L16,Hidden Opportunity,Hidden Opportunity
M121,L16,Hidden Opportunity,Hidden Opportunity
M021,L16,Hidden Opportunity,Hidden Opportunity
M128,L16,Low Performer,Low Performer
M140,L16,Low Performer,Low Performer
M055,L16,Hidden Opportunity,Hidden Opportunity
M124,L16,Low Performer,Low Performer
M118,L16,Low Performer,Low Performer
M137,L16,Low Performer,Low Performer
M009,L16,Low Performer,Low Performer
M003,L16,Low Performer,Low Performer
M127,L16,Low Performer,Low Performer
M112,L16,Low Performer,Low Performer
M114,L16,Low Performer,Low Performer
M084,L16,Low Performer,Low Performer
M069,L16,Hidden Opportunity,Hidden Opportunity
M047,L16,Hidden Opportunity,Hidden Opportunity
M109,L16,Hidden Opportunity,Low Performer
M123,L16,Low Performer,Low Performer
M073,L16,Hidden Opportunity,Hidden Opportunity
M115,L16,Hidden Opportunity,Hidden Opportunity
M018,L16,Hidden Opportunity,Hidden Opportunity
M045,L16,Low Performer,Low Performer
M075,L16,Low Performer,Low Performer
M118,L12,Volume Driver,Low Performer
M001,L12,Hidden Opportunity,Hidden Opportunity
M102,L12,Hidden Opportunity,Hidden Opportunity
M096,L12,Low Performer,Low Performer
M094,L12,Low Performer,Low Performer
M080,L12,Hidden Opportunity,Hidden Opportunity
M037,L12,Hidden Opportunity,Hidden Opportunity
M077,L12,Hidden Opportunity,Hidden Opportunity
M116,L12,Low Performer,Low Performer
M046,L12,Hidden Opportunity,Hidden Opportunity
M093,L12,Hidden Opportunity,Hidden Opportunity
M124,L12,Low Performer,Low Performer
M123,L12,Low Performer,Low Performer
M098,L12,Hidden Opportunity,Hidden Opportunity
M129,L12,Hidden Opportunity,Hidden Opportunity
M125,L12,Hidden Opportunity,Hidden Opportunity
M050,L12,Hidden Opportunity,Hidden Opportunity
M009,L12,Low Performer,Low Performer
M108,L12,Low Performer,Low Performer
M059,L12,Hidden Opportunity,Hidden Opportunity
M045,L12,Low Performer,Low Performer
M012,L12,Low Performer,Low Performer
M015,L12,Low Performer,Low Performer
M056,L12,Hidden Opportunity,Hidden Opportunity
M081,L12,Hidden Opportunity,Hidden Opportunity
M141,L12,Hidden Opportunity,Hidden Opportunity
M092,L12,Hidden Opportunity,Hidden Opportunity
M005,L12,Low Performer,Low Performer
M069,L12,Hidden Opportunity,Hidden Opportunity
M083,L12,Hidden Opportunity,Hidden Opportunity
M111,L12,Low Performer,Low Performer
M010,L12,Hidden Opportunity,Hidden Opportunity
M028,L12,Hidden Opportunity,Hidden Opportunity
M107,L12,Low Performer,Low Performer
M148,L12,Hidden Opportunity,Hidden Opportunity
M026,L12,Low Performer,Low Performer
M112,L12,Low Performer,Low Performer
M008,L12,Hidden Opportunity,Hidden Opportunity
M053,L12,Hidden Opportunity,Hidden Opportunity
M064,L12,Low Performer,Low Performer
M033,L12,Low Performer,Low Performer
M002,L12,Hidden Opportunity,Hidden Opportunity
M142,L12,Hidden Opportunity,Hidden Opportunity
M115,L12,Hidden Opportunity,Hidden Opportunity
M089,L12,Hidden Opportunity,Hidden Opportunity
M025,L12,Hidden Opportunity,Hidden Opportunity
M073,L12,Hidden Opportunity,Hidden Opportunity
M014,L12,Low Performer,Low Performer
M017,L12,Hidden Opportunity,Hidden Opportunity
M126,L12,Hidden Opportunity,Hidden Opportunity
M103,L12,Profit Driver,Hidden Opportunity
M027,L12,Low Performer,Low Performer
M075,L12,Low Performer,Low Performer
M099,L12,Low Performer,Low Performer
M039,L12,Low Performer,Low Performer
M019,L12,Hidden Opportunity,Hidden Opportunity
M114,L12,Low Performer,Low Performer
M095,L12,Hidden Opportunity,Hidden Opportunity
M121,L12,Hidden Opportunity,Hidden Opportunity
M143,L12,Low Performer,Low Performer
M023,L12,Low Performer,Low Performer
M090,L12,Hidden Opportunity,Hidden Opportunity
M100,L12,Low Performer,Low Performer
M131,L12,Low Performer,Low Performer
M020,L12,Low Performer,Low Performer
M013,L12,Low Performer,Low Performer
M038,L12,Low Performer,Low Performer
M110,L12,Low Performer,Low Performer
M068,L12,Hidden Opportunity,Hidden Opportunity
M120,L12,Hidden Opportunity,Hidden Opportunity
M101,L12,Low Performer,Low Performer
M054,L12,Hidden Opportunity,Hidden Opportunity
M041,L12,Low Performer,Low Performer
M144,L12,Hidden Opportunity,Hidden Opportunity
M105,L12,Hidden Opportunity,Hidden Opportunity
M048,L12,Low Performer,Low Performer
M070,L12,Hidden Opportunity,Profit Driver
M071,L12,Hidden Opportunity,Hidden Opportunity
M052,L12,Low Performer,Low Performer
M066,L12,Low Performer,Low Performer
M062,L12,Low Performer,Low Performer
M150,L12,Low Performer,Low Performer
M061,L12,Hidden Opportunity,Hidden Opportunity
M051,L12,Hidden Opportunity,Hidden Opportunity
M079,L12,Hidden Opportunity,Hidden Opportunity
M127,L12,Hidden Opportunity,Hidden Opportunity
M109,L12,Hidden Opportunity,Hidden Opportunity
M072,L12,Low Performer,Low Performer
M119,L12,Hidden Opportunity,Hidden Opportunity
M060,L12,Hidden Opportunity,Hidden Opportunity
M145,L12,Hidden Opportunity,Hidden Opportunity
M067,L12,Profit Driver,Hidden Opportunity
M082,L12,Low Performer,Low Performer
M137,L12,Low Performer,Low Performer
M042,L12,Hidden Opportunity,Hidden Opportunity
M035,L12,Low Performer,Low Performer
M043,L12,Hidden Opportunity,Hidden Opportunity
M138,L12,Hidden Opportunity,Hidden Opportunity
M065,L12,Hidden Opportunity,Hidden Opportunity
M044,L12,Low Performer,Low Performer
M040,L12,Low Performer,Low Performer
M104,L12,Hidden Opportunity,Hidden Opportunity
M016,L12,Low Performer,Low Performer
M135,L12,Hidden Opportunity,Hidden Opportunity
M136,L12,Low Performer,Low Performer
M085,L12,Volume Driver,Low Performer
M140,L12,Volume Driver,Volume Driver
M076,L12,Low Performer,Low Performer
M113,L12,Hidden Opportunity,Hidden Opportunity
M132,L12,Hidden Opportunity,Hidden Opportunity
M036,L12,Hidden Opportunity,Hidden Opportunity
M146,L12,Hidden Opportunity,Hidden Opportunity
M004,L12,Low Performer,Low Performer
M047,L12,Hidden Opportunity,Hidden Opportunity
M031,L12,Hidden Opportunity,Hidden Opportunity
M128,L12,Low Performer,Low Performer
M088,L12,Hidden Opportunity,Profit Driver
M018,L12,Hidden Opportunity,Hidden Opportunity
M117,L12,Hidden Opportunity,Hidden Opportunity
M122,L12,Hidden Opportunity,Hidden Opportunity
M130,L12,Hidden Opportunity,Hidden Opportunity
M078,L12,Low Performer,Low Performer
M074,L12,Hidden Opportunity,Hidden Opportunity
M022,L12,Hidden Opportunity,Hidden Opportunity
M029,L12,Hidden Opportunity,Hidden Opportunity
M032,L12,Hidden Opportunity,Hidden Opportunity
M134,L12,Hidden Opportunity,Hidden Opportunity
M063,L12,Low Performer,Low Performer
M097,L12,Hidden Opportunity,Hidden Opportunity
M087,L12,Hidden Opportunity,Hidden Opportunity
M057,L12,Low Performer,Low Performer
M030,L12,Hidden Opportunity,Hidden Opportunity
M055,L12,Hidden Opportunity,Hidden Opportunity
M024,L12,Hidden Opportunity,Hidden Opportunity
M011,L12,Low Performer,Low Performer
M091,L12,Hidden Opportunity,Hidden Opportunity
M021,L12,Hidden Opportunity,Hidden Opportunity
M139,L12,Low Performer,Low Performer
M003,L12,Low Performer,Low Performer
M106,L12,Low Performer,Low Performer
M007,L12,Low Performer,Low Performer
M147,L12,Hidden Opportunity,Hidden Opportunity
M058,L12,Hidden Opportunity,Hidden Opportunity
M034,L12,Hidden Opportunity,Hidden Opportunity
M149,L12,Low Performer,Low Performer
M049,L12,Low Performer,Low Performer
M133,L12,Low Performer,Low Performer
M086,L12,Hidden Opportunity,Hidden Opportunity
M084,L12,Low Performer,Low Performer
M006,L12,Hidden Opportunity,Hidden Opportunity
M018,L13,Hidden Opportunity,Hidden Opportunity
M124,L13,Volume Driver,Volume Driver
M065,L13,Hidden Opportunity,Hidden Opportunity
M134,L13,Hidden Opportunity,Hidden Opportunity
M083,L13,Hidden Opportunity,Hidden Opportunity
M058,L13,Profit Driver,Profit Driver
M025,L13,Hidden Opportunity,Hidden Opportunity
M064,L13,Low Performer,Low Performer
M070,L13,Profit Driver,Hidden Opportunity
M033,L13,Low Performer,Low Performer
M132,L13,Hidden Opportunity,Hidden Opportunity
M117,L13,Hidden Opportunity,Hidden Opportunity
M130,L13,Hidden Opportunity,Hidden Opportunity
M150,L13,Low Performer,Low Performer
M145,L13,Hidden Opportunity,Hidden Opportunity
M110,L13,Low Performer,Low Performer
M097,L13,Hidden Opportunity,Hidden Opportunity
M071,L13,Hidden Opportunity,Hidden Opportunity
M014,L13,Low Performer,Low Performer
M027,L13,Volume Driver,Volume Driver
M038,L13,Low Performer,Low Performer
M072,L13,Low Performer,Low Performer
M077,L13,Hidden Opportunity,Hidden Opportunity
M148,L13,Hidden Opportunity,Hidden Opportunity
M029,L13,Profit Driver,Profit Driver
M069,L13,Hidden Opportunity,Hidden Opportunity
M096,L13,Low Performer,Low Performer
M112,L13,Low Performer,Low Performer
M054,L13,Hidden Opportunity,Hidden Opportunity
M087,L13,Hidden Opportunity,Hidden Opportunity
M144,L13,Hidden Opportunity,Hidden Opportunity
M100,L13,Low Performer,Low Performer
M136,L13,Low Performer,Low Performer
M079,L13,Hidden Opportunity,Hidden Opportunity
M113,L13,Hidden Opportunity,Hidden Opportunity
M108,L13,Low Performer,Low Performer
M086,L13,Hidden Opportunity,Hidden Opportunity
M048,L13,Low Performer,Low Performer
M068,L13,Hidden Opportunity,Hidden Opportunity
M149,L13,Low Performer,Low Performer
M034,L13,Hidden Opportunity,Hidden Opportunity
M066,L13,Low Performer,Low Performer
M051,L13,Hidden Opportunity,Hidden Opportunity
M032,L13,Hidden Opportunity,Hidden Opportunity
M095,L13,Hidden Opportunity,Hidden Opportunity
M043,L13,Hidden Opportunity,Hidden Opportunity
M123,L13,Low Performer,Low Performer
M041,L13,Low Performer,Low Performer
M036,L13,Hidden Opportunity,Hidden Opportunity
M026,L13,Low Performer,Low Performer
M101,L13,Low Performer,Low Performer
M135,L13,Hidden Opportunity,Hidden Opportunity
M040,L13,Volume Driver,Volume Driver
M081,L13,Hidden Opportunity,Hidden Opportunity
M046,L13,Hidden Opportunity,Hidden Opportunity
M129,L13,Hidden Opportunity,Hidden Opportunity
M116,L13,Low Performer,Low Performer
M023,L13,Low Performer,Low Performer
M003,L13,Low Performer,Low Performer
M121,L13,Hidden Opportunity,Hidden Opportunity
M131,L13,Low Performer,Low Performer
M008,L13,Hidden Opportunity,Hidden Opportunity
M050,L13,Hidden Opportunity,Hidden Opportunity
M091,L13,Hidden Opportunity,Hidden Opportunity
M062,L13,Low Performer,Low Performer
M057,L13,Low Performer,Low Performer
M052,L13,Low Performer,Low Performer
M078,L13,Low Performer,Low Performer
M006,L13,Hidden Opportunity,Hidden Opportunity
M085,L13,Volume Driver,Volume Driver
M140,L13,Volume Driver,Volume Driver
M103,L13,Profit Driver,Profit Driver
M118,L13,Volume Driver,Volume Driver
M098,L13,Hidden Opportunity,Hidden Opportunity
M105,L13,Hidden Opportunity,Hidden Opportunity
M045,L13,Low Performer,Low Performer
M102,L13,Hidden Opportunity,Hidden Opportunity
M013,L13,Low Performer,Low Performer
M021,L13,Hidden Opportunity,Hidden Opportunity
M002,L13,Hidden Opportunity,Hidden Opportunity
M120,L13,Hidden Opportunity,Hidden Opportunity
M099,L13,Low Performer,Low Performer
M073,L13,Hidden Opportunity,Hidden Opportunity
M119,L13,Hidden Opportunity,Hidden Opportunity
M146,L13,Hidden Opportunity,Hidden Opportunity
M042,L13,Profit Driver,Profit Driver
M056,L13,Hidden Opportunity,Hidden Opportunity
M004,L13,Low Performer,Low Performer
M074,L13,Hidden Opportunity,Hidden Opportunity
M092,L13,Hidden Opportunity,Hidden Opportunity
M142,L13,Hidden Opportunity,Hidden Opportunity
M082,L13,Low Performer,Low Performer
M007,L13,Low Performer,Low Performer
M141,L13,Profit Driver,Profit Driver
M114,L13,Low Performer,Low Performer
M012,L13,Low Performer,Low Performer
M088,L13,Hidden Opportunity,Hidden Opportunity
M009,L13,Low Performer,Low Performer
M093,L13,Hidden Opportunity,Hidden Opportunity
M060,L13,Hidden Opportunity,Hidden Opportunity
M049,L13,Low Performer,Low Performer
M080,L13,Hidden Opportunity,Hidden Opportunity
M017,L13,Hidden Opportunity,Hidden Opportunity
M031,L13,Hidden Opportunity,Hidden Opportunity
M019,L13,Hidden Opportunity,Hidden Opportunity
M037,L13,Hidden Opportunity,Hidden Opportunity
M010,L13,Hidden Opportunity,Hidden Opportunity
M053,L13,Hidden Opportunity,Hidden Opportunity
M076,L13,Low Performer,Low Performer
M028,L13,Hidden Opportunity,Hidden Opportunity
M024,L13,Hidden Opportunity,Hidden Opportunity
M015,L13,Low Performer,Low Performer
M016,L13,Low Performer,Low Performer
M139,L13,Low Performer,Low Performer
M020,L13,Volume Driver,Volume Driver
M089,L13,Hidden Opportunity,Hidden Opportunity
M039,L13,Low Performer,Low Performer
M075,L13,Low Performer,Low Performer
M094,L13,Low Performer,Low Performer
M090,L13,Hidden Opportunity,Hidden Opportunity
M122,L13,Hidden Opportunity,Hidden Opportunity
M063,L13,Low Performer,Low Performer
M127,L13,Hidden Opportunity,Hidden Opportunity
M005,L13,Low Performer,Low Performer
M067,L13,Profit Driver,Profit Driver
M044,L13,Low Performer,Low Performer
M011,L13,Low Performer,Low Performer
M138,L13,Hidden Opportunity,Hidden Opportunity
M084,L13,Low Performer,Low Performer
M107,L13,Low Performer,Low Performer
M061,L13,Hidden Opportunity,Hidden Opportunity
M047,L13,Hidden Opportunity,Hidden Opportunity
M111,L13,Low Performer,Low Performer
M104,L13,Hidden Opportunity,Hidden Opportunity
M022,L13,Hidden Opportunity,Hidden Opportunity
M143,L13,Low Performer,Low Performer
M126,L13,Hidden Opportunity,Hidden Opportunity
M059,L13,Hidden Opportunity,Hidden Opportunity
M030,L13,Hidden Opportunity,Hidden Opportunity
M055,L13,Hidden Opportunity,Hidden Opportunity
M137,L13,Low Performer,Low Performer
M147,L13,Hidden Opportunity,Hidden Opportunity
M001,L13,Hidden Opportunity,Hidden Opportunity
M109,L13,Hidden Opportunity,Hidden Opportunity
M133,L13,Low Performer,Low Performer
M115,L13,Hidden Opportunity,Hidden Opportunity
M106,L13,Low Performer,Low Performer
M125,L13,Hidden Opportunity,Hidden Opportunity
M035,L13,Low Performer,Low Performer
M128,L13,Low Performer,Low Performer
M091,L17,Hidden Opportunity,Hidden Opportunity
M012,L17,Low Performer,Low Performer
M058,L17,Profit Driver,Profit Driver
M019,L17,Hidden Opportunity,Hidden Opportunity
M135,L17,Profit Driver,Profit Driver
M048,L17,Low Performer,Low Performer
M017,L17,Hidden Opportunity,Hidden Opportunity
M115,L17,Hidden Opportunity,Hidden Opportunity
M101,L17,Low Performer,Low Performer
M089,L17,Hidden Opportunity,Hidden Opportunity
M054,L17,Hidden Opportunity,Hidden Opportunity
M105,L17,Hidden Opportunity,Hidden Opportunity
M150,L17,Low Performer,Low Performer
M082,L17,Low Performer,Low Performer
M092,L17,Hidden Opportunity,Hidden Opportunity
M043,L17,Hidden Opportunity,Hidden Opportunity
M016,L17,Low Performer,Low Performer
M106,L17,Low Performer,Low Performer
M008,L17,Hidden Opportunity,Hidden Opportunity
M124,L17,Volume Driver,Volume Driver
M117,L17,Profit Driver,Profit Driver
M015,L17,Volume Driver,Volume Driver
M103,L17,Profit Driver,Profit Driver
M147,L17,Hidden Opportunity,Hidden Opportunity
M132,L17,Hidden Opportunity,Profit Driver
M011,L17,Low Performer,Low Performer
M018,L17,Hidden Opportunity,Profit Driver
M007,L17,Low Performer,Low Performer
M107,L17,Low Performer,Low Performer
M080,L17,Hidden Opportunity,Hidden Opportunity
M064,L17,Low Performer,Low Performer
M122,L17,Hidden Opportunity,Hidden Opportunity
M148,L17,Hidden Opportunity,Hidden Opportunity
M047,L17,Hidden Opportunity,Hidden Opportunity
M141,L17,Profit Driver,Profit Driver
M145,L17,Hidden Opportunity,Hidden Opportunity
M057,L17,Low Performer,Low Performer
M031,L17,Hidden Opportunity,Hidden Opportunity
M004,L17,Low Performer,Low Performer
M078,L17,Low Performer,Low Performer
M126,L17,Hidden Opportunity,Hidden Opportunity
M087,L17,Hidden Opportunity,Hidden Opportunity
M071,L17,Hidden Opportunity,Hidden Opportunity
M118,L17,Volume Driver,Volume Driver
M059,L17,Hidden Opportunity,Profit Driver
M034,L17,Hidden Opportunity,Hidden Opportunity
M111,L17,Low Performer,Low Performer
M051,L17,Hidden Opportunity,Hidden Opportunity
M039,L17,Low Performer,Volume Driver
M014,L17,Low Performer,Low Performer
M072,L17,Low Performer,Low Performer
M098,L17,Hidden Opportunity,Hidden Opportunity
M114,L17,Low Performer,Low Performer
M069,L17,Hidden Opportunity,Hidden Opportunity
M138,L17,Hidden Opportunity,Hidden Opportunity
M006,L17,Hidden Opportunity,Hidden Opportunity
M120,L17,Hidden Opportunity,Hidden Opportunity
M040,L17,Low Performer,Low Performer
M109,L17,Hidden Opportunity,Hidden Opportunity
M052,L17,Low Performer,Low Performer
M045,L17,Low Performer,Volume Driver
M030,L17,Hidden Opportunity,Profit Driver
M110,L17,Low Performer,Low Performer
M095,L17,Hidden Opportunity,Hidden Opportunity
M081,L17,Hidden Opportunity,Hidden Opportunity
M116,L17,Low Performer,Low Performer
M041,L17,Low Performer,Low Performer
M136,L17,Low Performer,Low Performer
M123,L17,Low Performer,Low Performer
M024,L17,Hidden Opportunity,Hidden Opportunity
M021,L17,Hidden Opportunity,Hidden Opportunity
M044,L17,Volume Driver,Volume Driver
M113,L17,Profit Driver,Profit Driver
M026,L17,Low Performer,Volume Driver
M033,L17,Low Performer,Low Performer
M062,L17,Low Performer,Low Performer
M020,L17,Low Performer,Low Performer
M140,L17,Volume Driver,Volume Driver
M084,L17,Low Performer,Low Performer
M077,L17,Hidden Opportunity,Hidden Opportunity
M090,L17,Hidden Opportunity,Hidden Opportunity
M036,L17,Hidden Opportunity,Hidden Opportunity
M134,L17,Hidden Opportunity,Hidden Opportunity
M002,L17,Hidden Opportunity,Hidden Opportunity
M104,L17,Hidden Opportunity,Hidden Opportunity
M125,L17,Hidden Opportunity,Hidden Opportunity
M146,L17,Hidden Opportunity,Hidden Opportunity
M061,L17,Hidden Opportunity,Hidden Opportunity
M028,L17,Hidden Opportunity,Hidden Opportunity
M131,L17,Low Performer,Low Performer
M056,L17,Hidden Opportunity,Hidden Opportunity
M099,L17,Low Performer,Low Performer
M097,L17,Hidden Opportunity,Hidden Opportunity
M130,L17,Hidden Opportunity,Hidden Opportunity
M079,L17,Profit Driver,Profit Driver
M108,L17,Low Performer,Low Performer
M022,L17,Hidden Opportunity,Hidden Opportunity
M063,L17,Low Performer,Low Performer
M088,L17,Hidden Opportunity,Hidden Opportunity
M060,L17,Hidden Opportunity,Hidden Opportunity
M149,L17,Low Performer,Low Performer
M046,L17,Hidden Opportunity,Hidden Opportunity
M127,L17,Hidden Opportunity,Hidden Opportunity
M023,L17,Low Performer,Low Performer
M005,L17,Low Performer,Low Performer
M066,L17,Low Performer,Low Performer
M010,L17,Hidden Opportunity,Hidden Opportunity
M003,L17,Low Performer,Low Performer
M076,L17,Low Performer,Volume Driver
M073,L17,Hidden Opportunity,Hidden Opportunity
M009,L17,Volume Driver,Volume Driver
M121,L17,Hidden Opportunity,Hidden Opportunity
M096,L17,Low Performer,Low Performer
M139,L17,Low Performer,Low Performer
M068,L17,Hidden Opportunity,Hidden Opportunity
M093,L17,Hidden Opportunity,Hidden Opportunity
M065,L17,Hidden Opportunity,Hidden Opportunity
M013,L17,Low Performer,Low Performer
M029,L17,Profit Driver,Profit Driver
M112,L17,Low Performer,Low Performer
M119,L17,Hidden Opportunity,Hidden Opportunity
M032,L17,Hidden Opportunity,Hidden Opportunity
M037,L17,Hidden Opportunity,Hidden Opportunity
M142,L17,Hidden Opportunity,Hidden Opportunity
M042,L17,Hidden Opportunity,Hidden Opportunity
M055,L17,Hidden Opportunity,Hidden Opportunity
M050,L17,Hidden Opportunity,Hidden Opportunity
M133,L17,Low Performer,Low Performer
M144,L17,Hidden Opportunity,Hidden Opportunity
M070,L17,Profit Driver,Profit Driver
M085,L17,Volume Driver,Volume Driver
M100,L17,Low Performer,Low Performer
M137,L17,Low Performer,Low Performer
M035,L17,Low Performer,Low Performer
M143,L17,Low Performer,Low Performer
M067,L17,Profit Driver,Profit Driver
M102,L17,Hidden Opportunity,Hidden Opportunity
M027,L17,Low Performer,Volume Driver
M025,L17,Hidden Opportunity,Profit Driver
M053,L17,Hidden Opportunity,Hidden Opportunity
M129,L17,Hidden Opportunity,Hidden Opportunity
M049,L17,Low Performer,Volume Driver
M038,L17,Low Performer,Low Performer
M083,L17,Hidden Opportunity,Hidden Opportunity
M086,L17,Hidden Opportunity,Hidden Opportunity
M075,L17,Low Performer,Low Performer
M094,L17,Low Performer,Volume Driver
M001,L17,Hidden Opportunity,Hidden Opportunity
M074,L17,Hidden Opportunity,Hidden Opportunity
M128,L17,Low Performer,Low Performer
